frame,seq,spr,tobi,ofi,emadev,mom,tflow
0,0,150,-2,-2,0,334,-2
1,1,150,-2,0,0,334,-2
2,2,150,8,10,0,334,-2
3,3,90,-180,-188,60,394,-2
4,4,40,-180,0,7,344,-2
5,5,100,8,188,-54,284,-2
6,6,100,8,0,-50,284,-2
7,7,29,0,-8,24,355,-2
8,8,29,0,0,23,21,-2
9,9,100,8,8,-50,-50,-2
10,10,150,8,0,3,0,-2
11,11,80,8,0,-67,-130,-2
12,12,80,108,100,-63,-80,98
13,13,80,108,0,-59,-20,98
14,14,80,108,0,-55,-20,98
15,15,20,0,-108,9,-31,98
16,16,80,108,108,-52,-91,98
17,17,10,900,792,21,50,98
18,18,10,700,-200,20,0,-102
19,19,10,760,60,19,70,-42
20,20,10,760,0,18,70,-42
21,21,10,745,-15,17,70,-57
22,22,10,745,0,16,70,-57
23,23,10,700,-45,15,10,-102
24,24,80,340,-360,84,140,-62
25,25,80,340,0,79,70,-62
26,26,80,320,-20,74,70,-82
27,27,80,317,-3,69,70,-85
28,28,89,-385,-702,56,61,-85
29,29,19,5,390,-17,-9,-85
30,30,19,5,0,-16,-9,-85
31,31,19,5,0,-15,-9,-85
32,32,89,-385,-390,56,-9,-85
33,33,14,-2985,-2600,-23,-84,-85
34,34,4,8,2993,-31,-94,-85
35,35,4,8,0,-29,-94,-85
36,36,5,-3,-11,-28,-86,-100
37,37,15,2493,2496,-36,-26,-104
38,38,10,-381,-2874,-39,-31,-104
39,39,10,-374,7,-37,-31,-97
40,40,10,-374,0,-34,-101,-97
41,41,10,-374,0,-32,-26,-97
42,42,10,-274,100,-30,-16,3
43,43,10,-174,100,-28,-16,103
44,44,10,-74,100,-26,-15,203
45,45,10,26,100,-25,-5,303
46,46,60,-2464,-2490,-73,-50,303
47,47,25,26,2490,-33,-15,303
48,48,25,526,500,-31,-15,805
49,49,20,2400,1874,-34,-20,805
50,50,25,526,-1874,-27,-15,805
51,51,20,2400,1874,-30,-20,805
52,52,25,526,-1874,-23,-15,1105
53,53,20,2400,1874,-27,-20,1105
54,54,25,526,-1874,-20,35,1145
55,55,20,2400,1874,-24,-5,1145
56,56,25,526,-1874,-17,0,1145
57,57,25,526,0,-16,5,1145
58,58,25,526,0,-15,0,1145
59,59,15,2493,1967,-24,-5,1145
60,60,25,526,-1967,-12,0,1167
61,61,5,-981,-1507,8,25,1167
62,62,5,-981,0,8,20,1167
63,63,5,-981,0,7,25,1167
64,64,25,526,1507,-13,0,1167
65,65,25,1219,693,-12,0,1905
66,66,60,-1271,-2490,-46,-35,1905
67,67,60,-1271,0,-43,-25,1905
68,68,60,-1171,100,-41,-35,1965
69,69,60,-1021,150,-38,-55,2135
70,70,60,-1021,0,-36,-55,2135
71,71,59,0,1021,-34,-56,2135
72,72,59,0,0,-32,-36,2135
73,73,59,0,0,-30,-36,2135
74,74,59,0,0,-28,-1,2135
75,75,50,-140,-140,-35,-10,2135
76,76,18,-50,90,-1,22,2135
77,77,50,-140,-90,-33,-10,2135
78,78,50,-42,98,-31,-10,2236
79,79,59,0,42,-20,0,2303
80,80,60,-1021,-1021,-17,1,2317
81,81,60,-483,538,-16,1,2848
82,82,60,-186,297,-15,1,3045
83,83,150,-530,-344,76,100,3141
84,84,90,-536,-6,131,128,3141
85,85,150,-530,6,63,100,3141
86,86,60,3,533,-31,10,3141
87,87,60,3,0,-29,1,3141
88,88,60,3,0,-27,0,3141
89,89,58,-1990,-1993,-27,-2,3141
90,90,58,-1990,0,-26,-2,3141
91,91,58,-1990,0,-24,-92,3141
92,92,58,-1990,0,-22,-152,3141
93,93,58,-1990,0,-21,-92,3141
94,94,58,-1990,0,-20,-2,3141
95,95,58,-1990,0,-18,-2,3141
96,96,58,-1270,720,-17,-2,3761
97,97,58,-280,990,-16,0,4651
98,98,58,-80,200,-15,0,4351
99,99,60,3,83,-12,2,4341
100,100,70,7,4,-1,12,4248
101,101,10,900,893,59,72,4248
102,102,10,900,0,55,72,4248
103,103,10,875,-25,52,72,4123
104,104,10,860,-15,49,72,4101
105,105,10,859,-1,46,72,3407
106,106,40,812,-47,73,102,3310
107,107,27,50,-762,82,113,3310
108,108,27,50,0,76,103,3310
109,109,27,250,200,72,43,3310
110,110,27,250,0,67,43,3310
111,111,27,250,0,63,43,3310
112,112,27,250,0,59,43,3310
113,113,27,50,-200,56,43,3310
114,114,25,150,100,54,15,3310
115,115,25,150,0,51,2,3310
116,116,25,150,0,48,2,3310
117,117,25,140,-10,45,2,3310
118,118,25,140,0,42,2,3310
119,119,25,140,0,40,2,3310
120,120,25,140,0,37,2,3310
121,121,25,140,0,35,2,3310
122,122,25,140,0,33,0,3310
123,123,22,170,30,28,-3,3310
124,124,22,170,0,26,-3,3310
125,125,22,170,0,24,-3,3310
126,126,22,170,0,23,-3,3310
127,127,5,190,20,5,-20,3310
128,128,5,340,150,4,-20,3310
129,129,22,320,-20,21,-3,3170
130,130,22,120,-200,20,-3,3170
131,131,22,120,0,19,0,3170
132,132,22,120,0,18,0,3170
133,133,12,-2007,-2127,7,-10,3170
134,134,14,-2057,-50,4,-12,2922
135,135,7,0,2057,-3,-2,2922
136,136,7,99,99,-3,-2,2969
137,137,7,99,0,-3,-19,2969
138,138,0,-1957,-2056,-9,-26,2969
139,139,0,-1907,50,-9,-26,3009
140,140,0,-1807,100,-8,-26,2571
141,141,0,-1707,100,-8,-16,2374
142,142,0,-1607,100,-7,-14,2278
143,143,0,-1208,399,-7,-7,1957
144,144,0,-660,548,-6,-7,1515
145,145,0,-560,100,-6,-7,1415
146,146,0,-460,100,-5,0,1425
147,147,0,-460,0,-5,0,1425
148,148,0,-360,100,-4,0,1518
149,149,0,-360,0,-4,0,1518
150,150,0,-360,0,-4,0,1518
151,151,0,-260,100,-4,0,1643
152,152,0,-260,0,-3,0,1643
153,153,0,-260,0,-3,0,1643
154,154,0,-260,0,-3,0,1643
155,155,0,-260,0,-3,0,1643
156,156,0,-160,100,-2,0,1758
157,157,0,-160,0,-2,0,1758
158,158,0,-160,0,-2,0,1758
159,159,0,-106,54,-2,0,1813
160,160,7,99,205,5,7,2016
161,161,7,293,194,5,7,2016
162,162,7,293,0,5,7,2016
163,163,7,293,0,5,7,2016
164,164,7,193,-100,4,7,1906
165,165,7,193,0,4,7,1906
166,166,7,194,1,4,7,1906
167,167,7,194,0,4,7,1906
168,168,7,194,0,4,0,1906
169,169,7,194,0,3,0,1906
170,170,7,194,0,3,0,1906
171,171,7,194,0,3,0,1906
172,172,24,165,-29,20,17,2057
173,173,24,171,6,19,17,1964
174,174,24,77,-94,18,17,1820
175,175,24,76,-1,17,17,1719
176,176,24,76,0,16,17,1614
177,177,24,76,0,15,17,1614
178,178,24,76,0,14,17,1614
179,179,24,76,0,13,17,1614
180,180,24,76,0,12,0,1614
181,181,24,76,0,12,0,1614
182,182,24,76,0,11,0,1614
183,183,24,76,0,10,0,1614
184,184,24,76,0,10,0,1614
185,185,17,16,-60,16,7,1614
186,186,24,76,60,8,0,1614
187,187,12,16,-60,20,12,1614
188,188,12,16,0,19,12,1614
189,189,24,76,60,5,0,1614
190,190,24,76,0,5,0,1614
191,191,24,76,0,5,0,1614
192,192,12,99,23,-7,-12,1614
193,193,12,99,0,-7,-19,1614
194,194,12,99,0,-6,-12,1399
195,195,12,99,0,-6,-24,1399
196,196,12,99,0,-5,-24,1399
197,197,12,99,0,-5,-12,1399
198,198,12,99,0,-5,-12,1399
199,199,12,99,0,-4,-12,1399
200,200,10,499,400,-2,2,1399
201,201,10,499,0,-2,2,1399
202,202,10,499,0,-2,2,1399
203,203,10,499,0,-1,2,1399
204,204,10,499,0,-1,2,1399
205,205,10,699,200,-1,2,1399
206,206,10,699,0,-1,2,1399
207,207,22,676,-23,11,14,1001
208,208,12,360,-316,20,22,1001
209,209,12,360,0,19,22,1001
210,210,12,360,0,18,22,1001
211,211,12,360,0,17,22,1001
212,212,5,176,-184,23,29,1001
213,213,12,360,184,15,22,253
214,214,12,235,-125,14,22,28
215,215,12,235,0,13,10,28
216,216,12,235,0,12,0,28
217,217,12,35,-200,12,0,-272
218,218,22,476,441,1,-10,-272
219,219,17,176,-300,6,-5,-272
220,220,17,176,0,6,-12,-272
221,221,22,476,300,0,-10,-572
222,222,22,476,0,0,-10,-572
223,223,22,476,0,0,-10,-572
224,224,22,476,0,0,-10,-572
225,225,22,476,0,0,-10,-572
226,226,22,476,0,0,0,-572
227,227,22,476,0,0,-5,-572
228,228,5,490,14,-17,-22,-572
229,229,5,483,-7,-15,-17,-572
230,230,5,483,0,-14,-17,-572
231,231,5,483,0,-14,-17,-572
232,232,5,283,-200,-13,-17,-872
233,233,5,183,-100,-12,-17,-1072
234,234,5,193,10,-11,-17,-1116
235,235,22,176,-17,7,0,-1315
236,236,24,-200,-376,8,19,-1191
237,237,24,-100,100,8,19,-1092
238,238,24,80,180,8,19,-918
239,239,24,80,0,7,19,-918
240,240,24,80,0,7,19,-918
241,241,24,80,0,6,19,-918
242,242,24,80,0,6,19,-918
243,243,24,92,12,6,2,-812
244,244,24,92,0,5,0,-812
245,245,15,194,102,-4,-9,-812
246,246,15,194,0,-4,-9,-812
247,247,22,165,-29,4,-2,-805
248,248,22,169,4,4,-2,-796
249,249,22,169,0,3,-2,-796
250,250,22,169,0,3,-2,-796
251,251,15,186,17,-4,-9,-796
252,252,15,186,0,-4,-9,-796
253,253,15,186,0,-3,0,-796
254,254,15,186,0,-3,0,-796
255,255,15,186,0,-3,-7,-796
256,0,15,186,0,-3,-7,-796
257,1,15,176,-10,-2,-7,-796
258,2,15,190,14,-2,-7,-667
259,3,22,169,-21,5,7,-658
260,4,7,45,-124,20,22,-658
261,5,7,35,-10,19,22,-468
262,6,22,169,134,2,7,-409
263,7,7,-25,-194,17,22,-409
264,8,22,169,194,1,7,-215
265,9,15,199,30,-6,0,-215
266,10,2,111,-88,-18,-13,-215
267,11,2,161,50,-17,-20,35
268,12,2,193,32,-16,-35,267
269,13,15,199,6,-2,-22,374
270,14,22,169,-30,5,0,365
271,15,22,169,0,5,-15,365
272,16,15,193,24,-2,-7,365
273,17,15,184,-9,-2,0,365
274,18,15,184,0,-2,13,365
275,19,15,84,-100,-2,13,258
276,20,15,84,0,-1,13,258
277,21,15,84,0,-1,0,258
278,22,15,84,0,-1,-7,258
279,23,15,84,0,-1,-7,258
280,24,15,77,-7,-1,0,258
281,25,15,84,7,-1,0,258
282,26,14,93,9,-2,-1,258
283,27,15,84,-9,0,0,258
284,28,13,93,9,-2,-2,258
285,29,15,84,-9,0,0,258
286,30,12,93,9,-3,-3,258
287,31,12,93,0,-3,-3,258
288,32,15,77,-16,0,0,258
289,33,11,93,16,-4,-4,258
290,34,15,77,-16,1,1,258
291,35,10,93,16,-4,-5,258
292,36,15,77,-16,1,2,258
293,37,9,93,16,-5,-6,258
294,38,15,77,-16,1,3,258
295,39,8,93,16,-6,-4,258
296,40,15,77,-16,2,0,258
297,41,7,93,16,-6,-4,258
298,42,15,77,-16,2,0,258
299,43,6,93,16,-7,-4,258
300,44,15,77,-16,3,0,258
301,45,15,77,0,3,6,258
302,46,15,70,-7,2,0,258
303,47,5,-731,-801,-8,-3,258
304,48,5,-731,0,-7,-10,258
305,49,5,-704,27,-7,-2,261
306,50,7,-704,0,-8,-12,61
307,51,7,-704,0,-8,-3,61
308,52,2,-8,696,-12,-17,61
309,53,2,-8,0,-11,-17,61
310,54,-3,69,77,-15,-22,61
311,55,-3,69,0,-14,-12,61
312,56,-3,69,0,-14,-12,61
313,57,-3,69,0,-13,-12,61
314,58,2,-8,-77,-7,-5,-88
315,59,7,-704,-696,-1,0,8
316,60,7,-704,0,-1,5,8
317,61,7,-704,0,-1,5,8
318,62,7,-704,0,-1,10,8
319,63,7,-704,0,-1,10,8
320,64,7,-724,-20,-1,10,8
321,65,7,-724,0,-1,10,8
322,66,-3,-150,574,-10,-5,8
323,67,-3,-150,0,-10,-10,8
324,68,-3,50,200,-9,-10,202
325,69,-3,55,5,-8,-10,203
326,70,-3,55,0,-8,-10,203
327,71,-3,35,-20,-7,-10,203
328,72,-3,35,0,-7,-10,203
329,73,-3,35,0,-6,-10,203
330,74,-3,35,0,-6,0,203
331,75,-3,35,0,-5,0,203
332,76,-3,35,0,-5,0,203
333,77,-3,35,0,-5,0,203
334,78,-3,35,0,-4,0,203
335,79,-3,35,0,-4,0,203
336,80,-3,80,45,-4,0,234
337,81,7,-704,-784,7,10,244
338,82,7,-704,0,6,10,244
339,83,7,-704,0,6,10,154
340,84,7,-704,0,6,10,219
341,85,7,-704,0,5,10,219
342,86,7,-704,0,5,10,219
343,87,7,-229,475,5,10,700
344,88,7,-159,70,5,10,720
345,89,17,-12,147,14,10,947
346,90,17,-12,0,13,10,947
347,91,17,-12,0,13,10,947
348,92,17,-12,0,12,10,947
349,93,15,288,300,13,12,947
350,94,15,288,0,12,12,947
351,95,15,288,0,12,12,947
352,96,15,288,0,11,12,947
353,97,15,288,0,10,2,947
354,98,15,288,0,10,2,947
355,99,15,288,0,9,2,947
356,100,15,295,7,9,2,947
357,101,15,304,9,8,0,955
358,102,15,311,7,8,0,1062
359,103,15,318,7,7,0,1042
360,104,15,327,9,7,0,1151
361,105,15,334,7,7,0,1127
362,106,15,355,21,6,0,1040
363,107,15,362,7,6,0,847
364,108,15,368,6,6,0,848
365,109,15,375,7,5,0,810
366,110,15,388,13,5,0,803
367,111,15,388,0,5,0,803
368,112,15,388,0,5,0,803
369,113,15,388,0,4,0,803
370,114,15,388,0,4,0,803
371,115,15,388,0,4,0,803
372,116,15,388,0,4,0,803
373,117,15,388,0,4,0,803
374,118,17,88,-300,1,-2,803
375,119,17,88,0,1,-2,803
376,120,17,58,-30,1,-2,803
377,121,17,62,4,1,-2,907
378,122,17,70,8,1,-2,916
379,123,17,83,13,1,-2,454
380,124,17,83,0,1,-2,454
381,125,17,83,0,1,-2,454
382,126,17,83,0,1,0,454
383,127,17,83,0,1,0,454
384,128,17,83,0,1,0,454
385,129,17,83,0,1,0,454
386,130,25,0,-83,9,8,401
387,131,25,83,83,9,8,225
388,132,27,-964,-1047,10,10,235
389,133,27,-914,50,10,10,276
390,134,27,-904,10,9,10,279
391,135,27,-900,4,9,10,276
392,136,27,-631,269,8,10,536
393,137,27,-631,0,8,10,536
394,138,27,-631,0,7,2,536
395,139,37,0,631,17,12,1260
396,140,37,50,50,16,10,1289
397,141,45,-50,-100,23,18,1332
398,142,43,-50,0,24,20,1332
399,143,43,-50,0,22,20,1332
400,144,33,97,147,11,10,1332
401,145,33,97,0,10,10,1332
402,146,32,197,100,11,11,1332
403,147,32,197,0,10,1,1332
404,148,31,97,-100,11,2,1332
405,149,32,197,100,9,-7,1332
406,150,28,97,-100,12,-5,1332
407,151,28,97,0,12,-5,1332
408,152,26,97,0,13,7,1332
409,153,28,97,0,10,5,1332
410,154,32,197,100,6,0,1332
411,155,26,97,-100,11,6,1332
412,156,36,-100,-197,21,15,1329
413,157,18,-180,-80,38,34,1329
414,158,18,-180,0,35,30,1329
415,159,18,-180,0,33,30,1329
416,160,18,-180,0,31,28,1329
417,161,18,-59,121,29,30,1329
418,162,18,-79,-20,27,34,1302
419,163,18,-85,-6,26,28,1283
420,164,18,-111,-26,24,18,1253
421,165,18,-111,0,23,0,1253
422,166,18,-111,0,21,0,1253
423,167,18,-111,0,20,0,1253
424,168,18,-111,0,19,0,1253
425,169,10,59,170,10,-8,1253
426,170,34,170,111,-15,-32,1156
427,171,24,-211,-381,-24,-42,1156
428,172,24,-111,100,-22,-42,1243
429,173,24,-11,100,-21,-42,1326
430,174,24,89,100,-19,-42,1343
431,175,20,-86,-175,-14,-38,1343
432,176,20,-136,-50,-13,-38,1343
433,177,20,-136,0,-12,-30,1343
434,178,20,-136,0,-11,-6,1343
435,179,20,-136,0,-11,4,1343
436,180,20,-136,0,-10,4,1343
437,181,20,-136,0,-9,4,1343
438,182,20,-136,0,-9,4,1343
439,183,9,39,175,3,11,1343
440,184,9,-61,-100,3,11,1226
441,185,20,-136,-75,-8,0,1076
442,186,20,-86,50,-8,0,1076
443,187,20,-86,0,-7,0,1076
444,188,22,189,275,-9,-2,1041
445,189,40,100,-89,10,16,1148
446,190,40,100,0,9,16,1148
447,191,40,100,0,9,5,1148
448,192,40,100,0,8,5,1148
449,193,40,100,0,8,16,1148
450,194,22,-179,-279,26,34,1148
451,195,22,-179,0,24,34,1148
452,196,22,-179,0,23,36,1148
453,197,22,-179,0,21,18,1148
454,198,4,-9,170,2,0,1148
455,199,4,-9,0,2,0,1148
456,200,4,-9,0,2,0,1148
457,201,4,-9,0,2,0,1148
458,202,22,270,279,-16,-36,858
459,203,7,-4679,-4949,-30,-51,858
460,204,7,-4652,27,-28,-51,154
461,205,7,-4602,50,-27,-51,154
462,206,7,-4602,0,-25,-33,154
463,207,7,-3602,1000,-23,-33,1104
464,208,7,-3502,100,-22,-33,1201
465,209,7,-2502,1000,-20,-33,2221
466,210,7,-1502,1000,-19,-15,3227
467,211,7,-1402,100,-18,0,3353
468,212,7,-1302,100,-17,0,3542
469,213,7,-902,400,-15,0,3842
470,214,7,-802,100,-14,0,3842
471,215,7,-702,100,-14,0,3842
472,216,7,-652,50,-13,0,3992
473,217,7,-752,-100,-12,0,3992
474,218,7,-652,100,-11,0,4117
475,219,7,-552,100,-10,0,4106
476,220,7,-352,200,-10,0,4327
477,221,7,-252,100,-9,0,4400
478,222,22,170,422,7,15,4400
479,223,22,70,-100,6,15,4400
480,224,22,70,0,6,15,4400
481,225,22,70,0,6,15,4400
482,226,22,47,-23,5,15,4400
483,227,22,147,100,5,15,4400
484,228,22,147,0,5,15,4400
485,229,27,47,-100,0,10,4150
486,230,2,-200,-247,-25,-30,4150
487,231,2,-197,3,-24,-30,3153
488,232,2,0,197,-22,-30,3250
489,233,2,50,50,-21,-30,2300
490,234,2,-250,-300,-19,-30,2300
491,235,2,-200,50,-18,-30,1350
492,236,2,-150,50,-17,-30,1300
493,237,2,-50,100,-16,-25,1300
494,238,2,50,100,-15,0,1000
495,239,2,-250,-300,-14,0,1000
496,240,2,-220,30,-13,0,930
497,241,2,-220,0,-12,0,230
498,242,2,-220,0,-11,0,-54
499,243,2,-220,0,-10,0,-520
500,244,2,-220,0,-10,0,-1020
501,245,2,-220,0,-9,0,-1620
502,246,2,-220,0,-8,0,-2495
503,247,2,-220,0,-8,0,-2954
504,248,-3,-41,179,-12,-5,-2954
505,249,-3,-41,0,-11,-5,-2954
506,250,-3,-41,0,-11,-5,-2954
507,251,2,-220,-179,-5,0,-2954
508,252,2,-220,0,-4,0,-2954
509,253,-3,77,297,-9,-5,-2954
510,254,-3,77,0,-9,-5,-2954
511,255,-3,77,0,-8,-5,-2954
512,0,-3,77,0,-7,0,-2954
513,1,-3,77,0,-7,0,-2954
514,2,-3,98,21,-6,0,-2733
515,3,-3,98,0,-6,-5,-2733
516,4,-3,98,0,-6,-5,-2733
517,5,2,-220,-318,0,5,-2734
518,6,2,-200,20,0,5,-2911
519,7,2,75,275,0,5,-2686
520,8,2,-225,-300,0,5,-2686
521,9,2,-225,0,0,5,-2686
522,10,2,-225,0,0,5,-2686
523,11,2,-225,0,0,5,-2686
524,12,2,-225,0,0,5,-2686
525,13,2,-200,25,0,0,-2711
526,14,2,-48,152,0,0,-2609
527,15,2,-48,0,0,0,-2609
528,16,2,-48,0,0,0,-2609
529,17,2,-48,0,0,0,-2609
530,18,12,92,140,10,10,-2561
531,19,2,-200,-292,0,0,-2561
532,20,2,-600,-400,0,0,-2561
533,21,2,-300,300,0,0,-2561
534,22,2,-300,0,0,0,-2561
535,23,2,-400,-100,0,0,-2561
536,24,2,-400,0,0,0,-2561
537,25,-3,0,400,-5,-5,-2561
538,26,-10,80,80,-11,-22,-2561
539,27,-10,80,0,-11,-12,-2561
540,28,-3,0,-80,-3,-5,-2561
541,29,2,-628,-628,2,0,-2561
542,30,2,-628,0,2,0,-2561
543,31,1,-350,278,1,-1,-2561
544,32,1,-350,0,1,-1,-2561
545,33,1,-350,0,1,4,-2691
546,34,1,-350,0,1,11,-2191
547,35,1,-350,0,1,11,-2057
548,36,-23,-300,50,-23,-20,-2057
549,37,-23,-127,173,-21,-25,-1318
550,38,-23,19,146,-20,-25,-772
551,39,-23,85,66,-19,-24,-206
552,40,-23,85,0,-17,-24,-206
553,41,-23,-15,-100,-16,-24,-206
554,42,-23,-15,0,-15,-24,-206
555,43,-23,0,15,-14,-24,484
556,44,-23,99,99,-13,0,942
557,45,-23,-1,-100,-12,0,942
558,46,-23,-1,0,-12,0,942
559,47,-27,70,71,-15,-4,942
560,48,-23,-1,-71,-10,0,951
561,49,-23,0,1,-9,0,950
562,50,1,-350,-350,16,24,1030
563,51,-23,0,350,-9,0,1030
564,52,1,-350,-350,15,24,855
565,53,-23,0,350,-10,0,855
566,54,1,-350,-350,15,24,930
567,55,-23,0,350,-10,4,930
568,56,1,-350,-350,15,24,878
569,57,1,-350,0,14,24,878
570,58,1,-350,0,13,0,878
571,59,2,-128,222,13,25,878
572,60,-12,-350,-222,-1,-13,878
573,61,-12,-350,0,-1,11,878
574,62,-12,-350,0,-1,-13,878
575,63,-12,-350,0,-1,11,878
576,64,-12,-350,0,-1,-13,878
577,65,-12,-350,0,-1,-13,878
578,66,-12,-350,0,-1,-13,878
579,67,-12,-350,0,0,-14,878
580,68,2,-128,222,14,14,878
581,69,-3,-350,-222,8,9,878
582,70,-3,-350,0,7,9,878
583,71,-3,-350,0,7,9,729
584,72,-3,-350,0,7,9,729
585,73,-3,-350,0,6,9,626
586,74,-30,-97,253,-21,-18,626
587,75,-30,-92,5,-20,-18,731
588,76,-3,-350,-258,9,-5,1023
589,77,-3,-350,0,8,0,1023
590,78,-3,-350,0,8,0,1103
591,79,-3,-350,0,7,0,1103
592,80,-3,-350,0,7,0,1103
593,81,-3,-350,0,6,0,1103
594,82,-3,-350,0,6,27,1103
595,83,-3,-350,0,6,27,1103
596,84,2,-128,222,10,5,1103
597,85,2,-128,0,10,5,1103
598,86,2,-128,0,9,5,1103
599,87,2,-128,0,9,5,1103
600,88,2,-128,0,8,5,1103
601,89,2,-128,0,8,5,1103
602,90,2,-128,0,7,5,1103
603,91,2,-128,0,7,5,1103
604,92,2,-128,0,7,0,1103
605,93,2,-128,0,6,0,1103
606,94,2,-128,0,6,0,1103
607,95,-14,-27,101,-10,-16,1103
608,96,-14,-27,0,-10,-16,1103
609,97,-14,-27,0,-9,-16,1103
610,98,-15,-350,-323,-9,-17,1103
611,99,-15,-350,0,-9,-17,1103
612,100,-15,-350,0,-8,-17,1103
613,101,-15,-350,0,-8,-17,1103
614,102,-15,-350,0,-7,-17,1103
615,103,-15,-350,0,-7,-1,1103
616,104,-15,-350,0,-6,-1,1103
617,105,-15,-350,0,-6,-1,1103
618,106,-19,60,410,-9,-4,1103
619,107,-15,-350,-410,-5,0,1103
620,108,-15,-350,0,-4,0,1103
621,109,-14,-27,323,-3,1,1103
622,110,-14,-27,0,-3,1,1103
623,111,-14,-27,0,-2,1,1103
624,112,-14,-27,0,-2,1,1103
625,113,-14,-27,0,-2,1,1103
626,114,-14,-35,-8,-2,5,1103
627,115,-14,64,99,-2,1,1029
628,116,-14,64,0,-1,1,1029
629,117,-14,92,28,-1,0,911
630,118,2,-128,-220,15,16,853
631,119,2,-128,0,14,16,853
632,120,2,-128,0,13,16,853
633,121,2,-128,0,12,16,831
634,122,2,-128,0,12,16,831
635,123,2,-128,0,11,16,831
636,124,2,-128,0,10,16,831
637,125,2,-128,0,10,16,831
638,126,2,-128,0,9,0,831
639,127,2,-128,0,9,0,831
640,128,-3,0,128,3,-5,831
641,129,-3,0,0,3,-5,831
642,130,-3,0,0,3,-5,831
643,131,-3,0,0,3,-5,831
644,132,-3,0,0,3,-5,831
645,133,-10,7,7,-4,-12,831
646,134,-10,7,0,-4,-12,831
647,135,-3,0,-7,3,-5,825
648,136,-3,0,0,3,0,825
649,137,-3,0,0,3,0,825
650,138,-3,0,0,3,0,825
651,139,-3,0,0,3,0,825
652,140,-3,0,0,3,0,825
653,141,-3,0,0,2,7,488
654,142,2,-128,-128,7,12,587
655,143,-3,90,218,2,0,587
656,144,-3,90,0,2,0,587
657,145,-3,90,0,2,0,587
658,146,2,-128,-218,7,5,497
659,147,2,-128,0,6,5,497
660,148,2,-128,0,6,5,497
661,149,2,-128,0,6,5,497
662,150,2,-128,0,5,0,497
663,151,2,-128,0,5,5,497
664,152,-11,90,218,-8,-8,497
665,153,-11,90,0,-8,-8,497
666,154,-11,90,0,-7,-13,497
667,155,-11,90,0,-7,-13,497
668,156,-1,-200,-290,4,-3,407
669,157,-1,-200,0,4,-3,407
670,158,-1,-200,0,4,-3,407
671,159,-1,-179,21,3,-3,328
672,160,2,-128,51,6,13,507
673,161,-1,-200,-72,3,10,507
674,162,-1,-194,6,3,10,514
675,163,2,-128,66,6,13,514
676,164,-1,6,134,2,0,514
677,165,2,-128,-134,5,3,611
678,166,12,-400,-272,15,13,834
679,167,10,-400,0,16,15,834
680,168,12,-400,0,13,10,834
681,169,12,-400,0,12,13,834
682,170,10,-400,0,14,15,834
683,171,10,-408,-8,13,12,634
684,172,10,-408,0,12,15,634
685,173,10,-408,0,11,12,634
686,174,10,-408,0,11,2,634
687,175,10,-408,0,10,0,634
688,176,10,-408,0,10,2,634
689,177,9,71,479,8,1,634
690,178,11,79,8,6,-3,634
691,179,11,79,0,5,-3,634
692,180,11,79,0,5,-3,634
693,181,11,79,0,5,-3,634
694,182,11,79,0,5,-3,634
695,183,11,79,0,4,-3,554
696,184,11,79,0,4,-3,554
697,185,11,79,0,4,-2,355
698,186,11,79,0,4,0,355
699,187,11,79,0,4,0,355
700,188,9,20,-59,5,2,355
701,189,9,23,3,5,2,330
702,190,9,23,0,5,2,330
703,191,11,82,59,3,0,281
704,192,11,82,0,2,0,281
705,193,11,82,0,2,0,281
706,194,11,82,0,2,0,281
707,195,11,82,0,2,0,287
708,196,11,82,0,2,-2,287
709,197,11,82,0,2,-2,119
710,198,11,82,0,2,-2,402
711,199,11,82,0,2,0,202
712,200,11,82,0,2,0,202
713,201,11,82,0,2,0,202
714,202,11,82,0,2,0,202
715,203,11,82,0,2,0,202
716,204,12,-400,-482,3,1,210
717,205,12,82,482,3,1,682
718,206,15,-20,-102,5,4,682
719,207,15,-20,0,5,4,682
720,208,15,-20,0,5,4,682
721,209,15,3,23,5,4,682
722,210,15,-1,-4,4,4,657
723,211,15,-1,0,4,4,657
724,212,15,29,30,4,3,408
725,213,26,-431,-460,15,14,492
726,214,26,-381,50,14,11,448
727,215,27,-21,360,14,12,720
728,216,27,9,30,13,12,758
729,217,27,19,10,13,12,868
730,218,41,-81,-100,26,26,1068
731,219,41,-81,0,24,26,1068
732,220,14,-199,-118,50,53,1068
733,221,14,-199,0,47,42,1068
734,222,14,-199,0,44,42,1068
735,223,41,-81,118,14,14,1064
736,224,27,100,181,-1,0,1064
737,225,27,100,0,0,0,1064
738,226,27,100,0,0,-14,1064
739,227,27,-200,-300,0,-14,1064
740,228,27,-181,19,0,-41,1124
741,229,27,-121,60,0,-41,1185
742,230,41,-81,40,14,-27,1500
743,231,41,-281,-200,13,0,1500
744,232,14,-375,-94,39,41,1500
745,233,14,-675,-300,37,41,1500
746,234,14,-685,-10,35,41,1514
747,235,14,-585,100,33,41,1714
748,236,41,-481,104,4,14,1681
749,237,41,-481,0,3,14,1681
750,238,41,-481,0,3,0,1681
751,239,41,-481,0,3,0,1681
752,240,41,-481,0,3,-27,1681
753,241,41,-481,0,3,-27,1681
754,242,41,-481,0,3,-27,1681
755,243,41,-481,0,3,-27,1681
756,244,26,-500,-19,17,15,1681
757,245,26,-500,0,16,15,1681
758,246,41,-481,19,0,0,1681
759,247,41,-381,100,0,0,1299
760,248,41,-181,200,0,0,1503
761,249,42,-381,-200,1,1,1773
762,250,45,-31,350,4,4,2183
763,251,45,-31,0,4,4,2183
764,252,45,-31,0,4,-11,2183
765,253,4,100,131,45,30,2183
766,254,4,98,-2,42,45,2131
767,255,4,98,0,40,45,2131
768,0,4,98,0,37,45,2131
769,1,4,-2,-100,35,44,1531
770,2,4,-52,-50,33,41,1451
771,3,4,-52,0,31,41,1451
772,4,4,-52,0,29,41,1451
773,5,45,-31,21,-14,-41,1451
774,6,45,-31,0,-13,-41,1451
775,7,45,-31,0,-12,-41,1451
776,8,45,-31,0,-11,-41,1451
777,9,8,350,381,26,-4,1451
778,10,8,350,0,25,-4,1451
779,11,8,350,0,23,-4,1451
780,12,8,350,0,22,-4,1451
781,13,8,340,-10,21,37,1451
782,14,8,340,0,19,37,1451
783,15,8,350,10,18,37,1451
784,16,3,490,140,12,32,1451
785,17,3,490,0,12,-5,1451
786,18,3,490,0,11,-5,1451
787,19,3,490,0,10,-5,1451
788,20,3,490,0,10,-5,1451
789,21,3,390,-100,9,-5,1341
790,22,3,390,0,9,-5,1341
791,23,3,390,0,8,-5,1341
792,24,3,390,0,8,0,1341
793,25,8,250,-140,12,5,1341
794,26,8,250,0,12,5,1252
795,27,8,250,0,11,5,1353
796,28,-6,39,-211,24,19,1353
797,29,-6,39,0,23,19,1353
798,30,-6,39,0,21,19,1353
799,31,-6,39,0,20,19,1353
800,32,-6,39,0,19,19,1353
801,33,-6,39,0,18,14,1834
802,34,-6,39,0,17,14,1779
803,35,8,250,211,2,0,1350
804,36,8,250,0,2,-14,1350
805,37,8,250,0,2,-14,1350
806,38,8,250,0,2,-14,1410
807,39,8,750,500,2,-14,1410
808,40,8,250,-500,1,-14,1410
809,41,3,350,100,6,-9,1410
810,42,3,350,0,6,-9,1410
811,43,3,350,0,6,5,1410
812,44,3,350,0,5,5,1410
813,45,-9,150,-200,17,17,1410
814,46,-9,99,-51,16,17,1259
815,47,-9,-1,-100,15,17,1174
816,48,-9,-101,-100,14,17,974
817,49,3,350,451,2,0,725
818,50,0,-125,-475,4,3,725
819,51,0,-125,0,4,3,725
820,52,0,-125,0,4,3,725
821,53,0,-125,0,4,-9,725
822,54,0,-125,0,4,-9,725
823,55,-2,50,175,5,-7,725
824,56,-2,50,0,5,-7,725
825,57,-2,50,0,5,5,725
826,58,-2,50,0,5,2,475
827,59,-2,50,0,4,2,475
828,60,-2,50,0,4,2,-10
829,61,-12,-140,-190,14,12,-10
830,62,-12,-122,18,13,12,-10
831,63,-12,-122,0,12,10,-10
832,64,-12,-132,-10,12,10,-18
833,65,-10,-135,-3,9,8,64
834,66,-2,50,185,1,0,64
835,67,-12,-120,-170,11,10,64
836,68,-2,50,170,0,0,84
837,69,-2,-120,-170,0,-10,14
838,70,-2,80,200,0,-10,14
839,71,-2,-120,-200,0,-10,14
840,72,3,350,470,-5,-15,14
841,73,-2,-44,-394,1,-8,14
842,74,-2,-44,0,1,0,14
843,75,-2,-44,0,1,-10,14
844,76,-2,-44,0,1,0,14
845,77,-2,-44,0,1,0,14
846,78,-2,-44,0,1,0,14
847,79,-2,-44,0,1,0,14
848,80,-2,-44,0,1,5,203
849,81,-2,-44,0,1,0,203
850,82,-2,-44,0,1,0,203
851,83,-2,-44,0,1,0,203
852,84,-2,-44,0,1,0,203
853,85,-2,-44,0,1,0,203
854,86,-2,-44,0,1,0,203
855,87,-2,56,100,1,0,203
856,88,-2,56,0,1,0,203
857,89,-2,56,0,1,0,203
858,90,-2,56,0,1,0,203
859,91,-2,56,0,1,0,203
860,92,-2,56,0,1,0,203
861,93,-2,-44,-100,1,0,203
862,94,-7,-50,-6,6,5,203
863,95,-7,-50,0,5,5,203
864,96,-7,-50,0,5,5,203
865,97,-7,-50,0,5,5,203
866,98,-12,350,400,9,10,203
867,99,-12,250,-100,9,10,-397
868,100,-12,250,0,8,10,-397
869,101,-12,250,0,8,10,-397
870,102,-12,250,0,8,5,-397
871,103,-12,250,0,7,5,-397
872,104,-12,250,0,7,5,-397
873,105,-12,50,-200,6,5,-602
874,106,-12,-50,-100,6,0,-513
875,107,-7,-50,0,1,-5,-663
876,108,-7,-50,0,1,-5,-663
877,109,-7,-50,0,1,-5,-663
878,110,-7,-50,0,1,-5,-663
879,111,-7,-50,0,1,-5,-663
880,112,-7,-50,0,1,-5,-663
881,113,-12,50,100,6,0,-663
882,114,-12,50,0,5,0,-611
883,115,-12,50,0,5,5,-414
884,116,-12,-50,-100,5,5,-414
885,117,-7,-50,0,0,0,-465
886,118,-7,-50,0,0,0,-465
887,119,-7,-50,0,0,0,-465
888,120,-12,50,100,5,5,-465
889,121,-12,50,0,5,0,-465
890,122,-12,50,0,4,0,-465
891,123,-12,50,0,4,0,-465
892,124,-12,50,0,4,0,-465
893,125,-12,50,0,4,5,-465
894,126,-12,50,0,4,5,-465
895,127,-12,50,0,3,5,-465
896,128,-12,50,0,3,0,-465
897,129,-12,50,0,3,0,-465
898,130,-12,47,-3,3,0,-518
899,131,-12,47,0,3,0,-518
900,132,-12,-18,-65,3,0,-598
901,133,-12,-118,-100,3,0,-688
902,134,-12,-118,0,3,0,-688
903,135,-19,-50,68,9,7,-688
904,136,-19,-50,0,9,7,-688
905,137,-19,-50,0,8,7,-688
906,138,-19,-50,0,8,7,-688
907,139,-19,-50,0,8,7,-688
908,140,-19,-50,0,7,7,-688
909,141,-19,-50,0,7,7,-688
910,142,-19,-50,0,6,7,-688
911,143,-19,-50,0,6,0,-620
912,144,-19,-50,0,6,0,1860
913,145,-12,-18,32,-2,-7,1930
914,146,-19,-50,-32,6,0,1930
915,147,-12,-18,32,-2,-7,1630
916,148,-19,-50,-32,5,0,1630
917,149,-19,-149,-99,5,0,1431
918,150,-19,-49,100,5,0,1431
919,151,-19,-49,0,5,0,1581
920,152,-19,-49,0,4,0,3896
921,153,-19,-49,0,4,7,4096
922,154,-19,-49,0,4,0,4296
923,155,-19,-49,0,4,7,4395
924,156,-19,-49,0,4,0,4383
925,157,-19,-49,0,3,0,4498
926,158,-19,-49,0,3,0,4498
927,159,-19,-49,0,3,0,4498
928,160,-19,-49,0,3,0,4498
929,161,-19,-49,0,3,0,4498
930,162,-19,-49,0,3,0,4498
931,163,-19,-49,0,3,0,4498
932,164,-19,-49,0,3,0,4498
933,165,-19,-49,0,2,0,4498
934,166,-19,-49,0,2,0,4498
935,167,-19,-49,0,2,0,4498
936,168,-19,-49,0,2,0,4498
937,169,-19,-49,0,2,0,4498
938,170,-19,-49,0,2,0,4498
939,171,-19,-49,0,2,0,4498
940,172,-19,-50,-1,2,0,4597
941,173,-19,-149,-99,2,0,4501
942,174,-12,3082,3231,-5,-7,4565
943,175,-12,3082,0,-5,-7,4565
944,176,-12,3050,-32,-4,-7,4565
945,177,-22,482,-2568,6,3,4565
946,178,-22,482,0,6,3,4675
947,179,-22,482,0,5,3,4725
948,180,-22,482,0,5,3,2475
949,181,-22,482,0,5,3,2775
950,182,-22,482,0,5,10,2935
951,183,-22,482,0,4,10,3074
952,184,-22,482,0,4,10,3074
953,185,-32,-80,-562,14,10,3074
954,186,-32,-136,-56,13,10,2968
955,187,-32,-136,0,12,10,953
956,188,-40,4495,4631,20,18,953
957,189,-40,4490,-5,18,18,848
958,190,-32,-136,-4626,9,10,848
959,191,-42,4490,4626,19,20,848
960,192,-32,-136,-4626,8,10,848
961,193,-32,-136,0,7,0,763
962,194,-48,-65,71,23,16,763
963,195,-48,-65,0,22,16,763
964,196,-48,-115,-50,20,8,613
965,197,-48,-115,0,19,8,613
966,198,-48,-145,-30,18,16,498
967,199,-22,482,627,-9,-20,478
968,200,-22,482,0,-9,-10,478
969,201,-22,482,0,-8,-10,478
970,202,-22,482,0,-7,-26,478
971,203,-22,482,0,-7,-26,478
972,204,-22,482,0,-6,-26,478
973,205,-22,482,0,-6,-26,478
974,206,-32,-50,-532,4,-16,478
975,207,-32,-50,0,4,10,478
976,208,-32,-50,0,4,10,478
977,209,-32,-50,0,4,10,478
978,210,-32,-50,0,4,10,478
979,211,-32,-50,0,3,10,478
980,212,-32,-50,0,3,10,478
981,213,-22,482,532,-7,0,478
982,214,-22,482,0,-6,-10,478
983,215,-22,482,0,-6,-10,478
984,216,-22,482,0,-5,-10,478
985,217,-22,482,0,-5,-10,478
986,218,-22,482,0,-5,-10,478
987,219,-22,482,0,-4,-10,478
988,220,-22,482,0,-4,-10,478
989,221,-22,482,0,-4,0,478
990,222,-22,482,0,-3,0,478
991,223,-22,482,0,-3,0,478
992,224,-22,482,0,-3,0,489
993,225,-32,-50,-532,7,10,489
994,226,-22,482,532,-3,0,488
995,227,-32,-50,-532,7,10,488
996,228,-22,482,532,-3,0,389
997,229,-32,-50,-532,7,10,389
998,230,-22,482,532,-3,0,279
999,231,-32,-50,-532,7,10,279
1000,232,-32,-50,0,7,10,279
1001,233,-32,-50,0,6,0,279
1002,234,-32,-50,0,6,10,279
1003,235,-32,-50,0,6,0,369
1004,236,-32,-50,0,5,10,329
1005,237,-32,-50,0,5,0,229
1006,238,-32,-50,0,5,10,229
1007,239,-32,-50,0,5,0,229
1008,240,-34,-50,0,6,2,229
1009,241,-34,-50,0,6,2,229
1010,242,-34,-50,0,6,2,229
1011,243,-34,-50,0,5,2,229
1012,244,-34,-50,0,5,2,229
1013,245,-50,50,100,21,18,229
1014,246,-34,-50,-100,4,2,-31
1015,247,-34,-50,0,3,2,-31
1016,248,-34,-50,0,3,0,-31
1017,249,-34,-50,0,3,0,-31
1018,250,-34,-50,0,3,0,-31
1019,251,-44,-130,-80,13,10,-31
1020,252,-44,-130,0,12,10,-31
1021,253,-44,-130,0,11,-6,-31
1022,254,-37,-50,80,4,3,-31
1023,255,-48,-130,-80,15,14,-31
1024,0,-48,-130,0,14,14,-31
1025,1,-48,-130,0,13,14,-31
1026,2,-37,-50,80,1,3,-31
1027,3,-44,-130,-80,8,0,-31
1028,4,-44,-130,0,8,0,-31
1029,5,-44,-130,0,7,0,-31
1030,6,-44,-130,0,7,7,-31
1031,7,-44,-130,0,7,-4,-31
1032,8,-44,-130,0,6,-4,85
1033,9,-37,4950,5080,-1,-11,85
1034,10,-50,-130,-5080,12,13,85
1035,11,-50,-130,0,11,6,45
1036,12,-50,-130,0,11,6,45
1037,13,-50,-130,0,10,6,45
1038,14,-50,-130,0,9,6,230
1039,15,-51,-98,32,10,7,230
1040,16,-50,-130,-32,8,6,230
1041,17,-50,-130,0,8,13,230
1042,18,-50,-130,0,7,0,230
1043,19,-50,-130,0,7,0,230
1044,20,-50,-130,0,7,0,230
1045,21,-37,4950,5080,-7,-13,195
1046,22,-37,4950,0,-6,-13,195
1047,23,-38,-130,-5080,-5,-13,195
1048,24,-38,-130,0,-4,-12,195
1049,25,-38,-130,0,-4,-12,195
1050,26,-38,-130,0,-4,-12,195
1051,27,-38,-130,0,-3,-12,195
1052,28,-38,-130,0,-3,-12,195
1053,29,-38,-130,0,-3,1,195
1054,30,-38,-130,0,-3,1,195
1055,31,-37,4950,5080,-3,-1,195
1056,32,-43,-130,-5080,3,5,195
1057,33,-43,-130,0,3,5,195
1058,34,-37,4950,5080,-3,-1,195
1059,35,-39,-130,-5080,-1,1,195
1060,36,-39,-130,0,-1,1,195
1061,37,-39,-130,0,-1,1,195
1062,38,-39,-130,0,-1,1,195
1063,39,-39,-130,0,-1,2,195
1064,40,-39,-130,0,-1,-4,195
1065,41,-32,-50,80,-7,-11,225
1066,42,-32,-146,-96,-7,-5,159
1067,43,-32,-46,100,-6,-7,159
1068,44,-32,-50,-4,-6,-7,160
1069,45,-25,4950,5000,-13,-14,50
1070,46,-32,-50,-5000,-5,-7,50
1071,47,-32,-50,0,-4,-7,50
1072,48,-32,-50,0,-4,-7,50
1073,49,-25,4950,5000,-11,-7,50
1074,50,-32,-146,-5096,-3,0,50
1075,51,-25,4950,5096,-10,-7,50
1076,52,-25,4950,0,-9,-7,50
1077,53,-25,4950,0,-8,0,50
1078,54,-25,4950,0,-8,-7,50
1079,55,-25,4950,0,-7,-7,50
1080,56,-25,4950,0,-7,-7,50
1081,57,-25,4950,0,-6,0,50
1082,58,-48,-149,-5099,17,16,50
1083,59,-48,-149,0,16,23,50
1084,60,-48,-149,0,15,23,170
1085,61,-48,-149,0,14,23,170
1086,62,-48,-149,0,14,23,170
1087,63,-48,-149,0,13,23,170
1088,64,-25,4950,5099,-11,0,269
1089,65,-25,4950,0,-10,0,269
1090,66,-25,4950,0,-10,-23,269
1091,67,-25,4950,0,-9,-23,269
1092,68,-37,45,-4905,4,-11,269
1093,69,-37,45,0,4,-11,269
1094,70,-25,4950,4905,-9,-23,-116
1095,71,-25,4950,0,-8,-23,-116
1096,72,-25,4950,0,-7,0,-116
1097,73,-25,4950,0,-7,0,-116
1098,74,-25,160,-4790,-6,0,-5066
1099,75,-25,160,0,-6,0,-5066
1100,76,-24,850,690,-7,-13,-5476
1101,77,-24,560,-290,-6,-13,-5566
1102,78,-24,310,-250,-6,-1,-5856
1103,79,-24,-90,-400,-5,-1,-6316
1104,80,-13,-120,-30,-16,-12,-6436
1105,81,-22,-135,-15,-6,-3,-6436
1106,82,-22,-135,0,-5,-3,-6436
1107,83,-22,-135,0,-5,-3,-6436
1108,84,-22,-135,0,-5,-2,-6436
1109,85,-13,-120,15,-13,-11,-6631
1110,86,-2,316,436,-23,-22,-6641
1111,87,-2,-24,-340,-22,-22,-6641
1112,88,-2,-24,0,-20,-11,-6641
1113,89,-2,-24,0,-19,-20,-6641
1114,90,-12,350,374,-8,-10,-6641
1115,91,-12,350,0,-7,-10,-6641
1116,92,-12,350,0,-7,-10,-6641
1117,93,-12,350,0,-6,-1,-6641
1118,94,-12,350,0,-6,10,-6641
1119,95,-12,350,0,-5,10,-6641
1120,96,-12,289,-61,-5,10,-6682
1121,97,-12,289,0,-5,10,-6682
1122,98,-12,289,0,-4,0,-6682
1123,99,-12,-16,-305,-4,0,-6891
1124,100,-14,-108,-92,-2,2,-6891
1125,101,-14,-58,50,-1,2,-6891
1126,102,-14,-58,0,-1,2,-6891
1127,103,-14,-58,0,-1,2,-6891
1128,104,-14,-100,-42,-1,2,-6929
1129,105,-12,-16,84,-3,0,-6879
1130,106,-12,-124,-108,-3,0,-6887
1131,107,-12,-124,0,-2,0,-6887
1132,108,-12,-124,0,-2,-2,-6887
1133,109,-12,-124,0,-2,-2,-6887
1134,110,-12,-124,0,-2,-2,-6887
1135,111,-12,-24,100,-2,-2,-6887
1136,112,-12,76,100,-2,-2,-6887
1137,113,-17,-50,-126,4,5,-6887
1138,114,-17,-50,0,3,5,-6887
1139,115,-17,-75,-25,3,5,-6932
1140,116,-17,25,100,3,5,-6932
1141,117,-17,25,0,3,5,-6932
1142,118,-17,0,-25,3,5,-6956
1143,119,-17,0,0,3,5,-6956
1144,120,-17,0,0,3,5,-6956
1145,121,-17,0,0,3,0,-6956
1146,122,-17,-50,-50,2,0,-6811
1147,123,-17,-100,-50,2,0,-2071
1148,124,-17,-100,0,2,0,-2071
1149,125,-17,-100,0,2,0,-2071
1150,126,-12,76,176,-3,-5,-1811
1151,127,-12,76,0,-3,-5,-1811
1152,128,-12,76,0,-2,-5,-1811
1153,129,-12,-24,-100,-2,-5,-1811
1154,130,-12,-50,-26,-2,-5,-1547
1155,131,-3,350,400,-11,-14,-1397
1156,132,-12,-50,-400,-1,-5,-1397
1157,133,-12,-50,0,-1,-5,-1397
1158,134,-12,-50,0,-1,0,-1397
1159,135,-12,-50,0,-1,0,-1397
1160,136,-12,-99,-49,-1,0,-1046
1161,137,-12,-94,5,0,0,-1046
1162,138,-12,-94,0,0,0,-1046
1163,139,-12,-99,-5,0,9,-1046
1164,140,-3,350,449,-9,-9,-1046
1165,141,-3,350,0,-9,-9,-1046
1166,142,-3,350,0,-8,-9,-1046
1167,143,-3,350,0,-7,-9,-1046
1168,144,-3,350,0,-7,-9,-1046
1169,145,-3,350,0,-6,-9,-888
1170,146,-3,350,0,-6,-9,-871
1171,147,-3,350,0,-6,-9,-871
1172,148,-17,350,0,9,14,-871
1173,149,-17,350,0,8,14,-871
1174,150,-17,350,0,8,14,-871
1175,151,-17,350,0,7,14,-541
1176,152,-17,350,0,7,14,-541
1177,153,-17,350,0,7,14,-180
1178,154,-17,350,0,6,14,-180
1179,155,-17,350,0,6,14,425
1180,156,-17,350,0,6,0,425
1181,157,-17,350,0,5,0,767
1182,158,-17,350,0,5,0,767
1183,159,-17,350,0,5,0,1117
1184,160,-17,350,0,5,0,1117
1185,161,-17,350,0,4,0,1325
1186,162,-22,-50,-400,9,5,1325
1187,163,-17,350,400,4,0,1325
1188,164,-17,350,0,3,0,1362
1189,165,-17,350,0,3,0,1362
1190,166,-17,350,0,3,0,1362
1191,167,-17,350,0,3,0,1362
1192,168,-17,350,0,3,0,1362
1193,169,-22,350,0,8,5,1362
1194,170,-22,350,0,7,0,1362
1195,171,-22,350,0,7,5,1362
1196,172,-22,350,0,7,5,1362
1197,173,-22,350,0,6,5,1362
1198,174,-22,350,0,6,5,1362
1199,175,-22,125,-225,6,5,1162
1200,176,-22,125,0,5,5,1162
1201,177,-22,125,0,5,0,1162
1202,178,-22,125,0,5,0,1162
1203,179,-22,125,0,5,0,1222
1204,180,-22,125,0,4,0,1284
1205,181,-22,125,0,4,0,1284
1206,182,-22,125,0,4,0,1284
1207,183,-22,125,0,4,0,1367
1208,184,-22,125,0,4,0,1367
1209,185,-22,125,0,3,0,1413
1210,186,-22,125,0,3,0,1516
1211,187,-23,-130,-255,4,1,1516
1212,188,-23,-130,0,4,1,1516
1213,189,-23,-130,0,4,1,1516
1214,190,-23,-130,0,4,1,1585
1215,191,-23,-130,0,3,1,1585
1216,192,-22,125,255,2,0,1585
1217,193,-22,125,0,2,0,1585
1218,194,-22,125,0,2,0,1585
1219,195,-22,125,0,2,-1,1585
1220,196,-17,350,225,-3,-6,1212
1221,197,-17,350,0,-3,-6,1237
1222,198,-17,350,0,-3,-6,1110
1223,199,-17,350,0,-2,-6,1110
1224,200,-17,350,0,-2,-5,1110
1225,201,-17,350,0,-2,-5,1110
1226,202,-17,350,0,-2,-5,1110
1227,203,-17,350,0,-2,-5,1110
1228,204,-17,350,0,-1,0,1110
1229,205,-17,345,-5,-1,0,805
1230,206,-17,345,0,-1,0,805
1231,207,-17,345,0,-1,0,805
1232,208,-17,345,0,-1,0,805
1233,209,-17,345,0,-1,0,805
1234,210,-17,345,0,-1,0,805
1235,211,-17,345,0,-1,0,805
1236,212,-17,345,0,0,0,805
1237,213,-3,350,5,-14,-14,10
1238,214,-3,350,0,-13,-14,10
1239,215,-3,350,0,-13,-14,10
1240,216,-2,-44,-394,-13,-15,-790
1241,217,-2,-44,0,-12,-15,-790
1242,218,-2,-44,0,-11,-15,-790
1243,219,-2,-44,0,-10,-15,-790
1244,220,-2,-44,0,-10,-15,-790
1245,221,-2,-44,0,-9,-1,-790
1246,222,-2,-44,0,-8,-1,-1070
1247,223,-2,-44,0,-8,-1,-1070
1248,224,-2,-144,-100,-7,0,-1270
1249,225,-2,-144,0,-7,0,-1270
1250,226,-2,-144,0,-6,0,-1270
1251,227,-2,-144,0,-6,0,-1270
1252,228,2,350,494,-9,-4,-1288
1253,229,2,-144,-494,-9,-4,-1557
1254,230,0,-100,44,-6,-2,-1557
1255,231,2,-144,-44,-8,-4,-1617
1256,232,4,-50,94,-9,-6,-1635
1257,233,2,-94,-44,-10,-8,-1635
1258,234,2,6,100,-10,-8,-1568
1259,235,2,99,93,-9,-8,-1495
1260,236,2,99,0,-8,-4,-1495
1261,237,2,79,-20,-8,-4,-1495
1262,238,2,80,1,-7,-6,-1497
1263,239,2,91,11,-7,-4,-1506
1264,240,4,-50,-141,-4,0,-1222
1265,241,4,-50,0,-4,2,-1222
1266,242,4,-50,0,-4,2,-1222
1267,243,4,-50,0,-3,2,-1222
1268,244,4,-50,0,-3,2,-1239
1269,245,15,2250,2300,-14,-9,-1239
1270,246,3,-50,-2300,-1,3,-1239
1271,247,3,-50,0,-1,3,-1239
1272,248,3,-50,0,-1,1,-1337
1273,249,3,-50,0,-1,1,-1337
1274,250,15,2250,2300,-12,-11,-1432
1275,251,3,-50,-2300,0,1,-1432
1276,252,15,2250,2300,-12,-11,-1037
1277,253,12,-170,-2420,-14,-3,-1037
1278,254,12,1055,1225,-13,-15,688
1279,255,12,1355,300,-12,-15,968
1280,0,12,1405,50,-11,-15,1118
1281,1,12,1905,500,-10,-15,1624
1282,2,12,2005,100,-10,-3,2218
1283,3,15,2250,245,-6,-12,2663
1284,4,15,2250,0,-6,0,2663
1285,5,15,2350,100,-5,3,2663
1286,6,15,2350,0,-5,3,2663
1287,7,15,2350,0,-4,3,2663
1288,8,15,2350,0,-4,3,2663
1289,9,15,2350,0,-4,3,2663
1290,10,15,2350,0,-3,3,2663
1291,11,15,2350,0,-3,0,2663
1292,12,15,2350,0,-3,0,2663
1293,13,15,2350,0,-3,0,2663
1294,14,-1,-130,-2480,14,16,2663
1295,15,-1,-130,0,13,16,2663
1296,16,15,2350,2480,-4,0,2649
1297,17,15,2350,0,-4,0,2649
1298,18,15,2350,0,-3,0,2649
1299,19,12,2400,50,-6,-3,2649
1300,20,12,2302,-98,-6,-3,2451
1301,21,12,2202,-100,-5,-3,2258
1302,22,12,2102,-100,-5,-19,2258
1303,23,12,2002,-100,-5,-19,2157
1304,24,12,1902,-100,-4,-3,2046
1305,25,12,1807,-95,-4,-3,1942
1306,26,12,1307,-500,-4,-3,1432
1307,27,12,807,-500,-3,0,857
1308,28,14,400,-407,-5,-2,50
1309,29,15,0,-400,-6,-3,-350
1310,30,35,212,212,-25,-23,-1675
1311,31,15,0,-212,-4,-3,-1675
1312,32,35,212,212,-23,-23,-2075
1313,33,15,0,-212,-2,-3,-2075
1314,34,35,212,212,-22,-23,-2225
1315,35,15,0,-212,0,-3,-2225
1316,36,35,212,212,-20,-21,-2825
1317,37,15,0,-212,1,0,-2825
1318,38,35,212,212,-19,0,-3025
1319,39,15,0,-212,2,0,-3025
1320,40,35,212,212,-18,0,-3520
1321,41,15,0,-212,4,0,-3520
1322,42,35,212,212,-17,0,-3600
1323,43,15,0,-212,4,0,-3600
1324,44,35,212,212,-16,0,-3602
1325,45,15,0,-212,5,0,-3602
1326,46,35,212,212,-15,0,-3602
1327,47,15,0,-212,6,0,-3602
1328,48,35,212,212,-14,0,-3602
1329,49,15,0,-212,7,0,-3602
1330,50,35,212,212,-14,0,-3602
1331,51,15,0,-212,7,0,-3602
1332,52,35,212,212,-13,0,-3607
1333,53,15,0,-212,8,0,-3607
1334,54,35,212,212,-13,0,-3207
1335,55,15,0,-212,8,0,-3207
1336,56,35,212,212,-12,0,-2807
1337,57,15,0,-212,9,0,-2807
1338,58,15,0,0,8,20,-2807
1339,59,15,0,0,8,0,-2807
1340,60,15,0,0,7,20,-2807
1341,61,13,100,100,9,2,-2807
1342,62,13,100,0,8,22,-2807
1343,63,13,100,0,8,2,-2807
1344,64,16,50,-50,10,25,-2807
1345,65,18,-50,-100,8,3,-2100
1346,66,26,350,400,-1,-5,-1700
1347,67,18,-50,-400,8,3,-1700
1348,68,13,-50,0,12,8,-1700
1349,69,13,-50,0,11,6,-1700
1350,70,13,-75,-25,11,6,-1625
1351,71,13,25,100,10,6,-1625
1352,72,13,25,0,10,3,-1625
1353,73,13,25,0,9,5,-1513
1354,74,13,-50,-75,9,13,-1488
1355,75,18,-50,0,3,0,-1488
1356,76,13,-50,0,8,0,-1488
1357,77,13,-50,0,7,0,-1488
1358,78,13,-50,0,7,0,-1200
1359,79,13,-50,0,7,0,-600
1360,80,13,-50,0,6,0,-600
1361,81,13,-50,0,6,0,-300
1362,82,13,-50,0,6,0,-300
1363,83,13,-50,0,5,5,-149
1364,84,13,-50,0,5,0,51
1365,85,-2,-100,-50,20,15,51
1366,86,-2,-50,50,19,15,51
1367,87,-2,-50,0,18,15,51
1368,88,-32,-50,0,46,45,51
1369,89,-32,-138,-88,44,45,63
1370,90,-32,-38,100,41,45,63
1371,91,-32,-50,-12,38,45,151
1372,92,-32,-138,-88,36,45,163
1373,93,-32,-38,100,34,30,163
1374,94,-32,-50,-12,32,30,251
1375,95,-32,-68,-18,30,30,333
1376,96,-32,32,100,28,0,333
1377,97,-32,-50,-82,26,0,451
1378,98,-32,-68,-18,25,0,533
1379,99,-32,32,100,23,0,533
1380,100,-32,-50,-82,22,0,476
1381,101,-32,-68,-18,21,0,446
1382,102,-32,32,100,19,0,446
1383,103,-32,-50,-82,18,0,439
1384,104,-32,-93,-43,17,0,496
1385,105,-32,7,100,16,0,496
1386,106,-32,-50,-57,15,0,251
1387,107,-2,-50,0,-16,-30,-349
1388,108,-32,-50,0,15,0,-349
1389,109,-2,-50,0,-15,-30,-649
1390,110,-2,-50,0,-14,-30,-649
1391,111,-2,-50,0,-14,-30,-649
1392,112,-2,-50,0,-13,-30,-649
1393,113,-2,-50,0,-12,-30,-649
1394,114,-2,-50,0,-11,-30,-649
1395,115,-2,450,500,-10,0,-649
1396,116,-2,450,0,-10,-30,-649
1397,117,-2,450,0,-9,0,-649
1398,118,-2,450,0,-8,0,-649
1399,119,-2,450,0,-8,0,-649
1400,120,-2,450,0,-7,0,-649
1401,121,-2,450,0,-7,0,-649
1402,122,-2,450,0,-6,0,-649
1403,123,-2,450,0,-6,0,-649
1404,124,-2,450,0,-5,0,-660
1405,125,-4,-50,-500,-3,2,-660
1406,126,-4,-50,0,-3,2,-710
1407,127,-4,-50,0,-2,2,-572
1408,128,-4,-50,0,-2,2,-572
1409,129,-4,-50,0,-2,2,-572
1410,130,-4,-50,0,-2,2,-572
1411,131,-4,-50,0,-2,2,-572
1412,132,-2,350,400,-3,0,-572
1413,133,-3,-60,-410,-2,-1,-572
1414,134,-3,-110,-50,-2,-1,-610
1415,135,-4,-50,60,-1,0,-610
1416,136,-4,-51,-1,-1,0,-523
1417,137,-4,49,100,-1,0,-523
1418,138,-4,49,0,0,0,-523
1419,139,-4,-50,-99,0,0,-610
1420,140,-3,-110,-60,-1,1,-692
1421,141,-2,350,460,-2,-1,-650
1422,142,-2,99,-251,-2,-1,-883
1423,143,-2,-101,-200,-2,-2,-1001
1424,144,3,-140,-39,-7,-7,-1032
1425,145,3,-140,0,-6,-7,-1032
1426,146,3,-140,0,-6,-7,-1032
1427,147,3,-140,0,-5,-7,-1032
1428,148,-2,-50,90,0,-1,-1032
1429,149,3,-140,-90,-5,-5,-1050
1430,150,-2,-50,90,1,0,-1050
1431,151,-2,-50,0,1,0,-1050
1432,152,-2,-50,0,1,5,-995
1433,153,3,-140,-90,-4,0,-995
1434,154,-3,-50,90,2,6,-995
1435,155,-3,-93,-43,2,6,-981
1436,156,3,-140,-47,-4,-5,-938
1437,157,-3,-93,47,2,6,-938
1438,158,3,-140,-47,-4,-5,-895
1439,159,13,300,440,-14,-15,-945
1440,160,13,200,-100,-13,-15,-1095
1441,161,13,50,-150,-12,-10,-1295
1442,162,13,-1,-51,-11,-16,-1296
1443,163,13,99,100,-10,-16,-1296
1444,164,13,84,-15,-10,-10,-1310
1445,165,13,-50,-134,-9,-16,-1345
1446,166,13,-116,-66,-8,-10,-1311
1447,167,18,0,116,-13,-5,-1305
1448,168,13,-116,-116,-7,0,-1305
1449,169,10,-100,16,-3,3,-1305
1450,170,13,-116,-16,-6,0,-1104
1451,171,18,0,116,-11,-5,-938
1452,172,18,-100,-100,-10,-5,-989
1453,173,18,-116,-16,-9,-5,-905
1454,174,18,-16,100,-9,-5,-905
1455,175,18,-50,-34,-8,0,-951
1456,176,18,-116,-66,-7,-5,-974
1457,177,18,-16,100,-7,-8,-974
1458,178,18,-50,-34,-6,-5,-951
1459,179,18,-116,-66,-6,0,-960
1460,180,18,-16,100,-6,0,-960
1461,181,18,-50,-34,-5,0,-984
1462,182,18,-116,-66,-5,0,-950
1463,183,18,-16,100,-4,0,-950
1464,184,18,-50,-34,-4,0,-834
1465,185,18,-116,-66,-4,0,-849
1466,186,18,-16,100,-3,0,-849
1467,187,18,-16,0,-3,0,-849
1468,188,18,67,83,-3,0,-849
1469,189,18,37,-30,-3,0,-849
1470,190,18,37,0,-2,0,-849
1471,191,18,67,30,-2,0,-849
1472,192,8,50,-17,8,10,-849
1473,193,18,67,17,-3,0,-1034
1474,194,10,-3783,-3850,-10,-8,-1034
1475,195,10,-3815,-32,-10,-8,-932
1476,196,10,-3817,-2,-9,-8,-868
1477,197,10,-3845,-28,-8,-8,-862
1478,198,10,-3745,100,-8,-8,-862
1479,199,18,105,3850,1,0,-862
1480,200,18,-195,-300,1,-10,-862
1481,201,18,-195,0,1,0,-862
1482,202,17,242,437,0,7,-862
1483,203,10,245,3,-7,0,-862
1484,204,10,245,0,-7,0,-862
1485,205,10,245,0,-6,0,-862
1486,206,10,245,0,-6,0,-862
1487,207,17,242,-3,2,-1,-802
1488,208,7,732,490,12,9,-802
1489,209,7,732,0,11,9,-802
1490,210,7,732,0,10,10,-802
1491,211,7,32,-700,10,17,-1468
1492,212,7,32,0,9,17,-1468
1493,213,7,32,0,9,17,-1468
1494,214,5,15,-17,6,15,-1468
1495,215,5,15,0,6,8,-1468
1496,216,15,375,360,-4,-12,-1413
1497,217,5,-745,-1120,-14,-22,-1413
1498,218,15,375,1120,-3,-12,-1413
1499,219,15,303,-72,-3,-12,-1469
1500,220,15,220,-83,-3,-12,-1518
1501,221,15,120,-100,-2,-12,-1552
1502,222,35,282,162,-22,-30,-1668
1503,223,15,70,-212,-1,-10,-1668
1504,224,5,20,-50,9,10,-1668
1505,225,5,20,0,9,20,-1668
1506,226,15,70,50,-2,0,-1652
1507,227,35,282,212,-21,-20,-1718
1508,228,15,70,-212,0,0,-1718
1509,229,35,282,212,-20,-20,-1752
1510,230,15,70,-212,1,20,-1752
1511,231,35,282,212,-19,-20,-1818
1512,232,15,70,-212,3,-10,-1818
1513,233,35,282,212,-18,-30,-1852
1514,234,15,70,-212,4,0,-1852
1515,235,15,55,-15,3,20,-1667
1516,236,15,155,100,3,0,-1667
1517,237,15,150,-5,3,20,-1640
1518,238,15,150,0,3,0,-1640
1519,239,15,160,10,3,20,-1640
1520,240,15,160,0,3,0,-1640
1521,241,15,160,0,3,20,-1640
1522,242,15,160,0,3,0,-1640
1523,243,17,177,17,4,2,-1608
1524,244,18,40,-137,5,3,-1567
1525,245,18,40,0,5,3,-1567
1526,246,18,-60,-100,5,3,-1567
1527,247,18,-140,-80,4,3,-1567
1528,248,18,-40,100,4,3,-1567
1529,249,18,-40,0,4,3,-1567
1530,250,18,-50,-10,4,3,-1567
1531,251,7,-140,-90,15,12,-1567
1532,252,7,-140,0,14,11,-1567
1533,253,18,50,190,2,0,-1567
1534,254,18,50,0,2,0,-1567
1535,255,18,50,0,2,0,-1245
1536,0,15,50,0,5,3,-1245
1537,1,7,50,0,13,11,-1245
1538,2,-7,350,300,26,25,-1245
1539,3,-7,290,-60,24,14,-605
1540,4,-7,290,0,23,14,-605
1541,5,-7,290,0,21,25,-605
1542,6,-7,290,0,20,25,-605
1543,7,-7,290,0,19,25,-605
1544,8,-7,290,0,18,22,-605
1545,9,-7,290,0,17,14,-605
1546,10,-7,290,0,16,0,-605
1547,11,-7,290,0,15,0,-605
1548,12,-7,290,0,14,0,-605
1549,13,-7,290,0,13,0,-545
1550,14,-7,290,0,12,0,-545
1551,15,-7,290,0,12,0,-545
1552,16,-7,290,0,11,0,-545
1553,17,-7,290,0,10,0,-448
1554,18,-7,290,0,10,0,-335
1555,19,-7,290,0,9,0,-205
1556,20,-7,290,0,9,0,-51
1557,21,-7,290,0,8,0,495
1558,22,-7,284,-6,8,0,589
1559,23,-7,184,-100,7,0,589
1560,24,7,50,-134,-7,-14,355
1561,25,7,50,0,-6,-14,355
1562,26,7,50,0,-6,-14,480
1563,27,7,50,0,-6,-14,502
1564,28,7,50,0,-5,-14,527
1565,29,7,50,0,-5,-14,527
1566,30,7,50,0,-4,-14,527
1567,31,7,50,0,-4,-14,527
1568,32,7,50,0,-4,0,500
1569,33,7,50,0,-3,0,557
1570,34,7,50,0,-3,0,235
1571,35,7,50,0,-3,0,395
1572,36,7,50,0,-3,0,780
1573,37,7,50,0,-2,0,780
1574,38,7,50,0,-2,0,855
1575,39,7,50,0,-2,0,855
1576,40,7,50,0,-2,0,1125
1577,41,7,50,0,-2,0,1125
1578,42,7,50,0,-2,0,1125
1579,43,7,50,0,-1,0,1125
1580,44,7,50,0,-1,0,1294
1581,45,-20,-50,-100,26,27,1294
1582,46,-31,-50,0,35,38,1294
1583,47,-31,-50,0,33,38,1390
1584,48,-31,-50,0,31,38,1390
1585,49,7,50,100,-9,0,1390
1586,50,7,50,0,-8,0,1695
1587,51,7,50,0,-8,0,1801
1588,52,7,50,0,-7,0,1801
1589,53,-13,-50,-100,13,-7,1801
1590,54,-13,-75,-25,13,-18,1876
1591,55,-13,-75,0,12,-18,1876
1592,56,7,50,125,-9,-38,1876
1593,57,7,50,0,-8,0,1876
1594,58,-12,1850,1800,11,19,1876
1595,59,-12,1750,-100,11,19,2110
1596,60,-12,1644,-106,10,19,1979
1597,61,-12,1644,0,10,-1,1979
1598,62,-12,1644,0,9,-1,1979
1599,63,-12,1644,0,9,-1,1979
1600,64,-12,1644,0,8,19,1979
1601,65,-16,-50,-1694,12,23,1979
1602,66,-17,-50,0,12,5,1979
1603,67,-17,-50,0,11,5,2172
1604,68,-17,-50,0,11,5,2352
1605,69,-17,-54,-4,10,5,2345
1606,70,-16,-50,4,8,4,2345
1607,71,-12,1644,1694,4,0,2345
1608,72,-12,1644,0,4,0,2345
1609,73,-12,1644,0,4,-4,2279
1610,74,-12,1644,0,3,-5,2279
1611,75,-12,1644,0,3,-5,2279
1612,76,-12,1644,0,3,-5,2279
1613,77,-12,1644,0,3,-5,2279
1614,78,-12,1578,-66,3,-4,2203
1615,79,-12,1378,-200,3,0,1903
1616,80,-12,1378,0,3,0,1903
1617,81,-12,1375,-3,3,0,1500
1618,82,-12,1073,-302,2,0,1098
1619,83,-12,1073,0,2,0,1098
1620,84,-12,890,-183,2,0,615
1621,85,12,50,-840,-22,-24,-624
1622,86,12,50,0,-20,-24,-624
1623,87,12,50,0,-19,-24,-624
1624,88,12,50,0,-18,-24,-624
1625,89,12,50,0,-17,-24,-624
1626,90,12,50,0,-15,-24,-624
1627,91,12,50,0,-14,-24,-624
1628,92,12,50,0,-14,-24,-624
1629,93,12,50,0,-13,0,-624
1630,94,12,50,0,-12,0,-624
1631,95,12,50,0,-11,0,-624
1632,96,12,50,0,-10,0,-624
1633,97,12,50,0,-10,0,-624
1634,98,-3,-50,-100,6,15,-624
1635,99,-3,-50,0,6,15,-624
1636,100,12,50,100,-10,0,-1525
1637,101,12,50,0,-9,0,-1525
1638,102,12,50,0,-8,0,-1605
1639,103,12,50,0,-8,0,-1605
1640,104,12,50,0,-7,0,-1605
1641,105,3,-148,-198,2,9,-1605
1642,106,12,50,198,-7,-15,-1582
1643,107,7,-50,-100,-1,-10,-1582
1644,108,7,-50,0,-1,5,-1452
1645,109,-2,-50,0,8,14,-1452
1646,110,7,-50,0,-1,5,-1446
1647,111,-2,-50,0,8,14,-1446
1648,112,-2,-65,-15,7,14,-1661
1649,113,-2,35,100,7,5,-1661
1650,114,-2,-50,-85,7,14,-1946
1651,115,-2,-65,-15,6,9,-1957
1652,116,-2,35,100,6,9,-1957
1653,117,-2,35,0,6,0,-1957
1654,118,-2,-50,-85,5,9,-2046
1655,119,7,-50,0,-4,-9,-2080
1656,120,-2,-50,0,5,0,-2080
1657,121,7,-50,0,-4,-9,-1980
1658,122,-2,-50,0,5,0,-1980
1659,123,7,-50,0,-4,-9,-2077
1660,124,-2,-50,0,5,0,-2077
1661,125,7,-50,0,-4,-9,-1875
1662,126,-2,-50,0,5,0,-1875
1663,127,7,-50,0,-4,0,-1792
1664,128,-2,-50,0,5,0,-1792
1665,129,7,-50,0,-4,0,-852
1666,130,-2,-50,0,5,0,-852
1667,131,7,-50,0,-4,0,-1052
1668,132,-2,-50,0,5,0,-1052
1669,133,-2,-50,0,5,9,-1052
1670,134,-2,-50,0,5,0,-871
1671,135,-2,-50,0,5,9,-871
1672,136,-2,-50,0,4,0,-871
1673,137,-2,-50,0,4,9,-880
1674,138,-2,-50,0,4,0,-880
1675,139,-2,-50,0,4,9,-789
1676,140,-2,-50,0,4,0,-808
1677,141,-2,-50,0,3,0,-808
1678,142,-2,-50,0,3,0,-619
1679,143,-2,-50,0,3,0,-593
1680,144,-2,-50,0,3,0,-593
1681,145,-2,-50,0,3,0,-419
1682,146,-2,-50,0,3,0,-393
1683,147,-2,-50,0,3,0,-393
1684,148,12,50,100,-11,-14,-393
1685,149,-2,-50,-100,3,0,-393
1686,150,-2,-50,0,3,0,-393
1687,151,-2,-50,0,3,0,-393
1688,152,-2,-50,0,3,0,-393
1689,153,-2,-50,0,3,0,-393
1690,154,-16,-50,0,17,14,-393
1691,155,-2,-50,0,2,0,-408
1692,156,10,-50,0,-10,2,-408
1693,157,10,-50,0,-10,-12,-408
1694,158,8,-50,0,-7,-10,-408
1695,159,8,-50,0,-7,-10,-408
1696,160,8,-50,0,-6,-10,-408
1697,161,10,-50,0,-8,-12,-408
1698,162,2,-11526,-11476,-15,-34,-408
1699,163,4,-11426,100,-16,-22,-408
1700,164,10,-9426,2000,-21,-16,-508
1701,165,4,-11426,-2000,-14,-10,-508
1702,166,4,-11526,-100,-13,-12,-508
1703,167,10,-9426,2100,-18,-18,-508
1704,168,6,2100,11526,-21,-22,-508
1705,169,10,-9426,-11526,-15,-16,-508
1706,170,18,2050,11476,-6,0,-508
1707,171,8,84,-1966,4,12,-508
1708,172,18,2050,1966,-6,8,-642
1709,173,15,1550,-500,-3,5,-642
1710,174,15,1550,0,-2,5,-642
1711,175,15,1550,0,-2,11,-642
1712,176,15,850,-700,-2,15,-1423
1713,177,15,650,-200,-2,11,-1634
1714,178,15,645,-5,-2,3,-1728
1715,179,18,2050,1405,-4,-10,-2534
1716,180,10,2170,120,-12,-8,-2534
1717,181,10,2170,0,-11,-11,-2534
1718,182,10,2070,-100,-11,-11,-2723
1719,183,10,1970,-100,-10,-11,-2834
1720,184,10,1870,-100,-9,-11,-3023
1721,185,10,1970,100,-9,-11,-3023
1722,186,10,1970,0,-8,-11,-3023
1723,187,10,1470,-500,-7,-8,-3534
1724,188,8,23,-1447,-5,2,-3534
1725,189,3,70,47,0,7,-3534
1726,190,3,70,0,0,7,-3534
1727,191,3,70,0,0,7,-3534
1728,192,11,-50,-120,8,15,-3404
1729,193,18,1350,1400,1,8,-3404
1730,194,18,1350,0,1,8,-3404
1731,195,16,-140,-1490,3,10,-3404
1732,196,18,1350,1490,1,6,-3314
1733,197,17,-132,-1482,2,2,-3314
1734,198,18,1350,1482,1,1,-3232
1735,199,16,-3500,-4850,-1,-1,-3232
1736,200,16,-3500,0,-1,-9,-3232
1737,201,16,-3500,0,-1,-2,-3232
1738,202,16,-3620,-120,-1,-2,-3252
1739,203,16,-3785,-165,-1,-4,-3217
1740,204,16,-3995,-210,-1,-2,-3327
1741,205,16,-4295,-300,0,-3,-3527
1742,206,16,-4795,-500,0,-2,-3793
1743,207,16,-4900,-105,0,0,-3198
1744,208,16,-4995,-95,0,0,-3093
1745,209,16,-4895,100,0,0,-3093
1746,210,16,-4900,-5,0,0,-3093
1747,211,26,-4900,0,-10,-10,-2398
1748,212,16,-4900,0,1,0,-2398
1749,213,26,-4900,0,-9,-10,-2398
1750,214,16,-4900,0,1,0,-2398
1751,215,26,-4900,0,-9,-10,-2398
1752,216,16,-4900,0,2,0,-2398
1753,217,9,50,4950,-5,-7,-2398
1754,218,19,50,0,-15,-17,-2398
1755,219,9,50,0,-4,3,-2398
1756,220,16,-4900,-4950,3,0,-2398
1757,221,16,-4900,0,3,10,-2398
1758,222,16,-4900,0,3,0,-2398
1759,223,16,-4900,0,3,10,-2398
1760,224,16,-4900,0,3,0,-2398
1761,225,16,-4900,0,3,7,-2398
1762,226,5,35,4935,-8,6,-2398
1763,227,5,0,-35,-8,-4,-2398
1764,228,5,65,65,-7,-11,-1833
1765,229,16,-4900,-4965,4,0,-1828
1766,230,12,-100,4800,0,-4,-1828
1767,231,12,-100,0,0,-4,-1828
1768,232,10,40,140,-2,-6,-1828
1769,233,12,-100,-140,0,-4,-1758
1770,234,16,-4900,-4800,4,11,-1758
1771,235,10,-100,4800,-2,5,-1758
1772,236,20,-100,0,-12,-5,-1840
1773,237,30,112,212,-21,-26,-1820
1774,238,20,-100,-212,-9,-12,-1820
1775,239,30,112,212,-19,-22,-1755
1776,240,20,-100,-212,-8,-10,-1755
1777,241,30,112,212,-17,-22,-1645
1778,242,20,-100,-212,-6,-16,-1645
1779,243,30,112,212,-15,-20,-1445
1780,244,20,-100,-212,-4,0,-1445
1781,245,30,112,212,-14,0,-1045
1782,246,20,-100,-212,-3,0,-1045
1783,247,30,112,212,-13,0,-1040
1784,248,20,-100,-212,-2,0,-1040
1785,249,30,112,212,-12,0,-1045
1786,250,20,-100,-212,-1,0,-1045
1787,251,30,112,212,-11,0,-1140
1788,252,20,-100,-212,0,0,-1140
1789,253,30,112,212,-10,0,-1140
1790,254,20,-100,-212,1,0,-1140
1791,255,30,112,212,-9,0,-1140
1792,0,20,-100,-212,1,0,-1140
1793,1,30,112,212,-9,0,-1140
1794,2,20,-100,-212,2,0,-1140
1795,3,30,112,212,-8,0,-1140
1796,4,20,-100,-212,2,0,-1140
1797,5,30,112,212,-8,0,-1305
1798,6,20,-100,-212,3,0,-1305
1799,7,30,112,212,-7,0,-1440
1800,8,20,-100,-212,3,0,-1440
1801,9,30,112,212,-7,0,-1600
1802,10,20,-100,-212,4,0,-1600
1803,11,30,112,212,-7,0,-1600
1804,12,20,-100,-212,4,0,-1600
1805,13,30,112,212,-6,0,-1600
1806,14,20,-100,-212,4,0,-1600
1807,15,30,112,212,-6,0,-1600
1808,16,15,262,150,-21,-25,-1600
1809,17,7,212,-50,-27,-23,-1600
1810,18,7,200,-12,-26,-33,-1512
1811,19,12,100,-100,-29,-28,-1712
1812,20,12,0,-100,-27,-38,-1712
1813,21,14,19,19,-27,-30,-1712
1814,22,14,0,-19,-26,-40,-1631
1815,23,14,0,0,-24,-30,-1542
1816,24,14,33,33,-22,-15,-1409
1817,25,14,33,0,-21,-7,-1325
1818,26,14,33,0,-20,-7,-1252
1819,27,14,33,0,-18,-2,-1155
1820,28,14,33,0,-17,-2,-1155
1821,29,14,33,0,-16,0,-1155
1822,30,14,33,0,-15,0,-1155
1823,31,14,33,0,-14,0,-1155
1824,32,11,0,-33,-16,-3,-1155
1825,33,11,0,0,-15,-3,-1155
1826,34,14,33,33,-11,0,-1155
1827,35,14,33,0,-10,0,-1155
1828,36,19,-178,-211,-4,5,-1155
1829,37,19,-178,0,-4,5,-1155
1830,38,19,-178,0,-4,5,-1155
1831,39,19,-178,0,-4,5,-1095
1832,40,19,-178,0,-3,8,-1095
1833,41,19,-178,0,-3,8,-1095
1834,42,2,50,228,-20,-12,-1095
1835,43,2,50,0,-18,-12,-1095
1836,44,19,-178,-228,0,0,-1095
1837,45,19,-178,0,0,0,-999
1838,46,2,50,228,-17,-17,-999
1839,47,19,-178,-228,1,0,-849
1840,48,-3,-151,27,-21,-22,-849
1841,49,-3,-170,-19,-20,-22,-849
1842,50,-3,-168,2,-18,-5,-747
1843,51,-3,81,249,-17,-5,-747
1844,52,19,-178,-259,6,0,-747
1845,53,-3,81,259,-16,-22,-747
1846,54,-3,81,0,-15,-5,-1097
1847,55,-3,81,0,-14,-22,-1385
1848,56,-3,81,0,-13,0,-1191
1849,57,-3,81,0,-12,0,-1191
1850,58,-3,98,17,-12,0,-1074
1851,59,-3,98,0,-11,0,-1074
1852,60,-3,98,0,-10,-22,-1067
1853,61,1,0,-98,-5,4,-1067
1854,62,1,0,0,-5,4,-1067
1855,63,1,0,0,-5,4,-1067
1856,64,1,0,0,-4,4,-1073
1857,65,1,0,0,-4,4,-1128
1858,66,-6,0,0,-11,-3,-1128
1859,67,-6,0,0,-10,-3,-1170
1860,68,-6,0,0,-9,-3,-1172
1861,69,-13,-100,-100,-16,-14,-1172
1862,70,-6,0,100,-8,-7,-1172
1863,71,-6,0,0,-7,-7,-1172
1864,72,1,0,0,0,0,-1172
1865,73,-16,0,0,-17,-17,-1172
1866,74,-16,99,99,-15,-10,-1046
1867,75,-16,99,0,-14,-10,-1046
1868,76,-16,99,0,-14,-10,-1046
1869,77,1,0,-99,4,14,-1042
1870,78,1,0,0,4,7,-1042
1871,79,1,0,0,4,7,-1004
1872,80,1,0,0,4,0,-1004
1873,81,1,0,0,4,17,-1004
1874,82,-3,90,90,-1,13,-1004
1875,83,-3,90,0,0,13,-1004
1876,84,-3,90,0,0,13,-1004
1877,85,-3,90,0,0,-4,-1004
1878,86,-3,90,0,0,-4,-1004
1879,87,-3,90,0,0,-4,-982
1880,88,-3,90,0,0,-4,-982
1881,89,-3,90,0,0,-4,-982
1882,90,-3,90,0,0,0,-982
1883,91,1,0,-90,4,4,-968
1884,92,27,90,90,30,30,-918
1885,93,27,90,0,28,30,-918
1886,94,42,-100,-190,41,45,-918
1887,95,42,-100,0,39,45,-918
1888,96,42,-100,0,36,45,-918
1889,97,24,0,100,16,27,-918
1890,98,24,0,0,15,27,-918
1891,99,24,0,0,14,23,-918
1892,100,18,-78,-78,8,-9,-918
1893,101,24,0,78,13,-3,-742
1894,102,22,0,0,14,-16,-742
1895,103,19,0,0,17,-13,-742
1896,104,16,0,0,19,-10,-742
1897,105,16,0,0,17,8,-742
1898,106,22,0,0,10,2,-742
1899,107,6,0,0,26,18,-742
1900,108,24,-100,-100,42,42,-192
1901,109,18,2500,2600,46,42,-192
1902,110,18,2500,0,43,40,-192
1903,111,10,-100,-2600,48,45,-192
1904,112,18,2500,2600,37,34,8
1905,113,18,2500,0,35,34,8
1906,114,18,2500,0,33,40,8
1907,115,18,2500,0,31,24,8
1908,116,18,2500,0,29,6,8
1909,117,13,-150,-2650,32,5,8
1910,118,13,-150,0,30,5,8
1911,119,13,-150,0,29,-3,8
1912,120,13,-150,0,27,5,8
1913,121,13,-150,0,25,5,8
1914,122,14,-4950,-4800,25,6,314
1915,123,14,-4876,74,23,6,371
1916,124,14,-4876,0,22,6,371
1917,125,14,-4676,200,21,1,371
1918,126,14,-4676,0,19,1,371
1919,127,14,-4676,0,18,1,371
1920,128,14,-4876,-200,17,1,371
1921,129,14,-4876,0,16,1,371
1922,130,14,-4976,-100,15,0,371
1923,131,19,-2326,2650,9,-5,414
1924,132,19,-2326,0,9,-5,414
1925,133,18,2090,4416,7,-6,414
1926,134,18,2045,-45,7,-6,394
1927,135,42,-510,-2555,-17,-30,-2195
1928,136,24,0,510,-34,-48,-2195
1929,137,24,0,0,-32,-48,-2195
1930,138,24,-800,-800,-30,-48,-2195
1931,139,24,-800,0,-28,-43,-2195
1932,140,24,0,800,-26,-43,-2195
1933,141,24,0,0,-25,-42,-2195
1934,142,24,0,0,-23,-42,-2195
1935,143,24,0,0,-22,-18,-2195
1936,144,24,30,30,-20,0,-2156
1937,145,24,-70,-100,-19,0,-2156
1938,146,24,30,100,-18,0,-2156
1939,147,32,-400,-430,-8,8,-2156
1940,148,37,-100,300,-3,13,-2156
1941,149,27,-400,-300,-13,3,-2156
1942,150,27,-400,0,-12,3,-2156
1943,151,27,-400,0,-11,3,-2156
1944,152,27,-500,-100,-10,3,-2156
1945,153,27,-500,0,-9,3,-2156
1946,154,24,-400,100,-6,6,-2156
1947,155,24,-400,0,-5,-2,-2156
1948,156,19,100,500,-10,-12,-2156
1949,157,19,0,-100,-9,-2,-2156
1950,158,19,0,0,-9,-2,-2156
1951,159,22,-100,-100,-11,-5,-2338
1952,160,3,-200,-100,-29,-24,-2338
1953,161,3,-183,17,-27,-24,-2420
1954,162,22,-100,83,-7,-8,-2138
1955,163,2,50,150,-26,-28,-2138
1956,164,2,80,30,-25,-23,-2106
1957,165,22,-100,-180,-3,-3,-2008
1958,166,16,-100,0,-9,-9,-2008
1959,167,14,800,900,-6,-4,-2008
1960,168,14,800,0,-6,15,-2008
1961,169,14,800,0,-5,15,-2008
1962,170,14,800,0,-5,-4,-2008
1963,171,5,986,186,-13,7,-2008
1964,172,3,86,-900,-11,9,-2008
1965,173,5,986,900,-12,-13,-2008
1966,174,5,986,0,-11,-7,-2008
1967,175,5,986,0,-10,-9,-2008
1968,176,5,986,0,-10,-9,-2008
1969,177,5,986,0,-9,-9,-2008
1970,178,5,979,-7,-8,-9,-2008
1971,179,5,979,0,-8,0,-2008
1972,180,5,979,0,-7,-2,-2008
1973,181,5,979,0,-7,0,-2008
1974,182,5,979,0,-6,0,-2008
1975,183,5,979,0,-6,0,-2008
1976,184,5,979,0,-5,0,-2008
1977,185,5,979,0,-5,0,-2008
1978,186,5,979,0,-5,0,-2008
1979,187,5,979,0,-4,0,-2008
1980,188,5,2979,2000,-4,0,-2008
1981,189,5,2979,0,-4,0,-2008
1982,190,5,2979,0,-3,0,-2008
1983,191,5,2993,14,-3,0,-2004
1984,192,10,2900,-93,2,5,-2097
1985,193,10,2970,70,2,5,-2205
1986,194,10,2870,-100,2,5,-2205
1987,195,10,2900,30,2,5,-2275
1988,196,10,2970,70,2,5,-2105
1989,197,10,2870,-100,2,5,-2105
1990,198,10,2900,30,2,5,-2275
1991,199,10,2970,70,2,5,-2279
1992,200,10,2870,-100,2,0,-2279
1993,201,10,2900,30,2,0,-2199
1994,202,10,2970,70,2,0,-2084
1995,203,10,2870,-100,2,0,-2084
1996,204,10,2900,30,1,0,601
1997,205,10,2970,70,1,0,641
1998,206,10,2870,-100,1,0,641
1999,207,10,2900,30,1,0,871
2000,208,10,2970,70,1,0,924
2001,209,10,2870,-100,1,0,924
2002,210,10,2900,30,1,0,671
2003,211,10,2970,70,1,0,711
2004,212,10,2870,-100,1,0,711
2005,213,10,2900,30,1,0,721
2006,214,10,2915,15,1,0,722
2007,215,10,2815,-100,1,0,722
2008,216,10,2915,100,1,0,722
2009,217,25,2900,-15,16,15,722
2010,218,11,2900,0,1,1,722
2011,219,25,2900,0,15,15,722
2012,220,12,2900,0,2,2,722
2013,221,25,2900,0,14,15,722
2014,222,13,2900,0,2,3,722
2015,223,25,2900,0,14,15,722
2016,224,14,2900,0,2,4,722
2017,225,25,2900,0,13,0,722
2018,226,15,2900,0,2,4,722
2019,227,25,2900,0,12,0,722
2020,228,16,2900,0,2,4,722
2021,229,25,2900,0,11,0,722
2022,230,17,2900,0,2,4,722
2023,231,25,2900,0,10,0,722
2024,232,18,2900,0,3,4,722
2025,233,18,2900,0,3,-7,722
2026,234,18,2900,0,3,3,722
2027,235,25,1900,-1000,9,0,815
2028,236,25,1948,48,9,9,793
2029,237,25,1848,-100,8,0,793
2030,238,20,-1102,-2950,13,13,793
2031,239,20,-102,1000,12,5,793
2032,240,25,2848,2950,7,7,713
2033,241,25,1848,-1000,6,7,-357
2034,242,27,-52,-1900,4,5,-2387
2035,243,2,-57,-5,-21,-27,-2387
2036,244,2,-1,56,-20,-27,-2401
2037,245,27,-52,-51,6,-2,-2330
2038,246,19,47,99,14,1,-2330
2039,247,18,99,52,12,0,-2330
2040,248,19,47,-52,13,6,-2330
2041,249,17,99,52,10,4,-2330
2042,250,25,0,-99,1,-2,-2599
2043,251,27,-52,-52,3,25,-2599
2044,252,24,0,52,0,22,-2599
2045,253,27,-52,-52,3,0,-2599
2046,254,23,0,52,-1,-12,-2599
2047,255,27,-52,-52,3,-7,-2599
2048,0,22,0,52,-2,-13,-2599
2049,1,27,-52,-52,3,-6,-2599
2050,2,21,0,52,-3,-4,-2599
2051,3,27,-52,-52,3,0,-2599
2052,4,20,0,52,-4,-4,-2599
2053,5,27,-52,-52,4,0,-2599
2054,6,19,0,52,-5,-4,-2599
2055,7,27,-52,-52,4,0,-2599
2056,8,18,0,52,-5,-4,-2599
2057,9,27,-52,-52,4,0,-2599
2058,10,17,0,52,-6,-4,-2599
2059,11,17,0,0,-6,-10,-2599
2060,12,17,0,0,-5,-3,-2599
2061,13,17,0,0,-5,-10,-2599
2062,14,17,0,0,-5,-2,-2599
2063,15,17,0,0,-4,-10,-2599
2064,16,17,-100,-100,-4,-1,-2599
2065,17,17,0,100,-4,-10,-2529
2066,18,27,-52,-52,7,10,-2499
2067,19,22,-52,0,11,15,-2499
2068,20,10,-52,0,23,27,-2499
2069,21,10,-52,0,21,27,-2499
2070,22,10,-62,-10,20,27,-2539
2071,23,10,38,100,19,27,-2539
2072,24,10,-32,-70,18,27,-2679
2073,25,10,-52,-20,17,27,-2729
2074,26,10,-132,-80,16,17,-2879
2075,27,10,-32,100,15,12,-2879
2076,28,10,-52,-20,14,0,-2929
2077,29,10,-132,-80,13,0,-3024
2078,30,10,-32,100,12,0,-3024
2079,31,10,-52,-20,12,0,-3144
2080,32,10,-82,-30,11,0,-3222
2081,33,10,18,100,10,0,-3222
2082,34,10,-32,-50,10,0,-3222
2083,35,10,-52,-20,9,0,-2242
2084,36,10,-107,-55,9,0,-297
2085,37,10,-7,100,8,0,-297
2086,38,10,-52,-45,8,0,-398
2087,39,27,-52,0,-10,-17,-599
2088,40,10,-52,0,8,0,-599
2089,41,10,-146,-94,8,0,-494
2090,42,10,-46,100,7,0,-494
2091,43,5,-394,-348,2,-5,-494
2092,44,5,-344,50,2,-5,-544
2093,45,5,-238,106,2,-5,-538
2094,46,5,-93,145,2,-5,-383
2095,47,5,-83,10,1,12,-303
2096,48,5,-89,-6,1,-5,-289
2097,49,22,-89,0,-16,-22,-309
2098,50,5,-89,0,2,-5,-309
2099,51,22,-89,0,-15,-17,-389
2100,52,5,-89,0,3,0,-389
2101,53,5,11,100,3,0,-209
2102,54,5,11,0,3,0,-209
2103,55,22,11,0,-14,-17,-289
2104,56,5,11,0,4,0,-289
2105,57,22,11,0,-13,0,-359
2106,58,5,11,0,5,0,-359
2107,59,5,11,0,4,17,-359
2108,60,5,11,0,4,0,-359
2109,61,5,11,0,4,0,-359
2110,62,5,11,0,4,0,-359
2111,63,1,0,-11,0,13,-359
2112,64,1,0,0,0,-4,-359
2113,65,18,0,0,-17,-4,-409
2114,66,1,0,0,1,-4,-409
2115,67,5,11,11,5,0,-289
2116,68,5,-289,-300,5,0,-289
2117,69,4,-369,-80,5,1,-289
2118,70,4,-369,0,5,1,-289
2119,71,5,-289,80,4,4,-254
2120,72,22,-289,0,-13,-13,-309
2121,73,5,-289,0,5,21,-309
2122,74,22,-289,0,-13,-13,-309
2123,75,5,-289,0,5,0,-309
2124,76,5,-339,-50,5,0,-265
2125,77,5,-239,100,5,-1,-265
2126,78,5,-289,-50,4,-1,-365
2127,79,5,-339,-50,4,0,-521
2128,80,5,-239,100,4,17,-521
2129,81,5,-259,-20,4,0,-686
2130,82,5,-289,-30,4,17,-726
2131,83,5,-359,-70,3,0,-790
2132,84,5,-259,100,3,0,-790
2133,85,5,-289,-30,3,0,-720
2134,86,5,-359,-70,3,0,-690
2135,87,22,-289,70,-14,-17,-820
2136,88,5,-289,0,4,0,-820
2137,89,22,-289,0,-13,-17,-820
2138,90,5,-289,0,5,0,-820
2139,91,5,-200,89,4,0,-631
2140,92,5,11,211,4,0,-320
2141,93,10,-52,-63,9,5,-320
2142,94,10,-52,0,8,5,-320
2143,95,10,-52,0,8,22,-320
2144,96,10,0,52,8,5,-368
2145,97,10,48,48,7,22,-300
2146,98,10,-2,-50,7,5,-300
2147,99,9,66,68,7,6,-300
2148,100,9,76,10,7,6,-190
2149,101,4,68,-8,2,-4,-190
2150,102,4,-32,-100,2,-4,-190
2151,103,4,-32,0,1,-4,-190
2152,104,4,38,70,1,-4,-70
2153,105,5,70,32,0,-5,-70
2154,106,22,70,0,-17,-22,-120
2155,107,5,70,0,2,-6,-120
2156,108,22,70,0,-16,-23,-170
2157,109,5,70,0,2,-1,-170
2158,110,5,70,0,2,-1,-170
2159,111,22,70,0,-15,-18,-250
2160,112,5,70,0,3,-1,-250
2161,113,22,70,0,-14,-17,-320
2162,114,5,70,0,4,17,-320
2163,115,22,70,0,-13,-17,-350
2164,116,5,70,0,5,17,-350
2165,117,5,70,0,5,0,-350
2166,118,22,70,0,-13,-17,-420
2167,119,5,70,0,5,17,-420
2168,120,5,70,0,5,0,-420
2169,121,5,70,0,5,17,-420
2170,122,5,20,-50,4,0,-400
2171,123,5,120,100,4,17,-400
2172,124,1,100,-20,0,-4,-400
2173,125,1,100,0,0,-4,-400
2174,126,1,50,-50,0,13,-420
2175,127,18,50,0,-17,-21,-420
2176,128,1,50,0,1,-4,-420
2177,129,1,-28,-78,1,-4,-587
2178,130,1,72,100,1,-4,-587
2179,131,5,92,20,5,0,-587
2180,132,5,70,-22,5,4,-820
2181,133,5,42,-28,5,4,-900
2182,134,5,142,100,5,4,-900
2183,135,5,70,-72,4,21,-1020
2184,136,5,42,-28,4,4,-1058
2185,137,22,70,28,-13,-13,-1030
2186,138,5,70,0,5,4,-1030
2187,139,22,70,0,-12,-17,-1200
2188,140,5,70,0,5,0,-1200
2189,141,5,170,100,5,0,-1200
2190,142,5,155,-15,5,0,-1115
2191,143,5,255,100,5,0,-1115
2192,144,5,255,0,4,0,-1115
2193,145,5,170,-85,4,17,-1100
2194,146,5,155,-15,4,0,-1015
2195,147,5,154,-1,4,17,-916
2196,148,5,54,-100,4,0,-916
2197,149,22,70,16,-14,-17,-900
2198,150,5,70,0,4,0,-900
2199,151,5,50,-20,4,0,-820
2200,152,5,150,100,4,0,-820
2201,153,5,100,-50,4,0,-820
2202,154,5,70,-30,4,0,-800
2203,155,5,0,-70,3,0,-770
2204,156,5,100,100,3,0,-770
2205,157,4,70,-30,4,18,-770
2206,158,6,-100,-170,6,3,-662
2207,159,9,8,108,9,6,-440
2208,160,3,102,94,14,12,-440
2209,161,2,-72,-174,14,13,-440
2210,162,2,-30,42,14,13,-370
2211,163,7,13,43,18,18,-248
2212,164,9,-580,-593,19,20,-213
2213,165,9,-280,300,18,19,159
2214,166,9,-87,193,16,17,452
2215,167,9,13,100,15,14,567
2216,168,9,13,0,15,8,567
2217,169,14,-280,-293,19,12,659
2218,170,5,-207,73,27,21,659
2219,171,5,-173,34,25,16,708
2220,172,14,-246,-73,14,5,708
2221,173,14,-146,100,14,5,809
2222,174,14,-46,100,13,5,993
2223,175,18,-5006,-4960,16,9,993
2224,176,18,-4906,100,15,9,1113
2225,177,18,-4806,100,14,4,1263
2226,178,18,-4706,100,13,-5,1393
2227,179,18,-4606,100,13,-5,1563
2228,180,18,-4106,500,12,4,2033
2229,181,18,-4006,100,11,4,1933
2230,182,18,-3906,100,11,4,1991
2231,183,18,-3806,100,10,0,2041
2232,184,18,-3306,500,9,0,2534
2233,185,18,-2806,500,9,0,2734
2234,186,18,-2786,20,8,0,2561
2235,187,18,-2686,100,8,0,2561
2236,188,18,-2656,30,8,0,2584
2237,189,18,-2156,500,7,0,3050
2238,190,18,-2056,100,7,0,3050
2239,191,18,-1956,100,6,0,3050
2240,192,18,-1856,100,6,0,3050
2241,193,18,-1356,500,6,0,3450
2242,194,18,-356,1000,5,0,4350
2243,195,18,-80,276,5,0,4526
2244,196,18,-56,24,5,0,4050
2245,197,18,-156,-100,5,0,4050
2246,198,18,-156,0,4,0,4050
2247,199,18,-156,0,4,0,4050
2248,200,16,-76,80,6,2,4050
2249,201,18,-156,-80,4,0,3850
2250,202,16,-76,80,6,2,3850
2251,203,16,-76,0,5,2,3850
2252,204,16,-76,0,5,2,3850
2253,205,15,-510,-434,4,1,3850
2254,206,10,-510,0,9,6,3850
2255,207,15,-510,0,3,1,3650
2256,208,10,-510,0,8,4,3650
2257,209,10,-516,-6,7,6,3544
2258,210,10,-416,100,7,4,3544
2259,211,10,-316,100,7,4,3544
2260,212,10,-410,-94,6,4,2950
2261,213,10,-510,-100,6,5,2350
2262,214,10,-516,-6,6,0,2324
2263,215,10,-416,100,5,5,2324
2264,216,10,-316,100,5,0,2324
2265,217,10,-316,0,5,0,2324
2266,218,10,-317,-1,5,0,2223
2267,219,10,-410,-93,4,0,2100
2268,220,10,-510,-100,4,0,1500
2269,221,10,-517,-7,4,0,1393
2270,222,7,-7,510,1,-3,1393
2271,223,7,93,100,1,-3,1393
2272,224,7,0,-93,1,-3,1200
2273,225,12,0,0,-4,-8,1000
2274,226,7,-93,-93,1,-3,1000
2275,227,10,-603,-510,4,0,1000
2276,228,15,-510,93,-1,-5,1000
2277,229,15,-510,0,-1,-5,1000
2278,230,15,-510,0,-1,-2,1000
2279,231,17,-590,-80,-3,-4,400
2280,232,15,-510,80,0,-2,400
2281,233,16,-76,434,1,4,400
2282,234,16,-76,0,1,-1,400
2283,235,11,-76,0,6,1,400
2284,236,11,-76,0,5,6,400
2285,237,10,-510,-434,4,5,400
2286,238,15,-510,0,-1,0,-700
2287,239,10,-510,0,4,7,-700
2288,240,10,-295,215,4,5,-761
2289,241,9,0,295,3,3,-761
2290,242,10,-295,-295,3,4,-761
2291,243,10,-295,0,3,-1,-761
2292,244,10,-295,0,3,-1,-761
2293,245,10,-295,0,3,0,-761
2294,246,10,-295,0,3,5,-761
2295,247,10,-295,0,3,0,-761
2296,248,10,-295,0,3,0,-761
2297,249,10,-295,0,3,1,-761
2298,250,15,-295,0,-3,-5,-885
2299,251,9,-295,0,4,1,-885
2300,252,15,-295,0,-3,-5,-885
2301,253,15,-195,100,-2,-5,-885
2302,254,15,-95,100,-2,-5,-685
2303,255,18,50,145,1,-2,-290
2304,0,18,50,0,1,-2,-290
2305,1,18,50,0,1,-2,-184
2306,2,18,50,0,1,3,-184
2307,3,18,50,0,1,-3,-184
2308,4,18,50,0,1,3,-184
2309,5,18,50,0,1,3,-184
2310,6,18,50,0,1,3,10
2311,7,18,50,0,1,0,10
2312,8,18,50,0,1,0,10
2313,9,18,50,0,1,0,210
2314,10,18,50,0,1,0,416
2315,11,-5,-50,-100,24,23,416
2316,12,18,50,100,0,0,317
2317,13,18,50,0,0,0,440
2318,14,18,50,0,0,0,580
2319,15,18,50,0,0,0,647
2320,16,18,50,0,0,0,647
2321,17,18,50,0,0,0,780
2322,18,18,50,0,0,0,890
2323,19,18,50,0,0,-23,890
2324,20,18,50,0,0,0,1080
2325,21,18,50,0,0,0,1190
2326,22,18,50,0,0,0,1015
2327,23,-14,-50,-100,32,32,1015
2328,24,18,50,100,-2,0,1015
2329,25,-14,-50,-100,31,32,1015
2330,26,-14,-50,0,29,32,1015
2331,27,18,50,100,-5,0,815
2332,28,-14,-50,-100,27,32,815
2333,29,18,50,100,-6,0,420
2334,30,-14,-50,-100,26,32,420
2335,31,18,50,100,-7,-32,220
2336,32,-14,-50,-100,25,32,220
2337,33,18,50,100,-8,-32,220
2338,34,-10,-50,-100,20,-4,220
2339,35,18,50,100,-9,0,220
2340,36,-4,-50,-100,14,-10,220
2341,37,-4,-50,0,13,22,220
2342,38,-4,-50,0,12,-10,220
2343,39,18,50,100,-11,0,220
2344,40,12,-50,-100,-4,-26,220
2345,41,18,50,100,-10,0,220
2346,42,18,50,0,-9,-28,220
2347,43,18,50,0,-8,0,220
2348,44,-2,50,0,12,-2,220
2349,45,18,50,0,-8,-22,-80
2350,46,18,50,0,-8,-22,-173
2351,47,18,50,0,-7,0,-305
2352,48,-11,32,-18,22,23,-305
2353,49,18,50,18,-8,0,-387
2354,50,2,-83,-133,8,16,-387
2355,51,2,-83,0,8,16,-387
2356,52,2,-83,0,8,-4,-387
2357,53,18,50,133,-9,0,-387
2358,54,15,100,50,-11,-3,-387
2359,55,13,100,0,-13,-5,-387
2360,56,15,100,0,-10,-32,-387
2361,57,15,100,0,-9,-3,-387
2362,58,15,0,-100,-8,-19,-387
2363,59,15,125,125,-8,-19,-387
2364,60,15,25,-100,-7,-19,-517
2365,61,15,-15,-40,-7,-3,-597
2366,62,15,85,100,-6,0,-597
2367,63,15,85,0,-6,2,-597
2368,64,15,-15,-100,-5,0,-597
2369,65,15,-15,0,-5,0,-597
2370,66,15,-15,0,-5,0,-597
2371,67,15,-15,0,-4,0,-597
2372,68,7,36,51,-12,-8,-597
2373,69,7,136,100,-11,-8,-557
2374,70,15,-15,-151,-2,0,-548
2375,71,13,-15,0,-4,-2,-548
2376,72,13,-15,0,-4,-2,-548
2377,73,13,-100,-85,-4,-2,-548
2378,74,8,-115,-15,2,3,-548
2379,75,8,-115,0,2,3,-548
2380,76,13,-100,15,-3,6,-643
2381,77,13,-100,0,-3,6,-643
2382,78,15,-180,-80,-5,-4,-833
2383,79,13,-100,80,-3,0,-833
2384,80,15,-180,-80,-4,-2,-943
2385,81,13,-100,80,-2,0,-943
2386,82,13,-101,-1,-2,-5,-984
2387,83,13,-1,100,-2,-5,-984
2388,84,13,-100,-99,-1,0,-983
2389,85,13,-101,-1,-1,0,-884
2390,86,13,-1,100,-1,2,-884
2391,87,13,-100,-99,-1,0,-883
2392,88,13,-101,-1,-1,2,-784
2393,89,13,-1,100,-1,0,-784
2394,90,13,-1,0,-1,0,-784
2395,91,13,-100,-99,-1,0,-683
2396,92,40,-100,0,-27,-27,-790
2397,93,13,-100,0,1,0,-790
2398,94,13,-150,-50,1,0,-908
2399,95,13,-50,100,1,0,-908
2400,96,3,1800,1850,11,10,-908
2401,97,3,1534,-266,11,10,-992
2402,98,3,1534,0,10,10,-992
2403,99,3,1634,100,9,10,-792
2404,100,5,1534,-100,11,39,-652
2405,101,5,1634,100,10,12,-652
2406,102,5,1534,-100,10,12,-652
2407,103,5,1534,0,9,12,-652
2408,104,5,1534,0,9,2,-652
2409,105,5,83,-1451,8,2,-2152
2410,106,4,-17,-100,7,1,-2152
2411,107,4,-117,-100,6,1,-2167
2412,108,5,-17,100,7,0,-2167
2413,109,5,-117,-100,7,0,-2167
2414,110,15,-50,67,-4,-10,-2150
2415,111,10,133,183,-8,-15,-2150
2416,112,15,-50,-183,-3,-10,-2150
2417,113,10,149,199,-8,-15,-2150
2418,114,10,149,0,-7,-14,-2150
2419,115,10,149,0,-7,-14,-2150
2420,116,10,149,0,-6,-15,-2150
2421,117,10,149,0,-6,-15,-2150
2422,118,10,149,0,-5,-5,-2150
2423,119,10,149,0,-5,0,-2150
2424,120,10,399,250,-4,-5,-2150
2425,121,10,349,-50,-4,0,-2199
2426,122,10,297,-52,-4,0,-2152
2427,123,10,397,100,-4,0,-2152
2428,124,10,349,-48,-3,0,-2199
2429,125,10,99,-250,-3,0,-2350
2430,126,10,46,-53,-3,0,-2402
2431,127,10,146,100,-3,0,-2402
2432,128,10,99,-47,-2,0,-2350
2433,129,25,99,0,-17,-15,-2350
2434,130,10,99,0,-1,0,-2350
2435,131,25,99,0,-16,-15,-2400
2436,132,10,99,0,0,0,-2400
2437,133,25,99,0,-15,-15,-2234
2438,134,10,99,0,1,0,-2234
2439,135,10,97,-2,1,0,-2336
2440,136,10,197,100,1,0,-2336
2441,137,10,99,-98,1,15,-2534
2442,138,25,99,0,-14,-15,-2734
2443,139,10,28,-71,2,15,-2734
2444,140,10,28,0,2,0,-2734
2445,141,25,99,71,-13,0,-1312
2446,142,15,-871,-970,-22,-25,-1312
2447,143,15,-871,0,-21,-25,-1312
2448,144,15,-871,0,-19,-25,-1312
2449,145,5,0,871,-28,-35,-1312
2450,146,4,50,50,-27,-21,-1312
2451,147,4,50,0,-25,-36,-1312
2452,148,1,0,-50,-27,-39,-1312
2453,149,4,50,50,-22,-21,-1112
2454,150,1,15,-35,-24,-14,-1112
2455,151,4,50,35,-19,-11,-927
2456,152,4,35,-15,-18,-11,-859
2457,153,15,-886,-921,-6,10,-859
2458,154,12,35,921,-8,8,-859
2459,155,7,350,315,-3,13,-859
2460,156,7,350,0,-2,16,-859
2461,157,20,399,49,11,26,-859
2462,158,20,399,0,10,29,-859
2463,159,10,395,-4,0,16,-859
2464,160,15,80,-315,-5,11,-859
2465,161,25,84,4,5,10,-804
2466,162,10,394,310,20,28,-804
2467,163,10,394,0,19,23,-804
2468,164,25,84,-310,2,8,-1147
2469,165,5,-420,-504,-18,-25,-1147
2470,166,25,84,504,4,-5,-594
2471,167,16,499,415,12,14,-594
2472,168,25,84,-415,3,10,-594
2473,169,5,-315,-399,-17,-20,-594
2474,170,5,-315,0,-16,-35,-594
2475,171,5,-315,0,-15,-35,-594
2476,172,5,-315,0,-14,-20,-594
2477,173,5,-315,0,-13,0,-594
2478,174,5,-315,0,-12,-20,-594
2479,175,5,-315,0,-12,-29,-594
2480,176,2,-399,-84,-8,-17,-594
2481,177,2,14,413,-7,3,-594
2482,178,2,14,0,-7,3,-594
2483,179,2,13,-1,-6,3,-345
2484,180,2,-386,-399,-6,3,-691
2485,181,2,-386,0,-5,3,-691
2486,182,2,-301,85,-5,3,-559
2487,183,17,-215,86,-20,-12,-473
2488,184,13,64,279,-22,-19,-473
2489,185,13,74,10,-21,-19,-363
2490,186,17,-215,-289,-16,-15,-237
2491,187,27,-400,-185,-5,-5,-237
2492,188,17,-135,265,-14,-15,-237
2493,189,17,-135,0,-13,-15,-237
2494,190,17,-135,0,-12,-15,-237
2495,191,17,-135,0,-12,0,-237
2496,192,17,-135,0,-11,4,-237
2497,193,17,-135,0,-10,4,-237
2498,194,27,-400,-265,1,10,-237
2499,195,27,-400,0,1,0,-237
2500,196,27,-400,0,1,10,-237
2501,197,27,-399,1,1,10,-234
2502,198,10,751,1150,18,27,-234
2503,199,27,-399,-1150,0,10,-234
2504,200,8,751,1150,19,29,-234
2505,201,18,1249,498,28,39,-234
2506,202,8,851,-398,16,19,-234
2507,203,8,351,-500,15,19,-636
2508,204,8,341,-10,14,19,-546
2509,205,8,331,-10,13,19,-527
2510,206,8,321,-10,12,2,-637
2511,207,8,311,-10,12,19,-732
2512,208,8,361,50,11,0,-732
2513,209,8,351,-10,10,-10,-727
2514,210,8,341,-10,10,0,-742
2515,211,8,331,-10,9,0,-357
2516,212,8,321,-10,9,0,-872
2517,213,8,311,-10,8,0,-881
2518,214,8,-349,-660,8,0,-1142
2519,215,27,-299,50,-12,-19,-1277
2520,216,23,-100,199,-15,-23,-1277
2521,217,27,-299,-199,-10,-19,-1277
2522,218,27,-299,0,-9,-19,-1277
2523,219,9,-299,0,10,-1,-1277
2524,220,9,-399,-100,9,-1,-1277
2525,221,27,-399,0,-10,-19,-1363
2526,222,18,-300,99,-18,-28,-1363
2527,223,18,-200,100,-17,-9,-1273
2528,224,18,-200,0,-16,-5,-1273
2529,225,18,-200,0,-15,-9,-1273
2530,226,17,-300,-100,-15,-10,-1273
2531,227,17,-300,0,-14,-28,-1273
2532,228,17,-300,0,-13,-28,-1273
2533,229,27,-409,-109,-2,0,-1273
2534,230,5,-300,109,-24,-13,-1273
2535,231,5,-175,125,-22,-13,-1174
2536,232,5,-75,100,-21,-13,-1075
2537,233,27,-409,-334,3,9,-400
2538,234,5,-300,109,-19,-12,-400
2539,235,5,-175,125,-18,-12,-265
2540,236,5,-170,5,-17,-12,-250
2541,237,5,-120,50,-16,-22,-190
2542,238,5,-120,0,-15,0,-190
2543,239,5,-120,0,-14,0,-190
2544,240,5,-52,68,-13,0,-112
2545,241,5,-52,0,-12,-22,-112
2546,242,5,-52,0,-11,0,-112
2547,243,5,-52,0,-10,0,-112
2548,244,5,-52,0,-10,0,-112
2549,245,22,50,102,8,17,50
2550,246,5,-300,-350,-9,0,50
2551,247,5,-152,148,-9,0,208
2552,248,4,-100,52,-9,-1,208
2553,249,5,-152,-52,-8,0,418
2554,250,22,50,202,10,17,680
2555,251,22,50,0,9,17,680
2556,252,22,50,0,9,17,680
2557,253,22,30,-20,8,0,680
2558,254,22,80,50,8,17,680
2559,255,22,80,0,8,17,680
2560,0,22,80,0,7,18,680
2561,1,20,55,-25,9,19,680
2562,2,20,-445,-500,8,2,680
2563,3,20,-445,0,8,2,680
2564,4,20,-425,20,7,2,710
2565,5,20,-350,75,7,2,1445
2566,6,25,-434,-84,12,7,1920
2567,7,7,-409,25,29,25,1920
2568,8,25,-434,-25,9,7,1920
2569,9,7,-259,175,27,23,1920
2570,10,7,140,399,25,23,1920
2571,11,7,141,1,24,23,2021
2572,12,7,240,99,22,23,2020
2573,13,7,241,1,21,23,1896
2574,14,17,249,8,30,28,1805
2575,15,13,99,-150,32,14,1805
2576,16,11,99,0,32,34,1805
2577,17,11,99,0,30,16,1805
2578,18,17,249,150,22,10,1805
2579,19,22,150,-99,26,15,1631
2580,20,22,150,0,24,15,1631
2581,21,22,241,91,23,15,1597
2582,22,22,141,-100,21,5,1597
2583,23,22,141,0,20,1,1597
2584,24,22,141,0,19,-1,1597
2585,25,22,141,0,18,-1,1597
2586,26,22,141,0,17,5,1597
2587,27,12,-9,-150,26,10,1597
2588,28,12,0,9,24,10,1601
2589,29,12,91,91,23,10,1642
2590,30,12,-9,-100,21,10,1642
2591,31,12,0,9,20,10,1583
2592,32,12,11,11,19,10,1442
2593,33,6,0,-11,12,4,1442
2594,34,16,150,150,1,-6,1442
2595,35,2,0,-150,15,-2,1442
2596,36,16,150,150,0,-16,1194
2597,37,16,150,0,0,-16,1194
2598,38,16,150,0,0,-16,1194
2599,39,36,0,-150,-20,-36,1194
2600,40,36,0,0,-18,-36,1194
2601,41,36,0,0,-17,-30,1194
2602,42,36,0,0,-16,-20,1194
2603,43,42,11,11,-9,-28,1194
2604,44,35,0,-11,-15,-21,1194
2605,45,34,90,90,-15,-22,1194
2606,46,34,90,0,-14,-22,1194
2607,47,27,0,-90,-20,-9,1194
2608,48,27,0,0,-19,-9,1194
2609,49,26,99,99,-19,-10,1194
2610,50,27,0,-99,-17,-9,995
2611,51,27,99,99,-15,-15,842
2612,52,27,99,0,-14,-8,842
2613,53,23,50,-49,-18,-11,842
2614,54,27,99,49,-12,-7,872
2615,55,27,-101,-200,-12,0,872
2616,56,27,-151,-50,-11,0,872
2617,57,27,-151,0,-10,1,872
2618,58,25,95,246,-11,-2,872
2619,59,25,95,0,-11,-2,872
2620,60,25,95,0,-10,-2,872
2621,61,17,0,-95,-17,-6,872
2622,62,16,0,0,-17,-11,872
2623,63,13,0,0,-19,-14,872
2624,64,13,0,0,-18,-14,872
2625,65,13,0,0,-16,-14,872
2626,66,13,0,0,-15,-12,872
2627,67,13,1,1,-14,-12,798
2628,68,11,201,200,-11,-10,798
2629,69,11,201,0,-11,-2,798
2630,70,11,201,0,-10,-1,798
2631,71,11,201,0,-9,2,798
2632,72,11,101,-100,-9,2,273
2633,73,13,1,-100,-10,0,72
2634,74,13,1,0,-9,0,72
2635,75,11,-97,-98,-7,2,72
2636,76,23,-3,94,6,12,72
2637,77,22,5,8,6,13,72
2638,78,11,-90,-95,-5,2,72
2639,79,11,-90,0,-5,2,72
2640,80,11,-90,0,-4,2,72
2641,81,7,-40,50,-8,0,72
2642,82,11,-90,-50,-3,4,23
2643,83,22,5,95,8,13,122
2644,84,23,397,392,6,0,122
2645,85,18,495,98,11,4,122
2646,86,7,488,-7,-1,4,122
2647,87,18,495,7,11,15,125
2648,88,23,397,-98,5,10,125
2649,89,10,495,98,18,27,125
2650,90,10,395,-100,17,23,24
2651,91,10,295,-100,16,12,-167
2652,92,10,195,-100,15,13,-276
2653,93,10,95,-100,14,8,-467
2654,94,23,397,302,0,6,-576
2655,95,23,397,0,0,-5,-576
2656,96,23,397,0,0,0,-576
2657,97,23,397,0,0,-13,-576
2658,98,12,392,-5,-11,-24,-576
2659,99,12,392,0,-10,-24,-576
2660,100,21,302,-90,0,-15,-576
2661,101,21,302,0,0,-15,-576
2662,102,21,202,-100,0,-2,-576
2663,103,21,202,0,0,-2,-576
2664,104,21,202,0,0,-2,-576
2665,105,21,202,0,0,-2,-576
2666,106,21,202,0,0,9,-576
2667,107,21,200,-2,0,9,-589
2668,108,21,2,-198,0,0,-687
2669,109,21,2,0,0,0,-687
2670,110,21,2,0,0,0,-687
2671,111,21,2,0,0,0,-687
2672,112,21,2,0,0,0,-687
2673,113,21,2,0,0,0,-687
2674,114,21,2,0,0,0,-687
2675,115,21,2,0,0,0,-687
2676,116,21,2,0,0,0,-687
2677,117,21,2,0,0,0,-687
2678,118,21,2,0,0,0,-687
2679,119,21,2,0,0,0,-687
2680,120,21,2,0,0,0,-687
2681,121,21,2,0,0,0,-687
2682,122,21,102,100,0,0,-687
2683,123,21,102,0,0,0,-687
2684,124,21,102,0,0,0,-687
2685,125,21,2,-100,0,0,-687
2686,126,21,2,0,0,0,-687
2687,127,21,2,0,0,0,-687
2688,128,21,2,0,0,0,-687
2689,129,21,2,0,0,0,-687
2690,130,21,102,100,0,0,-687
2691,131,21,102,0,0,0,-687
2692,132,21,102,0,0,0,-687
2693,133,21,2,-100,0,0,-687
2694,134,21,2,0,0,0,-687
2695,135,21,2,0,0,0,-687
2696,136,21,2,0,0,0,-687
2697,137,21,2,0,0,0,-687
2698,138,21,102,100,0,0,-687
2699,139,21,102,0,0,0,-687
2700,140,21,102,0,0,0,-687
2701,141,21,2,-100,0,0,-687
2702,142,21,2,0,0,0,-687
2703,143,21,2,0,0,0,-687
2704,144,21,2,0,0,0,-687
2705,145,12,152,150,-9,-9,-687
2706,146,12,52,-100,-8,-9,-687
2707,147,5,350,298,0,-2,-687
2708,148,5,350,0,0,-2,-687
2709,149,5,350,0,0,-2,-687
2710,150,5,350,0,0,-2,-687
2711,151,5,351,1,0,-2,-687
2712,152,5,351,0,0,-2,-687
2713,153,5,351,0,0,7,-687
2714,154,5,351,0,0,7,-687
2715,155,5,351,0,0,0,-687
2716,156,5,351,0,0,0,-687
2717,157,5,400,49,0,0,-737
2718,158,14,300,-100,9,9,-687
2719,159,13,-100,-400,10,10,-687
2720,160,12,-100,0,10,11,-687
2721,161,11,-100,0,11,12,-687
2722,162,11,-100,0,10,12,-687
2723,163,11,-100,0,9,12,-687
2724,164,8,-197,-97,12,15,-687
2725,165,8,-97,100,11,15,-687
2726,166,8,-97,0,11,6,-687
2727,167,8,-97,0,10,5,-687
2728,168,8,-100,-3,9,4,-691
2729,169,20,-100,0,-3,-9,-691
2730,170,12,3,103,-11,-17,-691
2731,171,13,105,102,-11,-18,-691
2732,172,13,105,0,-10,-21,-691
2733,173,13,105,0,-10,-21,-691
2734,174,13,105,0,-9,-21,-691
2735,175,13,5,-100,-8,-21,-691
2736,176,13,5,0,-8,-21,-691
2737,177,13,5,0,-7,-9,-691
2738,178,13,5,0,-7,-1,-691
2739,179,13,5,0,-6,0,-691
2740,180,13,5,0,-6,0,-691
2741,181,13,5,0,-5,0,-691
2742,182,13,105,100,-5,0,-691
2743,183,13,105,0,-5,0,-691
2744,184,13,105,0,-4,0,-691
2745,185,13,105,0,-4,0,-691
2746,186,13,5,-100,-4,0,-691
2747,187,13,5,0,-3,0,-691
2748,188,13,5,0,-3,0,-691
2749,189,13,5,0,-3,0,-691
2750,190,13,5,0,-3,0,-691
2751,191,13,105,100,-2,0,-691
2752,192,13,105,0,-2,0,-691
2753,193,13,105,0,-2,0,-691
2754,194,13,5,-100,-2,0,-691
2755,195,13,5,0,-2,0,-691
2756,196,13,5,0,-1,0,-691
2757,197,13,5,0,-1,0,-691
2758,198,13,105,100,-1,0,-691
2759,199,13,105,0,-1,0,-691
2760,200,13,5,-100,-1,0,-691
2761,201,13,5,0,-1,0,-691
2762,202,13,5,0,-1,0,-691
2763,203,13,105,100,-1,0,-691
2764,204,13,105,0,0,0,-691
2765,205,13,105,0,0,0,-691
2766,206,13,5,-100,0,0,-691
2767,207,13,5,0,0,0,-691
2768,208,13,5,0,0,0,-691
2769,209,13,5,0,0,0,-691
2770,210,13,5,0,0,0,-691
2771,211,13,105,100,0,0,-691
2772,212,13,105,0,0,0,-691
2773,213,13,105,0,0,0,-691
2774,214,13,5,-100,0,0,-691
2775,215,13,5,0,0,0,-691
2776,216,13,5,0,0,0,-691
2777,217,13,5,0,0,0,-691
2778,218,13,5,0,0,0,-691
2779,219,13,105,100,0,0,-691
2780,220,13,105,0,0,0,-691
2781,221,13,105,0,0,0,-691
2782,222,13,5,-100,0,0,-691
2783,223,13,5,0,0,0,-691
2784,224,13,5,0,0,0,-691
2785,225,10,152,147,-3,-3,-691
2786,226,10,152,0,-2,-3,-691
2787,227,10,152,0,-2,-3,-691
2788,228,10,155,3,-2,-3,-488
2789,229,10,55,-100,-2,-3,-488
2790,230,10,55,0,-2,-3,-488
2791,231,9,2,-53,-2,-4,-488
2792,232,10,55,53,-1,-3,-488
2793,233,10,102,47,-1,0,-491
2794,234,10,155,53,-1,0,-538
2795,235,13,105,-50,2,3,-538
2796,236,5,-44,-149,10,11,-538
2797,237,5,-44,0,10,11,-538
2798,238,5,-44,0,9,11,-538
2799,239,5,-44,0,8,12,-538
2800,240,6,-47,-3,9,12,-538
2801,241,11,-47,0,13,17,-538
2802,242,11,-47,0,13,17,-538
2803,243,13,-47,0,14,16,-538
2804,244,13,-47,0,13,8,-538
2805,245,7,0,47,18,14,-538
2806,246,7,-100,-100,17,14,-538
2807,247,7,-100,0,16,14,-538
2808,248,7,-100,0,15,13,-538
2809,249,7,-100,0,14,8,-538
2810,250,7,-100,0,14,8,-538
2811,251,7,-100,0,13,6,-538
2812,252,7,-100,0,12,6,-538
2813,253,7,-100,0,11,0,-538
2814,254,7,-100,0,11,0,-538
2815,255,7,0,100,10,0,-538
2816,0,7,0,0,10,0,-538
2817,1,7,0,0,9,0,-538
2818,2,7,-100,-100,8,0,-538
2819,3,7,-100,0,8,0,-538
2820,4,7,-100,0,8,0,-538
2821,5,7,-100,0,7,0,-538
2822,6,7,-150,-50,7,0,-600
2823,7,7,-150,0,6,0,-600
2824,8,7,-150,0,6,0,-600
2825,9,7,-150,0,6,0,-600
2826,10,7,-150,0,5,0,-600
2827,11,7,-150,0,5,0,-600
2828,12,7,-150,0,5,0,-600
2829,13,7,-150,0,5,0,-600
2830,14,8,-147,3,3,-1,-600
2831,15,8,-156,-9,3,-1,-509
2832,16,8,-156,0,3,-1,-509
2833,17,8,-156,0,3,-1,-509
2834,18,8,-156,0,3,-1,-509
2835,19,8,-256,-100,3,-1,-509
2836,20,8,-156,100,3,-1,-509
2837,21,8,-256,-100,3,-1,-509
2838,22,8,-156,100,2,0,-309
2839,23,8,-56,100,2,0,-109
2840,24,10,39,95,4,2,91
2841,25,10,139,100,4,2,91
2842,26,10,139,0,4,2,91
2843,27,12,-3847,-3986,6,4,196
2844,28,12,-3947,-100,5,4,196
2845,29,10,-3847,100,7,6,196
2846,30,10,-3847,0,7,6,196
2847,31,10,-3947,-100,6,6,196
2848,32,10,-3947,0,6,4,196
2849,33,9,-3947,0,7,5,196
2850,34,9,-3947,0,6,5,196
2851,35,7,44,3991,4,1,196
2852,36,7,44,0,4,1,196
2853,37,7,44,0,4,-1,196
2854,38,11,0,-44,0,-5,196
2855,39,11,0,0,0,-5,196
2856,40,11,0,0,0,-5,196
2857,41,7,44,44,4,-2,196
2858,42,7,44,0,4,-2,196
2859,43,7,44,0,3,0,196
2860,44,7,-55,-99,3,0,99
2861,45,11,0,55,-1,-4,99
2862,46,7,-55,-55,3,4,99
2863,47,7,-55,0,3,4,99
2864,48,7,-74,-19,3,4,278
2865,49,11,0,74,-1,-4,251
2866,50,11,-24,-24,-1,-4,178
2867,51,11,-124,-100,-1,-4,178
2868,52,11,-124,0,-1,-4,178
2869,53,11,-124,0,-1,0,178
2870,54,11,-124,0,-1,-4,178
2871,55,11,-124,0,0,-4,178
2872,56,11,-124,0,0,-4,178
2873,57,11,-124,0,0,0,178
2874,58,11,-124,0,0,0,178
2875,59,17,-100,24,-6,-6,2
2876,60,20,-100,0,-9,-9,2
2877,61,20,-100,0,-8,-9,2
2878,62,20,0,100,-8,-9,2
2879,63,20,0,0,-7,-9,2
2880,64,20,0,0,-7,-9,2
2881,65,16,-100,-100,-2,-5,2
2882,66,12,-185,-85,2,-1,2
2883,67,12,-185,0,2,5,2
2884,68,2,-485,-300,-8,-2,2
2885,69,6,-300,185,-11,-6,-10
2886,70,6,-400,-100,-11,-6,-10
2887,71,6,-485,-85,-10,-6,-98
2888,72,10,-300,185,-13,-10,-98
2889,73,10,-400,-100,-12,-14,-98
2890,74,10,-400,0,-12,-18,-98
2891,75,10,-500,-100,-11,-18,-98
2892,76,10,-400,100,-10,-8,-98
2893,77,8,115,515,-11,-6,-98
2894,78,8,115,0,-11,-6,-98
2895,79,7,115,0,-11,-7,-98
2896,80,7,115,0,-10,-3,-98
2897,81,7,115,0,-9,-3,-98
2898,82,7,15,-100,-9,-3,-98
2899,83,7,65,50,-8,-3,-95
2900,84,7,65,0,-8,-3,-95
2901,85,7,65,0,-7,-1,-95
2902,86,7,65,0,-7,-1,-95
2903,87,7,65,0,-6,0,-95
2904,88,7,165,100,-6,0,-95
2905,89,7,165,0,-5,0,-95
2906,90,7,65,-100,-5,0,-95
2907,91,6,65,0,-5,-1,-95
2908,92,6,65,0,-5,-1,-95
2909,93,6,65,0,-5,-1,-95
2910,94,2,0,-65,-8,-5,-95
2911,95,5,102,102,-11,-8,-248
2912,96,5,102,0,-10,-8,-248
2913,97,5,102,0,-9,-8,-248
2914,98,3,102,0,-11,-10,-248
2915,99,3,102,0,-10,-9,-248
2916,100,3,102,0,-9,-9,-248
2917,101,3,102,0,-9,-9,-248
2918,102,3,102,0,-8,-5,-248
2919,103,3,102,0,-7,-2,-248
2920,104,3,102,0,-7,-2,-248
2921,105,3,102,0,-6,-2,-248
2922,106,3,67,-35,-6,0,-248
2923,107,3,67,0,-6,0,-248
2924,108,3,67,0,-5,0,-248
2925,109,3,67,0,-5,0,-248
2926,110,3,67,0,-4,0,-248
2927,111,3,-33,-100,-4,0,-298
2928,112,3,-133,-100,-4,0,-389
2929,113,5,-35,98,-5,-2,-491
2930,114,3,265,300,-3,0,-491
2931,115,3,265,0,-3,0,-491
2932,116,3,265,0,-3,0,-491
2933,117,3,165,-100,-2,0,-691
2934,118,3,265,100,-2,0,-691
2935,119,3,165,-100,-2,0,-891
2936,120,5,65,-100,-4,-2,-1096
2937,121,4,65,0,-4,-1,-1096
2938,122,4,65,0,-4,-3,-1096
2939,123,4,65,0,-4,-3,-1096
2940,124,4,65,0,-4,-3,-1096
2941,125,2,0,-65,-5,-5,-1096
2942,126,2,0,0,-5,-5,-1000
2943,127,2,0,0,-5,-5,-1078
2944,128,2,-35,-35,-4,-3,-1078
2945,129,2,-35,0,-4,-2,-1078
2946,130,2,65,100,-4,-2,-952
2947,131,2,98,33,-3,-2,-895
2948,132,2,98,0,-3,-2,-895
2949,133,2,98,0,-3,0,-895
2950,134,2,98,0,-3,0,-895
2951,135,2,98,0,-2,0,-895
2952,136,2,98,0,-2,0,-895
2953,137,2,98,0,-2,0,-895
2954,138,2,98,0,-2,0,-895
2955,139,2,98,0,-2,0,-822
2956,140,2,98,0,-1,0,-822
2957,141,2,98,0,-1,0,-822
2958,142,0,98,0,-3,-2,-822
2959,143,0,98,0,-3,-2,-822
2960,144,0,98,0,-3,-2,-822
2961,145,-2,98,0,-4,-4,-822
2962,146,-2,98,0,-4,-4,-822
2963,147,15,-400,-498,13,13,-805
2964,148,15,-500,-100,12,13,-805
2965,149,15,-500,0,12,13,-805
2966,150,15,-500,0,11,15,-805
2967,151,14,85,585,9,14,-805
2968,152,14,85,0,9,14,-805
2969,153,14,85,0,8,16,-708
2970,154,14,85,0,8,16,-626
2971,155,-1,0,-85,-7,-16,-626
2972,156,-1,-100,-100,-7,-16,-626
2973,157,-1,-100,0,-6,-16,-626
2974,158,-1,0,100,-6,-16,-626
2975,159,5,0,0,0,-9,-626
2976,160,14,85,85,9,0,-626
2977,161,14,85,0,9,0,-626
2978,162,14,85,0,8,0,-626
2979,163,14,85,0,8,15,-626
2980,164,7,99,14,1,8,-626
2981,165,7,99,0,1,8,-626
2982,166,-3,0,-99,-9,-2,-626
2983,167,-3,-100,-100,-9,-8,-626
2984,168,-3,-100,0,-8,-17,-626
2985,169,-3,0,100,-8,-17,-626
2986,170,3,0,0,-1,-11,-626
2987,171,3,0,0,-1,-11,-626
2988,172,7,99,99,3,0,-626
2989,173,7,99,0,3,0,-626
2990,174,7,69,-30,3,10,-626
2991,175,7,-31,-100,3,10,-626
2992,176,7,-31,0,3,10,-626
2993,177,7,-31,0,3,10,-626
2994,178,7,-31,0,2,4,-626
2995,179,7,-31,0,2,4,-626
2996,180,7,-31,0,2,0,-626
2997,181,7,-31,0,2,0,-626
2998,182,7,-31,0,2,0,-626
2999,183,-3,-100,-69,-8,-10,-626
3000,184,-3,-200,-100,-7,-10,-626
3001,185,-3,0,200,-7,-10,-476
3002,186,7,-31,-31,4,0,-276
3003,187,7,-31,0,3,0,-276
3004,188,7,-31,0,3,0,-276
3005,189,7,-31,0,3,0,-276
3006,190,7,-31,0,3,0,-276
3007,191,7,-31,0,3,10,-276
3008,192,7,-31,0,3,10,-276
3009,193,7,-31,0,3,10,-276
3010,194,7,-31,0,3,0,-276
3011,195,7,69,100,2,0,-276
3012,196,7,69,0,2,0,-276
3013,197,7,69,0,2,0,-276
3014,198,7,69,0,2,0,-276
3015,199,7,69,0,2,0,-276
3016,200,7,69,0,2,0,-276
3017,201,7,69,0,2,0,-276
3018,202,6,0,-69,1,-1,-276
3019,203,5,0,0,2,0,-276
3020,204,5,0,0,2,0,-276
3021,205,5,87,87,2,0,-89
3022,206,6,69,-18,3,1,24
3023,207,6,-31,-100,3,1,24
3024,208,6,-30,1,3,1,27
3025,209,6,0,30,2,1,157
3026,210,8,4,4,4,4,357
3027,211,11,0,-4,7,6,653
3028,212,14,-400,-400,10,9,653
3029,213,14,-500,-100,9,9,653
3030,214,13,-400,100,10,9,653
3031,215,13,-200,200,9,9,653
3032,216,13,-200,0,9,9,653
3033,217,8,-400,-200,13,14,653
3034,218,8,-400,0,12,12,653
3035,219,8,-400,0,12,9,653
3036,220,8,-300,100,11,6,653
3037,221,8,-345,-45,10,6,611
3038,222,8,-345,0,10,5,611
3039,223,8,-345,0,9,5,611
3040,224,8,-345,0,9,5,611
3041,225,8,-268,77,8,0,611
3042,226,8,-268,0,8,0,611
3043,227,8,-168,100,7,0,611
3044,228,8,-168,0,7,0,611
3045,229,8,-168,0,7,0,611
3046,230,8,-268,-100,6,0,611
3047,231,8,-268,0,6,0,611
3048,232,8,-268,0,6,0,611
3049,233,8,-269,-1,5,0,707
3050,234,8,-269,0,5,0,707
3051,235,8,-269,0,5,0,707
3052,236,8,-423,-154,5,0,707
3053,237,10,-300,123,2,-2,707
3054,238,10,-300,0,2,-2,707
3055,239,13,-200,100,-1,-5,707
3056,240,13,-200,0,-1,-5,707
3057,241,13,-300,-100,-1,-5,707
3058,242,13,-300,0,0,-5,707
3059,243,13,-100,200,0,-5,707
3060,244,13,0,100,0,-5,707
3061,245,13,0,0,0,-3,707
3062,246,13,-100,-100,0,-3,507
3063,247,13,-200,-100,0,0,507
3064,248,13,-200,0,0,0,507
3065,249,13,-300,-100,0,0,507
3066,250,13,-400,-100,0,0,507
3067,251,15,-500,-100,-2,-2,274
3068,252,15,-500,0,-2,-2,274
3069,253,12,23,523,-5,-5,274
3070,254,12,23,0,-4,-5,274
3071,255,12,23,0,-4,-5,274
3072,0,12,23,0,-4,-5,274
3073,1,12,23,0,-3,-5,274
3074,2,12,-77,-100,-3,-5,274
3075,3,12,-77,0,-3,-3,274
3076,4,12,-77,0,-3,-3,274
3077,5,12,-77,0,-2,0,274
3078,6,12,-77,0,-2,0,274
3079,7,12,-77,0,-2,0,274
3080,8,12,-77,0,-2,0,274
3081,9,12,-77,0,-2,0,274
3082,10,12,-77,0,-1,0,274
3083,11,12,-77,0,-1,0,274
3084,12,6,0,77,-7,-6,274
3085,13,6,0,0,-7,-6,274
3086,14,6,50,50,-6,-6,327
3087,15,12,-77,-127,0,0,375
3088,16,12,-77,0,0,0,375
3089,17,12,-77,0,0,0,375
3090,18,12,-77,0,0,0,375
3091,19,12,-77,0,0,0,375
3092,20,12,-77,0,0,6,375
3093,21,12,-77,0,0,6,375
3094,22,12,-77,0,0,6,375
3095,23,6,0,77,-6,-6,375
3096,24,6,0,0,-5,-6,375
3097,25,6,0,0,-5,-6,375
3098,26,12,-77,-77,2,0,375
3099,27,12,-77,0,2,0,375
3100,28,12,-77,0,1,0,375
3101,29,12,-77,0,1,0,375
3102,30,12,-77,0,1,0,375
3103,31,12,-77,0,1,6,375
3104,32,12,-77,0,1,6,375
3105,33,6,50,127,-5,0,375
3106,34,6,50,0,-4,-6,375
3107,35,6,-50,-100,-4,-6,375
3108,36,6,0,50,-4,-6,375
3109,37,12,-77,-77,3,0,375
3110,38,0,50,127,-9,-12,375
3111,39,0,50,0,-9,-12,375
3112,40,12,-77,-127,4,0,428
3113,41,12,-77,0,4,6,428
3114,42,12,-77,0,3,6,428
3115,43,12,-77,0,3,6,428
3116,44,12,-77,0,3,6,428
3117,45,12,-77,0,3,0,428
3118,46,7,0,77,-2,7,428
3119,47,7,-100,-100,-2,7,428
3120,48,7,-100,0,-2,-5,428
3121,49,7,-100,0,-2,-5,428
3122,50,7,-100,0,-1,-5,428
3123,51,7,-100,0,-1,-5,428
3124,52,7,-100,0,-1,-5,428
3125,53,7,-100,0,-1,-5,428
3126,54,7,-100,0,-1,0,428
3127,55,7,-100,0,-1,0,428
3128,56,7,-100,0,-1,0,428
3129,57,7,-100,0,-1,0,428
3130,58,7,-100,0,0,0,428
3131,59,7,-100,0,0,0,428
3132,60,7,-100,0,0,0,428
3133,61,7,-100,0,0,0,401
3134,62,7,-100,0,0,0,401
3135,63,7,-100,0,0,0,401
3136,64,7,0,100,0,0,401
3137,65,7,0,0,0,0,401
3138,66,5,157,157,2,2,401
3139,67,5,57,-100,2,2,101
3140,68,5,7,-50,2,2,-49
3141,69,5,7,0,2,2,-49
3142,70,5,7,0,2,2,-49
3143,71,5,7,0,2,2,-49
3144,72,5,7,0,2,2,-49
3145,73,5,7,0,2,2,-49
3146,74,5,7,0,2,0,-49
3147,75,5,7,0,1,0,-49
3148,76,5,7,0,1,0,-49
3149,77,5,7,0,1,0,-49
3150,78,5,7,0,1,0,-49
3151,79,5,7,0,1,0,-49
3152,80,7,0,-7,-1,-2,-243
3153,81,6,0,0,-1,-3,-243
3154,82,6,0,0,-1,-3,-243
3155,83,6,0,0,-1,-3,-243
3156,84,6,0,0,-1,-3,-243
3157,85,6,0,0,-1,-3,-243
3158,86,7,0,0,0,-2,-243
3159,87,7,0,0,0,-2,-243
3160,88,7,0,0,0,0,-243
3161,89,7,-100,-100,0,1,-243
3162,90,1,0,100,-6,-5,-243
3163,91,7,-100,-100,1,1,-243
3164,92,7,-100,0,1,1,-354
3165,93,7,-100,0,1,1,-855
3166,94,7,-100,0,1,0,-1087
3167,95,7,-100,0,1,0,-1420
3168,96,7,-100,0,1,0,-1616
3169,97,7,-100,0,1,0,-1600
3170,98,5,0,100,-1,4,-1600
3171,99,5,0,0,-1,-2,-1600
3172,100,5,-100,-100,-1,-2,-1600
3173,101,5,-100,0,-1,-2,-1600
3174,102,5,-100,0,-1,-2,-1600
3175,103,5,-100,0,-1,-2,-1600
3176,104,5,-100,0,0,-2,-1600
3177,105,5,0,100,0,-2,-1600
3178,106,7,0,0,2,2,-1600
3179,107,7,-100,-100,2,2,-1600
3180,108,-6,0,100,-11,-11,-1600
3181,109,-6,0,0,-11,-11,-1600
3182,110,-3,0,0,-7,-8,-1600
3183,111,7,-100,-100,4,2,-1600
3184,112,-5,0,100,-9,-10,-1600
3185,113,-5,0,0,-8,-10,-1600
3186,114,-3,0,0,-5,-10,-1600
3187,115,7,-100,-100,5,0,-1600
3188,116,7,0,100,5,13,-1600
3189,117,7,-100,-100,4,13,-1600
3190,118,-5,0,100,-8,-2,-1600
3191,119,-5,0,0,-7,-12,-1600
3192,120,-3,0,0,-5,2,-1600
3193,121,7,-100,-100,6,12,-1600
3194,122,-6,0,100,-8,-3,-1600
3195,123,-6,0,0,-7,-13,-1600
3196,124,-3,0,0,-4,-10,-1600
3197,125,7,-100,-100,7,0,-1600
3198,126,7,0,100,6,12,-1600
3199,127,7,-100,-100,6,12,-1600
3200,128,7,-100,0,6,10,-1600
3201,129,7,-100,0,5,0,-1699
3202,130,-4,0,100,-6,2,-1699
3203,131,-4,-100,-100,-5,2,-1699
3204,132,-4,-150,-50,-5,-1,-1699
3205,133,-4,-150,0,-5,-11,-1699
3206,134,-4,-150,0,-4,-11,-1699
3207,135,-4,-150,0,-4,-11,-1699
3208,136,-13,0,150,-13,-20,-1699
3209,137,-13,0,0,-12,-20,-1699
3210,138,-13,-50,-50,-11,-9,-1699
3211,139,-13,-50,0,-10,-9,-1699
3212,140,-13,-50,0,-10,-9,-1699
3213,141,-13,-50,0,-9,-9,-1699
3214,142,-13,-50,0,-8,-9,-1699
3215,143,-13,-50,0,-8,-9,-1699
3216,144,-13,-50,0,-7,0,-1699
3217,145,-13,-50,0,-7,0,-1699
3218,146,-13,-50,0,-6,0,-1699
3219,147,-13,-50,0,-6,0,-1699
3220,148,-13,-50,0,-5,0,-1699
3221,149,-13,0,50,-5,0,-1699
3222,150,-13,0,0,-5,0,-1699
3223,151,-13,0,0,-4,0,-1699
3224,152,-13,0,0,-4,0,-1699
3225,153,-13,0,0,-4,0,-1699
3226,154,-13,0,0,-3,0,-1699
3227,155,-13,0,0,-3,0,-1699
3228,156,-13,0,0,-3,0,-1699
3229,157,-6,0,0,4,7,-1699
3230,158,-4,0,0,6,9,-1699
3231,159,-4,0,0,6,9,-1699
3232,160,-4,0,0,6,9,-1699
3233,161,-4,-50,-50,5,9,-1699
3234,162,-4,-150,-100,5,9,-1699
3235,163,-5,0,150,4,8,-1699
3236,164,-5,-100,-100,4,8,-1699
3237,165,-5,-100,0,3,1,-1699
3238,166,-5,-150,-50,3,-1,-1699
3239,167,-5,-100,50,3,-1,-1699
3240,168,-5,-100,0,3,-1,-1699
3241,169,-5,-100,0,3,-1,-1699
3242,170,-5,-100,0,3,-1,-1699
3243,171,-5,-100,0,3,0,-1699
3244,172,-5,0,100,3,0,-1699
3245,173,-5,0,0,2,0,-1699
3246,174,-5,0,0,2,0,-1699
3247,175,-5,0,0,2,0,-1699
3248,176,-5,0,0,2,0,-1699
3249,177,-5,0,0,2,0,-1699
3250,178,-5,-100,-100,2,0,-1699
3251,179,-5,-100,0,2,0,-1699
3252,180,-5,-100,0,2,0,-1699
3253,181,-5,-150,-50,2,0,-1699
3254,182,-5,-150,0,2,0,-1603
3255,183,-7,0,150,0,-2,-1603
3256,184,-7,-100,-100,0,-2,-1603
3257,185,-7,-200,-100,0,-2,-1603
3258,186,-7,-100,100,0,-2,-1603
3259,187,-7,-100,0,0,-2,-1603
3260,188,-7,-100,0,0,-2,-1603
3261,189,-7,-100,0,0,-2,-1603
3262,190,-7,0,100,0,-2,-1603
3263,191,-5,-50,-50,2,2,-1603
3264,192,-5,-50,0,2,2,-1603
3265,193,-5,-50,0,2,2,-1603
3266,194,-5,-50,0,2,2,-1603
3267,195,-5,-150,-100,2,2,-1603
3268,196,-5,-150,0,2,2,-1603
3269,197,-5,-150,0,2,2,-1603
3270,198,-5,-150,0,2,2,-1603
3271,199,-5,-150,0,2,0,-1603
3272,200,-10,0,150,-3,-5,-1603
3273,201,-10,0,0,-3,-5,-1603
3274,202,-10,0,0,-3,-5,-1603
3275,203,-10,0,0,-3,-5,-1603
3276,204,-10,-100,-100,-2,-5,-1603
3277,205,-10,-100,0,-2,-5,-1603
3278,206,-10,0,100,-2,-5,-1603
3279,207,-5,-50,-50,3,0,-1603
3280,208,-5,-50,0,3,5,-1603
3281,209,-5,-50,0,3,5,-1603
3282,210,-5,-50,0,3,5,-1603
3283,211,-5,-150,-100,3,5,-1603
3284,212,-5,-150,0,3,5,-1603
3285,213,-5,-150,0,2,5,-1603
3286,214,-5,-150,0,2,5,-1603
3287,215,-5,-150,0,2,0,-1603
3288,216,-5,-150,0,2,0,-1603
3289,217,-5,-150,0,2,0,-1603
3290,218,-5,-150,0,2,0,-1603
3291,219,-5,-150,0,2,0,-1603
3292,220,-5,-150,0,2,0,-1603
3293,221,-5,-150,0,2,0,-1603
3294,222,-5,-150,0,2,0,-1603
3295,223,-5,-50,100,2,0,-1603
3296,224,-5,-50,0,2,0,-1603
3297,225,-5,-150,-100,2,0,-1603
3298,226,-5,-150,0,2,0,-1603
3299,227,-5,-150,0,2,0,-1603
3300,228,-5,-150,0,1,0,-1603
3301,229,-5,-150,0,1,0,-1603
3302,230,-13,0,150,-7,-8,-1603
3303,231,-13,0,0,-6,-8,-1603
3304,232,-13,0,0,-6,-8,-1603
3305,233,-13,0,0,-5,-8,-1603
3306,234,-13,0,0,-5,-8,-1603
3307,235,-13,0,0,-4,-8,-1603
3308,236,-13,0,0,-4,-8,-1603
3309,237,-14,0,0,-5,-9,-1603
3310,238,-14,0,0,-4,-1,-1603
3311,239,-14,-100,-100,-4,-1,-1603
3312,240,-14,-100,0,-4,-1,-1603
3313,241,-14,-100,0,-4,-1,-1603
3314,242,-14,-150,-50,-3,-1,-1603
3315,243,-14,-150,0,-3,-1,-1603
3316,244,-14,-100,50,-3,-1,-1603
3317,245,-14,-100,0,-3,0,-1603
3318,246,-14,-150,-50,-2,0,-1603
3319,247,-14,-150,0,-2,0,-1603
3320,248,-14,-150,0,-2,0,-1603
3321,249,-14,-150,0,-2,0,-1603
3322,250,-14,-150,0,-2,0,-1603
3323,251,-14,-150,0,-1,0,-1603
3324,252,-14,-150,0,-1,0,-1603
3325,253,-14,-150,0,-1,0,-1603
3326,254,-14,-150,0,-1,0,-1603
3327,255,-14,-150,0,-1,0,-1603
3328,0,-14,-150,0,-1,0,-1603
3329,1,-14,-150,0,-1,0,-1603
3330,2,-14,-150,0,-1,0,-1603
3331,3,-14,-150,0,0,0,-1603
3332,4,-14,-150,0,0,0,-1603
3333,5,-14,-150,0,0,0,-1603
3334,6,-14,-150,0,0,0,-1603
3335,7,-14,-150,0,0,0,-1603
3336,8,-14,-150,0,0,0,-1603
3337,9,-14,-150,0,0,0,-1603
3338,10,-14,-150,0,0,0,-1603
3339,11,-14,-150,0,0,0,-1603
3340,12,-14,-150,0,0,0,-1603
3341,13,-14,-150,0,0,0,-1603
3342,14,-14,-150,0,0,0,-1603
3343,15,-14,-150,0,0,0,-1603
3344,16,-14,-150,0,0,0,-1603
3345,17,-14,-150,0,0,0,-1603
3346,18,-14,-150,0,0,0,-1603
3347,19,-14,-150,0,0,0,-1603
3348,20,-14,-150,0,0,0,-1603
3349,21,-14,-150,0,0,0,-1603
3350,22,-14,-150,0,0,0,-1603
3351,23,-14,-150,0,0,0,-1603
3352,24,-14,-150,0,0,0,-1603
3353,25,-14,-150,0,0,0,-1603
3354,26,-14,-150,0,0,0,-1603
3355,27,-14,-150,0,0,0,-1603
3356,28,-14,-150,0,0,0,-1603
3357,29,-14,-150,0,0,0,-1603
3358,30,-14,-150,0,0,0,-1603
3359,31,-14,-150,0,0,0,-1603
3360,32,-14,-150,0,0,0,-1503
3361,33,-15,0,150,-1,-1,-1503
3362,34,-15,-100,-100,0,-1,-1503
3363,35,-15,-100,0,0,-1,-1503
3364,36,-15,-100,0,0,-1,-1503
3365,37,-15,-100,0,0,-1,-1503
3366,38,-15,-100,0,0,-1,-1503
3367,39,-15,-100,0,0,-1,-1503
3368,40,-15,-100,0,0,-1,-1503
3369,41,-15,-100,0,0,0,-1503
3370,42,-15,0,100,0,0,-1503
3371,43,-14,-150,-150,1,1,-1503
3372,44,-14,-150,0,1,1,-1573
3373,45,-14,-150,0,1,1,-1573
3374,46,-14,-150,0,1,1,-1573
3375,47,-14,-150,0,1,1,-1573
3376,48,-14,-150,0,1,1,-1573
3377,49,-14,-50,100,1,1,-1523
3378,50,-14,50,100,1,1,-1473
3379,51,-8,0,-50,7,6,-1393
3380,52,-8,0,0,7,6,-1393
3381,53,-4,-50,-50,10,10,-1393
3382,54,-4,-50,0,10,10,-1393
3383,55,-4,-150,-100,9,10,-1393
3384,56,-4,-150,0,9,10,-1393
3385,57,-4,-150,0,8,10,-1393
3386,58,-4,-50,100,8,10,-1393
3387,59,-4,-50,0,7,4,-1393
3388,60,-4,-50,0,7,4,-1393
3389,61,-4,-50,0,7,0,-1393
3390,62,-4,-50,0,6,0,-1393
3391,63,-4,-50,0,6,0,-1393
3392,64,-4,-50,0,6,0,-1393
3393,65,-4,-150,-100,5,0,-1393
3394,66,-4,-150,0,5,0,-1393
3395,67,-4,-150,0,5,0,-1393
3396,68,-4,-150,0,5,0,-1393
3397,69,-4,-150,0,4,0,-1393
3398,70,-4,-150,0,4,0,-1393
3399,71,-4,-150,0,4,0,-1372
3400,72,-4,-150,0,4,0,-1372
3401,73,-4,-150,0,4,0,-1372
3402,74,-4,-150,0,3,0,-1372
3403,75,-4,-150,0,3,0,-1372
3404,76,-4,-150,0,3,0,-1372
3405,77,-4,-50,100,3,0,-1372
3406,78,-4,-50,0,3,0,-1372
3407,79,-4,-50,0,3,0,-1372
3408,80,-4,-50,0,3,0,-1372
3409,81,-4,-50,0,2,0,-1372
3410,82,-4,-50,0,2,0,-1372
3411,83,-4,-50,0,2,0,-1372
3412,84,-4,-50,0,2,0,-1372
3413,85,-4,-50,0,2,0,-1372
3414,86,-4,-50,0,2,0,-1372
3415,87,-4,-150,-100,2,0,-1372
3416,88,-4,-150,0,2,0,-1372
3417,89,-4,-50,100,2,0,-1372
3418,90,-4,-50,0,2,0,-1372
3419,91,-4,-50,0,2,0,-1372
3420,92,-4,-50,0,2,0,-1372
3421,93,-4,-50,0,2,0,-1372
3422,94,-4,-50,0,2,0,-1372
3423,95,-4,-50,0,2,0,-1372
3424,96,-4,-50,0,1,0,-1372
3425,97,-4,-50,0,1,0,-1372
3426,98,-7,0,50,-2,-3,-1372
3427,99,-4,-50,-50,2,0,-1372
3428,100,-4,-50,0,2,0,-1372
3429,101,-4,-50,0,1,0,-1372
3430,102,-4,-50,0,1,0,-1372
3431,103,-4,-50,0,1,0,-1372
3432,104,-4,-50,0,1,0,-1372
3433,105,-4,-50,0,1,0,-1372
3434,106,-4,-50,0,1,3,-1372
3435,107,-4,-50,0,1,0,-1372
3436,108,-4,-50,0,1,0,-1372
3437,109,-4,-50,0,1,0,-1372
3438,110,-4,-50,0,1,0,-1372
3439,111,-4,-50,0,1,0,-1372
3440,112,-4,-50,0,1,0,-1372
3441,113,-4,-50,0,1,0,-1372
3442,114,-4,-50,0,1,0,-1372
3443,115,-4,-50,0,1,0,-1372
3444,116,-4,-50,0,1,0,-1372
3445,117,-4,-50,0,1,0,-1372
3446,118,-4,-50,0,1,0,-1372
3447,119,-4,-50,0,1,0,-1372
3448,120,-4,-50,0,1,0,-1372
3449,121,-4,-50,0,1,0,-1372
3450,122,-4,-50,0,1,0,-1372
3451,123,-4,-50,0,1,0,-1372
3452,124,-4,-50,0,1,0,-1372
3453,125,-4,-50,0,1,0,-1372
3454,126,-4,-50,0,1,0,-1372
3455,127,-4,-50,0,1,0,-1372
3456,128,-4,-50,0,1,0,-1372
3457,129,-4,-50,0,1,0,-1372
3458,130,-4,-50,0,1,0,-1372
3459,131,-4,-50,0,1,0,-1372
3460,132,-4,-50,0,1,0,-1372
3461,133,-4,-50,0,1,0,-1372
3462,134,-4,-50,0,1,0,-1372
3463,135,-4,-50,0,1,0,-1372
3464,136,-4,-50,0,1,0,-1372
3465,137,-4,-50,0,1,0,-1372
3466,138,-4,-50,0,1,0,-1372
3467,139,-4,-50,0,1,0,-1372
3468,140,-4,-50,0,1,0,-1372
3469,141,-4,-50,0,1,0,-1372
3470,142,-4,-50,0,1,0,-1372
3471,143,-4,-50,0,1,0,-1372
3472,144,-4,-50,0,1,0,-1372
3473,145,-4,-50,0,1,0,-1372
3474,146,-4,-50,0,1,0,-1372
3475,147,-4,-50,0,1,0,-1372
3476,148,-4,-50,0,1,0,-1372
3477,149,-4,-50,0,1,0,-1372
3478,150,-4,-50,0,1,0,-1372
3479,151,-4,-50,0,1,0,-1372
3480,152,-4,-50,0,1,0,-1372
3481,153,-4,-50,0,1,0,-1372
3482,154,-7,0,50,-2,-3,-1372
3483,155,-7,0,0,-1,-3,-1372
3484,156,-7,0,0,-1,-3,-1372
3485,157,-7,0,0,-1,-3,-1372
3486,158,-7,0,0,-1,-3,-1372
3487,159,-4,-50,-50,2,0,-1372
3488,160,-4,-50,0,2,0,-1372
3489,161,-4,-50,0,2,0,-1372
3490,162,-4,-150,-100,2,3,-1372
3491,163,-4,-150,0,2,3,-1372
3492,164,-13,0,150,-7,-6,-1372
3493,165,-13,0,0,-7,-6,-1372
3494,166,-13,0,0,-6,-6,-1372
3495,167,-13,0,0,-6,-9,-1323
3496,168,-13,0,0,-5,-9,-1323
3497,169,-13,0,0,-5,-9,-1323
3498,170,-13,0,0,-5,-9,-1323
3499,171,-13,0,0,-4,-9,-1316
3500,172,-13,0,0,-4,0,-1318
3501,173,-4,-150,-150,5,9,-1318
3502,174,-13,0,150,-4,0,-1318
3503,175,-13,0,0,-4,0,-1318
3504,176,-13,0,0,-3,0,-1318
3505,177,-13,0,0,-3,0,-1318
3506,178,-13,0,0,-3,0,-819
3507,179,-13,0,0,-3,0,-618
3508,180,-13,0,0,-2,0,-618
3509,181,-13,0,0,-2,-9,-386
3510,182,-13,0,0,-2,0,-386
3511,183,-13,0,0,-2,0,-287
3512,184,-13,0,0,-2,0,-458
3513,185,-13,0,0,-1,0,-453
3514,186,-18,-205,-205,-6,-5,-453
3515,187,-18,-205,0,-6,-5,-453
3516,188,-18,-205,0,-5,-5,-453
3517,189,-18,-205,0,-5,-5,-453
3518,190,-18,-205,0,-5,-5,-453
3519,191,-18,-205,0,-4,-5,-453
3520,192,-18,-205,0,-4,-5,-453
3521,193,-18,-205,0,-4,-5,-453
3522,194,-18,-105,100,-3,0,-349
3523,195,-13,0,105,2,5,-44
3524,196,-13,0,0,2,5,-44
3525,197,-13,0,0,2,5,-44
3526,198,-13,0,0,2,5,-44
3527,199,-13,0,0,2,5,-44
3528,200,-13,0,0,2,5,-44
3529,201,-8,0,0,7,10,-44
3530,202,-4,-50,-50,10,14,-44
3531,203,-4,-150,-100,10,9,-44
3532,204,-4,-150,0,9,9,-524
3533,205,-7,0,150,6,6,-524
3534,206,-7,-100,-100,5,6,-524
3535,207,-7,-200,-100,5,6,-524
3536,208,-7,-200,0,5,6,-524
3537,209,-18,0,200,-7,-10,-524
3538,210,-18,0,0,-6,-14,-524
3539,211,-18,0,0,-6,-14,-524
3540,212,-18,0,0,-5,-14,-524
3541,213,-18,0,0,-5,-11,-524
3542,214,-18,0,0,-4,-11,-625
3543,215,-18,0,0,-4,-11,-825
3544,216,-18,0,0,-4,-11,-825
3545,217,-18,0,0,-4,0,-825
3546,218,-18,0,0,-3,0,-825
3547,219,-13,0,0,2,5,-775
3548,220,-13,0,0,2,5,-775
3549,221,-13,0,0,2,5,-775
3550,222,-18,0,0,-3,0,-775
3551,223,-18,0,0,-3,0,-775
3552,224,-18,0,0,-3,0,-775
3553,225,-18,0,0,-2,0,-775
3554,226,-18,0,0,-2,0,-775
3555,227,-18,0,0,-2,-5,-775
3556,228,-18,0,0,-2,-5,-775
3557,229,-18,0,0,-2,-5,-775
3558,230,-18,0,0,-2,0,-775
3559,231,-18,0,0,-1,0,-775
3560,232,-19,0,0,-2,-1,-775
3561,233,-19,0,0,-2,-1,-775
3562,234,-19,0,0,-2,-1,-775
3563,235,-20,0,0,-3,-2,-775
3564,236,-20,-100,-100,-2,-2,-775
3565,237,-20,-100,0,-2,-2,-775
3566,238,-20,-100,0,-2,-2,-775
3567,239,-20,-100,0,-2,-2,-775
3568,240,-20,-100,0,-2,-1,-701
3569,241,-20,-100,0,-2,-1,-710
3570,242,-20,-100,0,-1,-1,-710
3571,243,-20,-100,0,-1,0,-710
3572,244,-20,-100,0,-1,0,-809
3573,245,-20,-100,0,-1,0,-1293
3574,246,-20,-100,0,-1,0,-1293
3575,247,-20,-100,0,-1,0,-1293
3576,248,-20,-100,0,-1,0,-1307
3577,249,-20,-100,0,-1,0,-1406
3578,250,-20,-100,0,0,0,-1306
3579,251,-20,0,100,0,0,-1306
3580,252,-21,0,0,-1,-1,-1306
3581,253,-21,0,0,-1,-1,-1306
3582,254,-21,0,0,-1,-1,-1306
3583,255,-21,0,0,-1,-1,-1306
3584,0,-21,-100,-100,-1,-1,-1306
3585,1,-21,-100,0,-1,-1,-1306
3586,2,-21,-100,0,-1,-1,-1306
3587,3,-21,-100,0,0,-1,-1306
3588,4,-21,-100,0,0,0,-1306
3589,5,-21,0,100,0,0,-1306
3590,6,-21,0,0,0,0,-1306
3591,7,-21,0,0,0,0,-1306
3592,8,-19,0,0,2,2,-1111
3593,9,-18,0,0,3,3,-1111
3594,10,-18,0,0,3,3,-1111
3595,11,-18,0,0,3,3,-1111
3596,12,-18,0,0,2,3,-1111
3597,13,-18,0,0,2,3,-1111
3598,14,-14,0,0,6,7,-1111
3599,15,-14,0,0,6,7,-1111
3600,16,-14,0,0,6,5,-1111
3601,17,-18,0,0,1,0,-1111
3602,18,-18,0,0,1,0,-1111
3603,19,-18,0,0,1,0,-1111
3604,20,-18,0,0,1,0,-1111
3605,21,-18,0,0,1,0,-1111
3606,22,-18,-100,-100,1,-4,-1111
3607,23,-18,-100,0,1,-4,-1111
3608,24,-18,-100,0,1,-4,-1416
3609,25,-19,0,100,0,-1,-1416
3610,26,-19,-100,-100,0,-1,-1416
3611,27,-19,-100,0,0,-1,-1416
3612,28,-19,-100,0,0,-1,-1416
3613,29,-19,-100,0,0,-1,-1016
3614,30,-19,-100,0,0,-1,-1016
3615,31,-19,-100,0,0,-1,-1016
3616,32,-19,-100,0,0,-1,-1016
3617,33,-19,0,100,0,0,-1016
3618,34,-18,0,0,1,1,-1016
3619,35,-18,0,0,1,1,-1016
3620,36,-18,0,0,1,1,-1016
3621,37,-18,0,0,1,1,-1016
3622,38,-18,-100,-100,1,1,-1016
3623,39,-18,-100,0,1,1,-1016
3624,40,-19,0,100,0,0,-1016
3625,41,-19,-100,-100,0,0,-1016
3626,42,-19,-100,0,0,-1,-1016
3627,43,-19,-100,0,0,-1,-1115
3628,44,-19,-100,0,0,-1,-1115
3629,45,-20,0,100,-1,-2,-1115
3630,46,-20,0,0,0,-2,-1115
3631,47,-20,0,0,0,-2,-1115
3632,48,-20,0,0,0,-1,-1115
3633,49,-20,-300,-300,0,-1,-1115
3634,50,-20,-400,-100,0,-1,-1115
3635,51,-20,-400,0,0,-1,-1115
3636,52,-20,-400,0,0,-1,-1115
3637,53,-20,-400,0,0,0,-1115
3638,54,-20,-300,100,0,0,-1115
3639,55,-20,-300,0,0,0,-1315
3640,56,-20,-300,0,0,0,-1315
3641,57,-20,-300,0,0,0,-1410
3642,58,-20,-300,0,0,0,-1500
3643,59,-21,0,300,-1,-1,-1500
3644,60,-21,0,0,-1,-1,-1500
3645,61,-21,0,0,0,-1,-1500
3646,62,-21,0,0,0,-1,-1500
3647,63,-21,-300,-300,0,-1,-1500
3648,64,-21,-400,-100,0,-1,-1500
3649,65,-21,-400,0,0,-1,-1500
3650,66,-21,-400,0,0,-1,-1500
3651,67,-21,-400,0,0,0,-1500
3652,68,-21,-400,0,0,0,-1500
3653,69,-21,-400,0,0,0,-1500
3654,70,-21,-300,100,0,0,-1500
3655,71,-21,-300,0,0,0,-1500
3656,72,-21,-300,0,0,0,-1500
3657,73,-21,-300,0,0,0,-1500
3658,74,-21,-300,0,0,0,-1500
3659,75,-21,-300,0,0,0,-1500
3660,76,-21,-300,0,0,0,-1410
3661,77,-21,-300,0,0,0,-1410
3662,78,-21,-300,0,0,0,-1320
3663,79,-21,-300,0,0,0,-1230
3664,80,-22,-200,100,-1,-1,-1230
3665,81,-22,-200,0,0,-1,-1230
3666,82,-22,-200,0,0,-1,-815
3667,83,-22,-200,0,0,-1,-900
3668,84,-22,-200,0,0,-1,-840
3669,85,-22,-200,0,0,-1,-840
3670,86,-22,-200,0,0,-1,-840
3671,87,-22,-200,0,0,-1,-800
3672,88,-22,-200,0,0,0,-1000
3673,89,-22,-200,0,0,0,-1200
3674,90,-22,-200,0,0,0,-1200
3675,91,-22,-200,0,0,0,-1200
3676,92,-22,-200,0,0,0,-1200
3677,93,-22,-300,-100,0,0,-1200
3678,94,-22,-300,0,0,0,-1200
3679,95,-22,-300,0,0,0,-1200
3680,96,-22,-300,0,0,0,-1200
3681,97,-22,-300,0,0,0,-1200
3682,98,-22,-300,0,0,0,-1200
3683,99,-22,-300,0,0,0,-1200
3684,100,-22,-300,0,0,0,-1187
3685,101,-22,-300,0,0,0,-1187
3686,102,-22,-300,0,0,0,-1100
3687,103,-22,-300,0,0,0,-1100
3688,104,-22,-300,0,0,0,-1087
3689,105,-22,-300,0,0,0,-1000
3690,106,-22,-300,0,0,0,-1000
3691,107,-22,-300,0,0,0,-1000
3692,108,-22,-300,0,0,0,-1000
3693,109,-22,-300,0,0,0,-1090
3694,110,-22,-300,0,0,0,-1090
3695,111,-22,-300,0,0,0,-1090
3696,112,-22,-300,0,0,0,-1110
3697,113,-22,-300,0,0,0,-1110
3698,114,-22,-300,0,0,0,-1110
3699,115,-22,-300,0,0,0,-1110
3700,116,-22,-300,0,0,0,-1170
3701,117,-22,-300,0,0,0,-1130
3702,118,-22,-300,0,0,0,-1130
3703,119,-22,-300,0,0,0,-1100
3704,120,-22,-300,0,0,0,-1090
3705,121,-22,-300,0,0,0,-1090
3706,122,-22,-300,0,0,0,-1100
3707,123,-22,-300,0,0,0,-1030
3708,124,-22,-300,0,0,0,-1030
3709,125,-22,-300,0,0,0,-1000
3710,126,-22,-300,0,0,0,-930
3711,127,-22,-300,0,0,0,-930
3712,128,-22,-300,0,0,0,-860
3713,129,-22,-300,0,0,0,-813
3714,130,-22,-300,0,0,0,-900
3715,131,-22,-300,0,0,0,-900
3716,132,-22,-300,0,0,0,-900
3717,133,-22,-300,0,0,0,-900
3718,134,-22,-300,0,0,0,-900
3719,135,-22,-300,0,0,0,-900
3720,136,-22,-300,0,0,0,-900
3721,137,-22,-300,0,0,0,-900
3722,138,-22,-300,0,0,0,-913
3723,139,-22,-300,0,0,0,-913
3724,140,-22,-300,0,0,0,-913
3725,141,-22,-300,0,0,0,-913
3726,142,-22,-300,0,0,0,-1000
3727,143,-22,-300,0,0,0,-1000
3728,144,-22,-300,0,0,0,-1000
3729,145,-22,-300,0,0,0,-1000
3730,146,-22,-300,0,0,0,-1000
3731,147,-22,-300,0,0,0,-1000
3732,148,-22,-300,0,0,0,-1000
3733,149,-22,-300,0,0,0,-1000
3734,150,-22,-300,0,0,0,-1070
3735,151,-22,-300,0,0,0,-1070
3736,152,-22,-300,0,0,0,-1070
3737,153,-22,-300,0,0,0,-1018
3738,154,-22,-300,0,0,0,-1018
3739,155,-22,-300,0,0,0,-1018
3740,156,-22,-300,0,0,0,-1018
3741,157,-22,-300,0,0,0,-1018
3742,158,-23,-200,100,-1,-1,-1018
3743,159,-23,-200,0,0,-1,-1018
3744,160,-23,-300,-100,0,-1,-1018
3745,161,-23,-300,0,0,-1,-1018
3746,162,-23,-300,0,0,-1,-1018
3747,163,-26,0,300,-3,-4,-1018
3748,164,-26,-100,-100,-3,-4,-1018
3749,165,-26,-400,-300,-3,-4,-1018
3750,166,-26,-400,0,-2,-3,-1018
3751,167,-26,-400,0,-2,-3,-1018
3752,168,-26,-400,0,-2,-3,-1038
3753,169,-26,-400,0,-2,-3,-973
3754,170,-31,0,400,-7,-8,-973
3755,171,-31,-300,-300,-6,-5,-973
3756,172,-31,-300,0,-6,-5,-973
3757,173,-31,-300,0,-5,-5,-973
3758,174,-31,-300,0,-5,-5,-973
3759,175,-31,-300,0,-5,-5,-973
3760,176,-31,-213,87,-4,-5,-856
3761,177,-31,-313,-100,-4,-5,-856
3762,178,-31,-313,0,-4,0,-856
3763,179,-31,-313,0,-3,0,-856
3764,180,-31,-313,0,-3,0,-856
3765,181,-31,-300,13,-3,0,-773
3766,182,-31,0,300,-3,0,-443
3767,183,-31,87,87,-2,0,-286
3768,184,-31,87,0,-2,0,-286
3769,185,-33,-282,-369,-4,-2,-286
3770,186,-33,-282,0,-4,-2,-286
3771,187,-33,-282,0,-3,-2,-286
3772,188,-33,18,300,-3,-2,44
3773,189,-33,18,0,-3,-2,44
3774,190,-33,18,0,-3,-2,44
3775,191,-33,43,25,-2,-2,99
3776,192,-33,43,0,-2,-2,99
3777,193,-33,43,0,-2,0,99
3778,194,-33,43,0,-2,0,99
3779,195,-33,43,0,-2,0,99
3780,196,-33,43,0,-1,0,99
3781,197,-33,43,0,-1,0,99
3782,198,-33,43,0,-1,0,99
3783,199,-33,43,0,-1,0,99
3784,200,-33,43,0,-1,0,99
3785,201,-33,43,0,-1,0,99
3786,202,-33,43,0,-1,0,99
3787,203,-33,43,0,-1,0,99
3788,204,-32,-100,-143,1,1,196
3789,205,-32,-100,0,1,1,196
3790,206,-32,-100,0,1,1,196
3791,207,-32,-100,0,1,1,196
3792,208,-32,-100,0,1,1,196
3793,209,-32,-100,0,1,1,196
3794,210,-32,-100,0,1,1,196
3795,211,-32,-100,0,1,1,196
3796,212,-32,-100,0,1,0,196
3797,213,-32,-100,0,1,0,196
3798,214,-32,-100,0,1,0,196
3799,215,-40,0,100,-7,-8,196
3800,216,-40,0,0,-7,-8,196
3801,217,-40,0,0,-6,-8,196
3802,218,-39,-200,-200,-5,-7,396
3803,219,-39,-200,0,-5,-7,396
3804,220,-39,-200,0,-4,-7,396
3805,221,-39,-200,0,-4,-7,396
3806,222,-39,-200,0,-4,-7,396
3807,223,-39,-200,0,-3,1,396
3808,224,-39,-200,0,-3,1,396
3809,225,-39,-200,0,-3,1,396
3810,226,-39,-200,0,-3,0,396
3811,227,-39,-200,0,-2,0,396
3812,228,-39,-200,0,-2,0,396
3813,229,-39,-200,0,-2,0,494
3814,230,-39,-100,100,-2,0,494
3815,231,-39,-100,0,-2,0,494
3816,232,-39,-100,0,-1,0,494
3817,233,-39,-100,0,-1,0,494
3818,234,-39,-100,0,-1,0,494
3819,235,-39,-100,0,-1,0,494
3820,236,-39,-100,0,-1,0,494
3821,237,-39,-100,0,-1,0,589
3822,238,-41,0,100,-3,-2,589
3823,239,-41,-100,-100,-2,-2,589
3824,240,-41,-200,-100,-2,-2,589
3825,241,-41,-100,100,-2,-2,589
3826,242,-45,0,100,-6,-6,589
3827,243,-45,-100,-100,-5,-6,589
3828,244,-45,-100,0,-5,-6,589
3829,245,-45,0,100,-5,-6,589
3830,246,-41,0,0,0,0,589
3831,247,-41,-100,-100,0,0,589
3832,248,-41,-100,0,0,0,589
3833,249,-41,0,100,0,0,589
3834,250,-39,-100,-100,2,6,589
3835,251,-39,-200,-100,2,6,589
3836,252,-39,-200,0,2,6,589
3837,253,-52,70,270,-11,-7,589
3838,254,-52,-30,-100,-10,-11,589
3839,255,-52,-30,0,-10,-11,589
3840,0,-52,0,30,-9,-11,719
3841,1,-52,70,70,-8,-11,889
3842,2,-46,0,-70,-2,-7,889
3843,3,-46,0,0,-2,-7,889
3844,4,-39,-200,-200,5,0,889
3845,5,-39,-200,0,5,13,889
3846,6,-39,-200,0,5,13,889
3847,7,-39,-200,0,5,13,889
3848,8,-39,-200,0,4,13,889
3849,9,-39,-200,0,4,13,889
3850,10,-39,-200,0,4,7,889
3851,11,-39,-200,0,4,7,889
3852,12,-39,-200,0,4,0,889
3853,13,-39,-200,0,3,0,889
3854,14,-39,-200,0,3,0,889
3855,15,-39,-200,0,3,0,889
3856,16,-39,-200,0,3,0,889
3857,17,-39,-200,0,3,0,889
3858,18,-39,-200,0,3,0,889
3859,19,-39,-200,0,3,0,889
3860,20,-39,-200,0,3,0,889
3861,21,-42,0,200,-1,-3,889
3862,22,-42,-100,-100,0,-3,889
3863,23,-42,-100,0,0,-3,889
3864,24,-42,-200,-100,0,-3,889
3865,25,-42,-200,0,0,-3,889
3866,26,-42,-200,0,0,-3,889
3867,27,-42,-200,0,0,-3,889
3868,28,-42,-200,0,0,-3,889
3869,29,-42,-100,100,0,0,889
3870,30,-42,0,100,0,0,889
3871,31,-39,-100,-100,3,3,889
3872,32,-39,-100,0,3,3,807
3873,33,-42,0,100,0,0,807
3874,34,-42,-100,-100,0,0,807
3875,35,-42,-100,0,0,0,807
3876,36,-42,-100,0,0,0,807
3877,37,-42,-100,0,0,0,807
3878,38,-42,-100,0,0,0,807
3879,39,-42,-200,-100,0,-3,807
3880,40,-42,-200,0,0,-3,807
3881,41,-42,-200,0,0,0,807
3882,42,-42,-200,0,0,0,807
3883,43,-42,-100,100,0,0,807
3884,44,-42,0,100,0,0,807
3885,45,-39,-100,-100,3,3,807
3886,46,-39,-200,-100,3,3,807
3887,47,-39,-200,0,3,3,807
3888,48,-39,-200,0,3,3,807
3889,49,-39,-200,0,3,3,807
3890,50,-39,-200,0,3,3,807
3891,51,-39,-200,0,3,3,807
3892,52,-39,-200,0,3,3,807
3893,53,-39,-200,0,2,0,847
3894,54,-39,-200,0,2,0,762
3895,55,-41,0,200,0,-2,762
3896,56,-41,-100,-100,0,-2,762
3897,57,-41,-100,0,0,-2,762
3898,58,-41,-100,0,0,-2,762
3899,59,-41,-200,-100,0,-2,762
3900,60,-41,-200,0,0,-2,762
3901,61,-41,-200,0,0,-2,762
3902,62,-41,-200,0,0,-2,762
3903,63,-41,-100,100,0,0,762
3904,64,-41,0,100,0,0,762
3905,65,-39,-100,-100,2,2,762
3906,66,-39,-100,0,2,2,665
3907,67,-39,-100,0,2,2,552
3908,68,-39,-100,0,2,2,182
3909,69,-42,0,100,-1,-1,182
3910,70,-42,-100,-100,-1,-1,182
3911,71,-42,-100,0,-1,-1,182
3912,72,-42,-100,0,0,-1,182
3913,73,-42,-100,0,0,-3,182
3914,74,-42,-100,0,0,-3,182
3915,75,-42,-100,0,0,-3,182
3916,76,-42,-200,-100,0,-3,182
3917,77,-42,-200,0,0,0,182
3918,78,-42,-200,0,0,0,182
3919,79,-42,-200,0,0,0,-5
3920,80,-44,0,200,-2,-2,-5
3921,81,-44,-100,-100,-2,-2,-5
3922,82,-44,-200,-100,-2,-2,-5
3923,83,-44,-200,0,-1,-2,-5
3924,84,-44,-200,0,-1,-2,-5
3925,85,-44,-100,100,-1,-2,-5
3926,86,-44,-100,0,-1,-2,-5
3927,87,-44,0,100,-1,-2,-5
3928,88,-39,-100,-100,4,5,-5
3929,89,-39,-100,0,4,5,-5
3930,90,-39,-100,0,4,5,-5
3931,91,-39,-200,-100,4,5,-5
3932,92,-39,-200,0,3,5,-5
3933,93,-39,-200,0,3,5,-5
3934,94,-39,-200,0,3,5,-5
3935,95,-39,-200,0,3,5,-5
3936,96,-39,-200,0,3,0,-5
3937,97,-39,-200,0,3,0,-5
3938,98,-39,-200,0,3,0,-5
3939,99,-39,-200,0,3,0,-5
3940,100,-39,-200,0,2,0,-5
3941,101,-39,-200,0,2,0,-5
3942,102,-48,50,250,-7,-9,-5
3943,103,-48,50,0,-6,-9,-5
3944,104,-48,50,0,-6,-9,-5
3945,105,-45,0,-50,-2,-6,-255
3946,106,-39,-200,-200,4,0,-180
3947,107,-39,-200,0,4,0,-180
3948,108,-39,-200,0,3,0,-180
3949,109,-39,-200,0,3,0,-180
3950,110,-39,-200,0,3,9,-180
3951,111,-39,-200,0,3,9,-180
3952,112,-39,-200,0,3,9,-180
3953,113,-39,-200,0,3,6,-180
3954,114,-39,-200,0,3,0,-180
3955,115,-39,-200,0,3,0,-180
3956,116,-39,-200,0,2,0,-180
3957,117,-39,-200,0,2,0,-180
3958,118,-39,-200,0,2,0,-180
3959,119,-39,-200,0,2,0,-180
3960,120,-39,-100,100,2,0,-180
3961,121,-39,-100,0,2,0,-180
3962,122,-39,-100,0,2,0,-180
3963,123,-39,-200,-100,2,0,-180
3964,124,-39,-200,0,2,0,-180
3965,125,-39,-200,0,2,0,-180
3966,126,-39,-200,0,2,0,-180
3967,127,-39,-200,0,2,0,-180
3968,128,-39,-200,0,2,0,-180
3969,129,-39,-200,0,2,0,-258
3970,130,-39,-200,0,2,0,-258
3971,131,-39,-100,100,1,0,-258
3972,132,-39,-100,0,1,0,-487
3973,133,-39,-100,0,1,0,-487
3974,134,-39,-100,0,1,0,-985
3975,135,-39,-100,0,1,0,-985
3976,136,-39,-100,0,1,0,-1021
3977,137,-40,0,100,0,-1,-1021
3978,138,-40,0,0,0,-1,-1021
3979,139,-40,0,0,0,-1,-1021
3980,140,-40,0,0,0,-1,-1021
3981,141,-39,-100,-100,1,0,-1021
3982,142,-39,-100,0,1,0,-1151
3983,143,-41,0,100,-1,-2,-1151
3984,144,-41,-100,-100,0,-2,-1151
3985,145,-41,-100,0,0,-1,-1151
3986,146,-41,-100,0,0,-1,-1151
3987,147,-41,-200,-100,0,-1,-1151
3988,148,-41,-200,0,0,-1,-1151
3989,149,-41,-200,0,0,-2,-1151
3990,150,-41,-200,0,0,-2,-1151
3991,151,-41,-200,0,0,0,-1265
3992,152,-41,-200,0,0,0,-1265
3993,153,-41,-100,100,0,0,-1265
3994,154,-41,-100,0,0,0,-1265
3995,155,-41,-100,0,0,0,-1265
3996,156,-41,0,100,0,0,-1265
3997,157,-39,-100,-100,2,2,-1265
3998,158,-39,-100,0,2,2,-1265
3999,159,-39,-100,0,2,2,-1265
4000,160,-39,-200,-100,2,2,-1265
4001,161,-39,-200,0,2,2,-1265
4002,162,-39,-200,0,2,2,-1265
4003,163,-39,-200,0,2,2,-1265
4004,164,-39,-200,0,2,2,-1265
4005,165,-39,-200,0,2,0,-1265
4006,166,-39,-200,0,2,0,-1265
4007,167,-39,-200,0,2,0,-1265
4008,168,-39,-200,0,2,0,-1265
4009,169,-39,-200,0,2,0,-1265
4010,170,-39,-200,0,2,0,-1265
4011,171,-39,-200,0,1,0,-1265
4012,172,-39,-200,0,1,0,-1265
4013,173,-39,-200,0,1,0,-1265
4014,174,-39,-200,0,1,0,-1265
4015,175,-39,-200,0,1,0,-1265
4016,176,-39,-200,0,1,0,-1265
4017,177,-39,-200,0,1,0,-1265
4018,178,-39,-100,100,1,0,-1265
4019,179,-39,-100,0,1,0,-1265
4020,180,-39,-100,0,1,0,-1265
4021,181,-39,-100,0,1,0,-1265
4022,182,-39,-100,0,1,0,-1265
4023,183,-39,-200,-100,1,0,-1265
4024,184,-39,-200,0,1,0,-1265
4025,185,-39,-200,0,1,0,-1265
4026,186,-39,-200,0,1,0,-1265
4027,187,-39,-200,0,1,0,-1265
4028,188,-39,-200,0,1,0,-1265
4029,189,-39,-100,100,1,0,-1265
4030,190,-39,-100,0,1,0,-1265
4031,191,-38,0,100,2,1,-1265
4032,192,-33,-200,-200,7,6,-1265
4033,193,-33,-300,-100,7,6,-1265
4034,194,-33,-300,0,7,6,-1265
4035,195,-33,-300,0,6,6,-1265
4036,196,-33,-300,0,6,6,-1265
4037,197,-37,0,300,2,2,-1265
4038,198,-37,-100,-100,2,2,-1265
4039,199,-45,0,100,-7,-7,-1265
4040,200,-45,0,0,-6,-12,-1265
4041,201,-45,0,0,-6,-12,-1265
4042,202,-45,0,0,-5,-12,-1265
4043,203,-45,0,0,-5,-12,-1265
4044,204,-45,0,0,-4,-12,-1265
4045,205,-45,0,0,-4,-8,-1265
4046,206,-45,0,0,-4,-8,-1265
4047,207,-45,0,0,-4,0,-1265
4048,208,-44,0,0,-2,1,-1265
4049,209,-44,0,0,-2,1,-1265
4050,210,-44,0,0,-2,1,-1265
4051,211,-44,0,0,-2,1,-1265
4052,212,-44,0,0,-2,1,-1265
4053,213,-44,15,15,-1,1,-1240
4054,214,-44,15,0,-1,1,-1240
4055,215,-44,15,0,-1,1,-1240
4056,216,-44,15,0,-1,0,-1240
4057,217,-44,15,0,-1,0,-1240
4058,218,-43,50,35,0,1,-1065
4059,219,-33,-300,-350,10,11,-1005
4060,220,-33,-300,0,10,11,-1005
4061,221,-33,-300,0,9,11,-1005
4062,222,-33,-300,0,9,11,-1005
4063,223,-33,-300,0,8,11,-1005
4064,224,-33,-300,0,8,11,-1005
4065,225,-42,0,300,-2,2,-1005
4066,226,-33,-300,-300,7,10,-1005
4067,227,-33,-300,0,7,0,-1005
4068,228,-33,-300,0,7,0,-1005
4069,229,-33,-300,0,6,0,-1005
4070,230,-33,-300,0,6,0,-1005
4071,231,-33,-300,0,6,0,-1005
4072,232,-33,-300,0,5,0,-1005
4073,233,-33,-300,0,5,9,-1005
4074,234,-33,-300,0,5,0,-1005
4075,235,-33,-300,0,5,0,-1005
4076,236,-33,-300,0,4,0,-1005
4077,237,-33,-300,0,4,0,-1005
4078,238,-33,-300,0,4,0,-1005
4079,239,-33,-300,0,4,0,-1005
4080,240,-33,-200,100,4,0,-1005
4081,241,-33,-200,0,3,0,-1005
4082,242,-33,-200,0,3,0,-1005
4083,243,-33,-200,0,3,0,-1005
4084,244,-33,-200,0,3,0,-1005
4085,245,-33,-200,0,3,0,-1005
4086,246,-33,-200,0,3,0,-1005
4087,247,-33,-200,0,3,0,-1005
4088,248,-33,-200,0,3,0,-1005
4089,249,-33,-300,-100,2,0,-1005
4090,250,-33,-300,0,2,0,-1005
4091,251,-33,-300,0,2,0,-1005
4092,252,-33,-300,0,2,0,-1005
4093,253,-33,-300,0,2,0,-1005
4094,254,-33,-200,100,2,0,-1005
4095,255,-33,-200,0,2,0,-1005
4096,0,-33,-200,0,2,0,-1005
4097,1,-33,-300,-100,2,0,-1005
4098,2,-33,-300,0,2,0,-1005
4099,3,-33,-300,0,2,0,-1005
4100,4,-33,-200,100,2,0,-1005
4101,5,-33,-200,0,2,0,-1005
4102,6,-33,-200,0,2,0,-1005
4103,7,-33,-300,-100,2,0,-1005
4104,8,-33,-300,0,1,0,-1005
4105,9,-33,-300,0,1,0,-1005
4106,10,-33,-300,0,1,0,-1005
4107,11,-33,0,300,1,0,-1005
4108,12,-32,0,0,2,1,-1005
4109,13,-32,0,0,2,1,-1005
4110,14,-33,-63,-63,1,0,-1005
4111,15,-33,-163,-100,1,0,-1005
4112,16,-33,-163,0,1,0,-1005
4113,17,-33,-163,0,1,0,-1005
4114,18,-33,-163,0,1,0,-1005
4115,19,-33,-163,0,1,0,-1005
4116,20,-33,0,163,1,-1,-742
4117,21,-32,0,0,2,0,-572
4118,22,-32,0,0,2,1,-572
4119,23,-32,0,0,2,1,-572
4120,24,-32,0,0,2,1,-481
4121,25,-32,0,0,2,1,-481
4122,26,-32,-9,-9,2,1,-481
4123,27,-32,-9,0,2,1,-481
4124,28,-32,-9,0,2,1,-481
4125,29,-32,-9,0,2,0,-481
4126,30,-32,-9,0,2,0,-759
4127,31,-32,-9,0,2,0,-759
4128,32,-32,-9,0,2,0,-759
4129,33,-32,-9,0,2,0,-759
4130,34,-32,-9,0,1,0,-759
4131,35,-32,-9,0,1,0,-759
4132,36,-32,-9,0,1,0,-967
4133,37,-34,0,9,-1,-2,-967
4134,38,-34,-9,-9,0,-2,-967
4135,39,-34,-9,0,0,-2,-967
4136,40,-34,-9,0,0,-2,-967
4137,41,-34,-9,0,0,-2,-952
4138,42,-34,-9,0,0,-2,-952
4139,43,-34,91,100,0,-2,-723
4140,44,-32,0,-91,2,0,-214
4141,45,-32,0,0,2,2,-214
4142,46,-32,0,0,2,2,-214
4143,47,-32,0,0,2,2,-214
4144,48,-32,0,0,2,2,-214
4145,49,-32,0,0,2,2,-179
4146,50,-32,0,0,2,2,-98
4147,51,-32,0,0,1,2,-190
4148,52,-33,0,0,0,-1,-190
4149,53,-33,-100,-100,0,-1,-190
4150,54,-33,-100,0,0,-1,-190
4151,55,-33,-100,0,0,-1,-190
4152,56,-33,-100,0,0,-1,-190
4153,57,-33,-200,-100,0,-1,-190
4154,58,-33,-200,0,0,-1,-190
4155,59,-33,-200,0,0,-1,-190
4156,60,-33,-100,100,0,0,-190
4157,61,-33,0,100,0,0,-190
4158,62,-32,0,0,1,1,-190
4159,63,-32,0,0,1,1,-190
4160,64,-32,0,0,1,1,-190
4161,65,-32,-100,-100,1,1,-190
4162,66,-32,-100,0,1,1,-190
4163,67,-37,-112,-12,-4,-4,-190
4164,68,-37,-212,-100,-3,-4,-190
4165,69,-37,-212,0,-3,-4,-190
4166,70,-37,-212,0,-3,-5,-190
4167,71,-37,-212,0,-3,-5,-190
4168,72,-37,-212,0,-2,-5,-190
4169,73,-37,-212,0,-2,-5,-190
4170,74,-37,-212,0,-2,-5,-190
4171,75,-37,0,212,-2,0,-190
4172,76,-32,-100,-100,3,5,-190
4173,77,-32,-100,0,3,5,-190
4174,78,-32,-100,0,3,5,-190
4175,79,-32,-100,0,3,5,-190
4176,80,-32,-100,0,3,5,-190
4177,81,-32,-100,0,3,5,-190
4178,82,-32,-100,0,3,5,-190
4179,83,-32,-100,0,3,5,-190
4180,84,-40,0,100,-6,-8,-190
4181,85,-40,-100,-100,-5,-8,-190
4182,86,-40,0,100,-5,-8,-190
4183,87,-32,-100,-100,4,0,-190
4184,88,-32,-100,0,3,0,-155
4185,89,-35,0,100,0,-3,-155
4186,90,-35,-100,-100,0,-3,-155
4187,91,-35,-100,0,0,-3,-155
4188,92,-35,-200,-100,0,5,-155
4189,93,-35,-200,0,0,5,-155
4190,94,-35,-200,0,0,5,-155
4191,95,-35,-100,100,0,-3,-155
4192,96,-35,0,100,0,-3,-155
4193,97,-32,0,0,3,3,-155
4194,98,-32,-100,-100,3,3,-155
4195,99,-45,0,100,-10,-10,-155
4196,100,-45,0,0,-9,-10,-155
4197,101,-45,-100,-100,-9,-10,-155
4198,102,-45,-100,0,-8,-10,-155
4199,103,-45,-100,0,-7,-10,-155
4200,104,-45,0,100,-7,-10,-155
4201,105,-39,0,0,0,-7,-155
4202,106,-39,0,0,0,-7,-155
4203,107,-39,0,0,0,6,-155
4204,108,-39,0,0,0,6,-155
4205,109,-32,-100,-100,7,13,-155
4206,110,-32,-100,0,6,13,-155
4207,111,-32,0,100,6,13,-155
4208,112,-32,0,0,6,13,-155
4209,113,-32,0,0,5,7,-155
4210,114,-32,-100,-100,5,7,-155
4211,115,-32,-100,0,5,7,-155
4212,116,-32,-100,0,5,7,-155
4213,117,-32,-100,0,4,0,-155
4214,118,-32,-100,0,4,0,-155
4215,119,-32,-100,0,4,0,-155
4216,120,-32,-100,0,4,0,-155
4217,121,-49,0,100,-13,-17,-155
4218,122,-49,0,0,-12,-17,-155
4219,123,-49,0,0,-12,-17,-155
4220,124,-48,0,0,-10,-16,-155
4221,125,-42,0,0,-3,-10,-155
4222,126,-32,-100,-100,7,0,-155
4223,127,-32,-100,0,7,0,-105
4224,128,-37,0,100,1,-5,-105
4225,129,-37,-100,-100,1,12,-105
4226,130,-37,-100,0,1,12,-105
4227,131,-37,-200,-100,1,12,-105
4228,132,-37,-200,0,1,11,-105
4229,133,-37,-200,0,1,5,-105
4230,134,-37,-200,0,1,-5,-105
4231,135,-37,-100,100,1,-5,-105
4232,136,-37,0,100,1,0,-105
4233,137,-32,-100,-100,6,5,-105
4234,138,-32,0,100,6,5,-105
4235,139,-32,-100,-100,6,5,-105
4236,140,-49,0,100,-12,-12,-105
4237,141,-49,-100,-100,-11,-12,-105
4238,142,-49,-100,0,-10,-12,-105
4239,143,-49,0,100,-9,-12,-105
4240,144,-43,0,0,-3,-6,-105
4241,145,-32,-100,-100,9,0,-105
4242,146,-32,-100,0,8,0,-105
4243,147,-43,-500,-400,-3,-11,-105
4244,148,-43,-600,-100,-3,6,-105
4245,149,-43,-600,0,-3,6,-105
4246,150,-43,-600,0,-3,6,-105
4247,151,-43,-600,0,-2,6,-105
4248,152,-43,-600,0,-2,0,-105
4249,153,-43,0,600,-2,-11,-105
4250,154,-38,-400,-400,3,-6,-105
4251,155,-38,-500,-100,3,5,-105
4252,156,-48,-500,0,-7,-5,-105
4253,157,-48,-600,-100,-7,-5,-105
4254,158,-48,-600,0,-6,-5,-105
4255,159,-48,-600,0,-6,-5,-105
4256,160,-51,0,600,-8,-8,-105
4257,161,-51,0,0,-8,-8,-145
4258,162,-51,0,0,-7,-13,-233
4259,163,-51,0,0,-7,-13,-383
4260,164,-53,0,0,-8,-5,-383
4261,165,-53,-100,-100,-8,-5,-383
4262,166,-53,-100,0,-7,-5,-383
4263,167,-53,-100,0,-7,-5,-383
4264,168,-53,-100,0,-6,-2,-383
4265,169,-53,-100,0,-6,-2,-383
4266,170,-53,-100,0,-5,-2,-383
4267,171,-53,0,100,-5,-2,-383
4268,172,-50,0,0,-1,3,-383
4269,173,-48,-500,-500,1,5,-383
4270,174,-48,-500,0,1,5,-383
4271,175,-48,-500,0,1,5,-383
4272,176,-48,-500,0,1,5,-383
4273,177,-48,-500,0,1,5,-383
4274,178,-48,-600,-100,1,5,-383
4275,179,-48,-600,0,1,5,-383
4276,180,-48,-600,0,1,2,-383
4277,181,-48,-600,0,1,0,-383
4278,182,-48,-600,0,1,0,-383
4279,183,-48,-600,0,1,0,-383
4280,184,-48,-600,0,1,0,-383
4281,185,-48,-600,0,1,0,-383
4282,186,-48,-600,0,1,0,-383
4283,187,-48,-600,0,1,0,-383
4284,188,-48,-600,0,1,0,-383
4285,189,-48,-600,0,1,0,-383
4286,190,-48,-600,0,1,0,-383
4287,191,-48,-600,0,1,0,-383
4288,192,-48,-600,0,1,0,-383
4289,193,-48,-600,0,1,0,-383
4290,194,-48,-600,0,1,0,-383
4291,195,-48,-600,0,1,0,-383
4292,196,-48,-600,0,1,0,-383
4293,197,-48,-600,0,1,0,-383
4294,198,-48,-600,0,1,0,-383
4295,199,-48,-600,0,1,0,-383
4296,200,-57,-112,488,-8,-9,-383
4297,201,-48,-600,-488,1,0,-334
4298,202,-48,-500,100,1,0,-334
4299,203,-48,-500,0,1,0,-334
4300,204,-48,-500,0,1,0,-334
4301,205,-48,-500,0,1,0,-334
4302,206,-48,-500,0,1,0,-334
4303,207,-48,-500,0,1,0,-466
4304,208,-48,-500,0,1,9,-557
4305,209,-51,0,500,-2,-3,-557
4306,210,-51,-100,-100,-2,-3,-557
4307,211,-51,-100,0,-1,-3,-557
4308,212,-51,-200,-100,-1,-3,-557
4309,213,-51,-200,0,-1,-3,-557
4310,214,-51,-200,0,-1,-3,-557
4311,215,-53,0,200,-3,-5,-557
4312,216,-53,-100,-100,-3,-5,-557
4313,217,-53,-100,0,-2,-2,-557
4314,218,-53,0,100,-2,-2,-557
4315,219,-53,0,0,-2,-2,-557
4316,220,-53,0,0,-2,-2,-557
4317,221,-53,0,0,-2,-2,-557
4318,222,-53,-600,-600,-1,-2,-557
4319,223,-53,-600,0,-1,0,-557
4320,224,-58,0,600,-6,-5,-557
4321,225,-58,0,0,-6,-5,-557
4322,226,-53,-600,-600,0,0,-229
4323,227,-53,-600,0,0,0,-229
4324,228,-53,-600,0,0,0,-229
4325,229,-53,-600,0,0,0,-185
4326,230,-53,-600,0,0,0,-254
4327,231,-53,-600,0,0,0,-645
4328,232,-55,0,600,-2,3,-645
4329,233,-55,-100,-100,-2,3,-645
4330,234,-55,-100,0,-2,-2,-663
4331,235,-57,0,100,-3,-4,-663
4332,236,-57,-100,-100,-3,-4,-663
4333,237,-57,-100,0,-3,-4,-663
4334,238,-57,0,100,-3,-4,-663
4335,239,-57,0,0,-2,-4,-663
4336,240,-53,-600,-600,2,2,-663
4337,241,-53,-600,0,2,2,-663
4338,242,-53,-600,0,2,2,-663
4339,243,-53,-600,0,2,4,-663
4340,244,-61,-112,488,-6,-4,-663
4341,245,-61,-110,2,-6,-4,-655
4342,246,-61,-90,20,-6,-4,-616
4343,247,-61,-70,20,-5,-4,-460
4344,248,-61,30,100,-5,-8,-295
4345,249,-53,-600,-630,4,0,-175
4346,250,-53,-600,0,3,0,-175
4347,251,-53,-600,0,3,0,-175
4348,252,-53,-600,0,3,8,-175
4349,253,-53,-600,0,3,8,-175
4350,254,-53,-600,0,3,8,-175
4351,255,-53,-600,0,3,8,-175
4352,0,-59,0,600,-3,2,-175
4353,1,-59,0,0,-3,-6,-250
4354,2,-59,0,0,-3,-6,-347
4355,3,-59,0,0,-3,-6,-254
4356,4,-59,0,0,-2,-6,-254
4357,5,-59,0,0,-2,-6,-254
4358,6,-53,-600,-600,4,0,-254
4359,7,-53,-600,0,4,0,-254
4360,8,-53,-600,0,4,6,-254
4361,9,-53,-600,0,3,6,-254
4362,10,-53,-600,0,3,6,-577
4363,11,-53,-600,0,3,6,-845
4364,12,-53,-600,0,3,6,-1145
4365,13,-53,-600,0,3,6,-1345
4366,14,-53,-600,0,3,0,-1681
4367,15,-56,0,600,0,-3,-1681
4368,16,-56,-100,-100,0,-3,-1681
4369,17,-56,-200,-100,0,-3,-1681
4370,18,-56,-200,0,0,-3,-1681
4371,19,-56,-200,0,0,-3,-1681
4372,20,-56,-200,0,0,-3,-1608
4373,21,-58,0,200,-2,-5,-1608
4374,22,-58,-100,-100,-2,-5,-1608
4375,23,-58,-100,0,-2,-2,-1608
4376,24,-58,-200,-100,-1,-2,-1608
4377,25,-58,-200,0,-1,-2,-1608
4378,26,-58,-200,0,-1,-2,-1608
4379,27,-58,-100,100,-1,-2,-1608
4380,28,-58,-100,0,-1,-2,-1608
4381,29,-58,-100,0,-1,0,-1608
4382,30,-60,0,100,-3,-2,-1608
4383,31,-60,-100,-100,-2,-2,-1608
4384,32,-60,-100,0,-2,-2,-1608
4385,33,-60,0,100,-2,-2,-1608
4386,34,-58,0,0,0,0,-1608
4387,35,-58,-100,-100,0,0,-1608
4388,36,-58,-100,0,0,0,-1608
4389,37,-58,0,100,0,0,-1608
4390,38,-53,-500,-500,5,7,-1608
4391,39,-53,-500,0,5,7,-1608
4392,40,-53,-500,0,5,7,-1608
4393,41,-53,-500,0,5,7,-1608
4394,42,-53,-500,0,4,5,-1608
4395,43,-53,-600,-100,4,5,-1608
4396,44,-53,-600,0,4,5,-1608
4397,45,-60,0,600,-3,-2,-1608
4398,46,-60,-100,-100,-3,-7,-1608
4399,47,-60,0,100,-3,-7,-1608
4400,48,-53,-600,-600,5,0,-1608
4401,49,-53,-500,100,4,0,-1608
4402,50,-53,-600,-100,4,0,-1608
4403,51,-53,-600,0,4,0,-1608
4404,52,-53,-600,0,4,0,-1608
4405,53,-53,-600,0,4,7,-1608
4406,54,-53,-600,0,3,7,-1608
4407,55,-53,-600,0,3,7,-1608
4408,56,-53,-600,0,3,0,-1608
4409,57,-53,-600,0,3,0,-1608
4410,58,-53,-600,0,3,0,-1608
4411,59,-53,-600,0,3,0,-1608
4412,60,-53,-600,0,3,0,-1608
4413,61,-53,-600,0,3,0,-1608
4414,62,-53,-600,0,2,0,-1608
4415,63,-53,-600,0,2,0,-1608
4416,64,-53,-600,0,2,0,-1347
4417,65,-53,-600,0,2,0,-1538
4418,66,-53,-600,0,2,0,-1640
4419,67,-72,-2624,-2024,-17,-19,-1640
4420,68,-72,-2624,0,-16,-19,-1640
4421,69,-72,-2624,0,-15,-19,-1640
4422,70,-72,-2624,0,-14,-19,-1640
4423,71,-72,-2624,0,-13,-19,-1640
4424,72,-72,-2624,0,-12,-19,-1640
4425,73,-72,-2624,0,-11,-19,-1640
4426,74,-72,-2564,60,-10,-19,-1600
4427,75,-72,-2564,0,-10,0,-1600
4428,76,-66,0,2564,-3,6,-1600
4429,77,-66,0,0,-3,6,-1600
4430,78,-66,0,0,-2,6,-1600
4431,79,-60,0,0,4,12,-1600
4432,80,-60,0,0,4,12,-1600
4433,81,-60,0,0,3,12,-1600
4434,82,-57,-100,-100,6,15,-1600
4435,83,-57,-100,0,6,15,-1720
4436,84,-57,-100,0,6,9,-1821
4437,85,-57,-100,0,5,9,-1978
4438,86,-57,-200,-100,5,9,-1978
4439,87,-57,-200,0,5,3,-1978
4440,88,-57,-200,0,5,3,-1978
4441,89,-57,-200,0,4,3,-1978
4442,90,-57,-200,0,4,0,-1978
4443,91,-57,-200,0,4,0,-1978
4444,92,-57,-200,0,4,0,-1891
4445,93,-57,-200,0,4,0,-1792
4446,94,-57,-200,0,3,0,-1835
4447,95,-57,-200,0,3,0,-1744
4448,96,-57,-200,0,3,0,-1449
4449,97,-61,0,200,-1,-4,-1449
4450,98,-61,-100,-100,-1,-4,-1449
4451,99,-61,-100,0,-1,-4,-1449
4452,100,-61,-200,-100,-1,-4,-1449
4453,101,-61,-200,0,-1,-4,-1449
4454,102,-61,-200,0,0,-4,-1449
4455,103,-61,-200,0,0,-4,-1449
4456,104,-61,-200,0,0,-4,-1449
4457,105,-61,-200,0,0,0,-1449
4458,106,-61,-200,0,0,0,-1449
4459,107,-61,-100,100,0,0,-1449
4460,108,-61,-100,0,0,0,-1449
4461,109,-61,0,100,0,0,-1449
4462,110,-53,-500,-500,8,8,-1449
4463,111,-53,-500,0,8,8,-1449
4464,112,-53,-600,-100,7,8,-1449
4465,113,-53,-600,0,7,8,-1449
4466,114,-65,0,600,-6,-4,-1449
4467,115,-65,-100,-100,-5,-4,-1449
4468,116,-65,-100,0,-5,-4,-1449
4469,117,-65,-100,0,-4,-4,-1146
4470,118,-65,0,100,-4,-12,-1146
4471,119,-59,0,0,2,-6,-1146
4472,120,-53,-600,-600,8,0,-1146
4473,121,-53,-600,0,8,0,-1146
4474,122,-53,-600,0,7,12,-1146
4475,123,-53,-600,0,7,12,-1146
4476,124,-53,-600,0,7,12,-1146
4477,125,-53,-600,0,6,12,-1146
4478,126,-53,-600,0,6,12,-1146
4479,127,-53,-600,0,6,6,-1146
4480,128,-53,-600,0,5,0,-1146
4481,129,-53,-600,0,5,0,-1146
4482,130,-53,-600,0,5,0,-1146
4483,131,-53,-600,0,4,0,-1146
4484,132,-53,-600,0,4,0,-1049
4485,133,-53,-600,0,4,0,-656
4486,134,-73,0,600,-16,-20,-656
4487,135,-75,0,0,-17,-22,-656
4488,136,-75,0,0,-16,-22,-656
4489,137,-75,0,0,-15,-22,-656
4490,138,-75,0,0,-14,-22,-656
4491,139,-81,-178,-178,-19,-28,-656
4492,140,-81,-178,0,-18,-28,-717
4493,141,-81,-178,0,-17,-28,-724
4494,142,-81,-178,0,-15,-8,-724
4495,143,-81,-178,0,-14,-6,-724
4496,144,-81,-178,0,-14,-6,-724
4497,145,-81,-178,0,-13,-6,-724
4498,146,-81,-178,0,-12,-6,-724
4499,147,-81,-78,100,-11,0,-424
4500,148,-81,-78,0,-10,0,-424
4501,149,-81,-78,0,-10,0,-424
4502,150,-81,-78,0,-9,0,-424
4503,151,-81,-78,0,-8,0,-424
4504,152,-81,-78,0,-8,0,-424
4505,153,-78,0,78,-4,3,-424
4506,154,-78,0,0,-4,3,-424
4507,155,-78,0,0,-4,3,-424
4508,156,-78,0,0,-3,3,-402
4509,157,-78,0,0,-3,3,-402
4510,158,-78,0,0,-3,3,-402
4511,159,-78,0,0,-3,3,-402
4512,160,-78,0,0,-2,3,-402
4513,161,-53,-600,-600,23,25,-362
4514,162,-53,-600,0,21,25,-362
4515,163,-53,-600,0,20,25,-362
4516,164,-53,-600,0,19,25,-362
4517,165,-53,-600,0,18,25,-362
4518,166,-53,-600,0,17,25,-362
4519,167,-53,-600,0,16,25,-362
4520,168,-53,-600,0,15,25,-362
4521,169,-53,-600,0,14,0,-362
4522,170,-53,-600,0,13,0,-362
4523,171,-53,-600,0,12,0,-362
4524,172,-53,-600,0,12,0,-362
4525,173,-53,-600,0,11,0,-362
4526,174,-53,-600,0,10,0,-362
4527,175,-53,-600,0,10,0,-362
4528,176,-53,-600,0,9,0,-362
4529,177,-53,-600,0,9,0,-362
4530,178,-53,-600,0,8,0,-362
4531,179,-53,-600,0,8,0,-362
4532,180,-53,-600,0,7,0,-362
4533,181,-53,-600,0,7,0,-362
4534,182,-53,-600,0,7,0,-362
4535,183,-53,-600,0,6,0,-362
4536,184,-53,-600,0,6,0,-362
4537,185,-53,-600,0,6,0,-362
4538,186,-53,-600,0,5,0,-362
4539,187,-65,0,600,-7,-12,-362
4540,188,-65,0,0,-6,-12,-362
4541,189,-63,0,0,-4,-10,-362
4542,190,-53,-600,-600,6,0,-362
4543,191,-53,-600,0,6,0,-362
4544,192,-53,0,600,6,0,-362
4545,193,-43,0,0,15,10,-362
4546,194,-38,-300,-300,20,15,-362
4547,195,-38,-300,0,18,27,-362
4548,196,-38,-300,0,17,27,-362
4549,197,-38,-300,0,16,25,-312
4550,198,-38,-300,0,15,15,-312
4551,199,-38,-300,0,14,15,-312
4552,200,-38,-300,0,14,15,-411
4553,201,-38,-300,0,13,5,-478
4554,202,-45,0,300,5,-7,-478
4555,203,-45,-100,-100,5,-7,-478
4556,204,-45,-200,-100,5,-7,-478
4557,205,-45,-100,100,4,-7,-478
4558,206,-45,0,100,4,-7,-478
4559,207,-38,-300,-300,11,0,-478
4560,208,-38,-400,-100,10,0,-478
4561,209,-38,-400,0,10,0,-478
4562,210,-38,-400,0,9,7,-478
4563,211,-38,-400,0,9,7,-478
4564,212,-38,-400,0,8,7,-478
4565,213,-73,-330,70,-27,-28,-478
4566,214,-73,-330,0,-26,-28,-478
4567,215,-73,-330,0,-24,-35,-478
4568,216,-73,-760,-430,-22,-35,-478
4569,217,-73,-760,0,-21,-35,-478
4570,218,-73,-760,0,-20,-35,-478
4571,219,-73,-735,25,-18,-35,-440
4572,220,-73,-710,25,-17,-35,-440
4573,221,-73,-305,405,-16,0,-440
4574,222,-73,-305,0,-15,0,-440
4575,223,-73,-305,0,-14,0,-440
4576,224,-73,-735,-430,-13,0,-440
4577,225,-73,-735,0,-12,0,-440
4578,226,-73,-735,0,-11,0,-440
4579,227,-73,-735,0,-11,0,-441
4580,228,-73,-735,0,-10,0,-441
4581,229,-73,-735,0,-9,0,-441
4582,230,-73,-735,0,-9,0,-441
4583,231,-73,-735,0,-8,0,-441
4584,232,-73,-735,0,-7,0,-421
4585,233,-73,-735,0,-7,0,-431
4586,234,-74,0,735,-7,-1,-431
4587,235,-74,-100,-100,-7,-1,-431
4588,236,-74,-100,0,-6,-1,-431
4589,237,-74,-100,0,-6,-1,-431
4590,238,-74,0,100,-6,-1,-431
4591,239,-74,0,0,-5,-1,-431
4592,240,-74,0,0,-5,-1,-431
4593,241,-74,0,0,-4,-1,-431
4594,242,-73,-735,-735,-3,1,-431
4595,243,-74,0,735,-4,0,-431
4596,244,-74,0,0,-4,0,-431
4597,245,-74,0,0,-3,0,-431
4598,246,-73,-735,-735,-2,1,-431
4599,247,-74,0,735,-3,0,-431
4600,248,-74,0,0,-3,0,-431
4601,249,-74,0,0,-2,0,-431
4602,250,-73,-735,-735,-1,0,-431
4603,251,-73,-835,-100,-1,1,-431
4604,252,-73,-835,0,-1,1,-431
4605,253,-73,-835,0,-1,1,-431
4606,254,-73,-835,0,-1,0,-431
4607,255,-73,-835,0,-1,1,-476
4608,0,-73,-835,0,0,1,-479
4609,1,-80,0,835,-7,-6,-479
4610,2,-80,0,0,-7,-7,-848
4611,3,-80,0,0,-6,-7,-843
4612,4,-73,-835,-835,1,0,-843
4613,5,-82,0,835,-8,-9,-843
4614,6,-82,2,2,-7,-9,-778
4615,7,-82,2,0,-7,-9,-778
4616,8,-82,2,0,-6,-9,-778
4617,9,-82,-403,-405,-6,-2,-778
4618,10,-82,-833,-430,-6,-2,-778
4619,11,-82,-833,0,-5,-2,-778
4620,12,-82,-833,0,-5,-9,-778
4621,13,-82,-833,0,-4,0,-778
4622,14,-82,-833,0,-4,0,-778
4623,15,-82,-833,0,-4,0,-778
4624,16,-82,-833,0,-3,0,-778
4625,17,-82,-833,0,-3,0,-778
4626,18,-82,-833,0,-3,0,-778
4627,19,-82,-833,0,-3,0,-778
4628,20,-82,-833,0,-2,0,-778
4629,21,-82,-735,98,-2,0,-643
4630,22,-82,-733,2,-2,0,-741
4631,23,-82,-733,0,-2,0,-741
4632,24,-82,-733,0,-2,0,-741
4633,25,-85,-300,433,-5,-3,-741
4634,26,-85,-300,0,-4,-3,-741
4635,27,-85,-300,0,-4,-3,-741
4636,28,-82,-733,-433,-1,0,-263
4637,29,-82,-733,0,0,0,-263
4638,30,-82,-733,0,0,0,-263
4639,31,-82,-733,0,0,0,-263
4640,32,-82,-733,0,0,0,-263
4641,33,-82,-733,0,0,3,-445
4642,34,-82,-733,0,0,3,-445
4643,35,-82,-733,0,0,3,-445
4644,36,-82,-733,0,0,0,-445
4645,37,-82,-733,0,0,0,-445
4646,38,-82,-733,0,0,0,-445
4647,39,-82,-733,0,0,0,-445
4648,40,-82,-733,0,0,0,-445
4649,41,-82,-733,0,0,0,-445
4650,42,-82,-733,0,0,0,-445
4651,43,-82,-330,403,0,0,-445
4652,44,-82,-330,0,0,0,-445
4653,45,-82,-330,0,0,0,-445
4654,46,-76,0,330,6,6,-445
4655,47,-65,0,0,17,17,-445
4656,48,-53,0,0,28,29,-445
4657,49,-38,-400,-400,41,44,-445
4658,50,-73,0,400,4,9,-445
4659,51,-73,-100,-100,4,9,-445
4660,52,-73,-100,0,4,9,-445
4661,53,-73,-100,0,3,9,-445
4662,54,-86,0,100,-10,-10,-445
4663,55,-86,0,0,-9,-21,-445
4664,56,-86,0,0,-8,-33,-445
4665,57,-87,0,0,-9,-49,-445
4666,58,-87,0,0,-8,-14,-445
4667,59,-87,0,0,-8,-14,-445
4668,60,-87,0,0,-7,-14,-445
4669,61,-87,0,0,-7,-14,-445
4670,62,-88,0,0,-7,-2,-445
4671,63,-88,0,0,-7,-2,-445
4672,64,-88,0,0,-6,-2,-445
4673,65,-88,0,0,-6,-1,-445
4674,66,-88,76,76,-5,-1,-319
4675,67,-88,76,0,-5,-1,-319
4676,68,-88,76,0,-5,-1,-319
4677,69,-73,-100,-176,11,14,-195
4678,70,-73,-100,0,10,15,-195
4679,71,-73,-100,0,10,15,-195
4680,72,-73,-100,0,9,15,-195
4681,73,-73,-100,0,9,15,-195
4682,74,-73,-100,0,8,15,-195
4683,75,-73,-100,0,8,15,-195
4684,76,-73,-100,0,7,15,-195
4685,77,-73,-100,0,7,0,-195
4686,78,-73,-100,0,6,0,-195
4687,79,-73,-100,0,6,0,-195
4688,80,-73,-100,0,6,0,-195
4689,81,-73,-100,0,5,0,-195
4690,82,-73,-100,0,5,0,-195
4691,83,-73,-100,0,5,0,-195
4692,84,-73,-100,0,5,0,-195
4693,85,-73,-100,0,4,0,-195
4694,86,-73,-100,0,4,0,-195
4695,87,-73,-100,0,4,0,-195
4696,88,-73,-100,0,4,0,-195
4697,89,-73,-100,0,4,0,-195
4698,90,-84,0,100,-8,-11,-195
4699,91,-84,0,0,-7,-11,-195
4700,92,-79,0,0,-2,-6,-195
4701,93,-73,-100,-100,5,0,-195
4702,94,-73,-100,0,4,0,-195
4703,95,-73,-100,0,4,0,-195
4704,96,-73,-100,0,4,0,-195
4705,97,-73,-100,0,4,0,-195
4706,98,-73,-100,0,4,11,-241
4707,99,-73,-100,0,3,11,-241
4708,100,-73,-100,0,3,6,-241
4709,101,-73,-100,0,3,0,-241
4710,102,-73,-100,0,3,0,-241
4711,103,-73,-100,0,3,0,-241
4712,104,-73,-100,0,3,0,-241
4713,105,-73,-100,0,3,0,-241
4714,106,-73,-100,0,3,0,-241
4715,107,-73,0,100,2,0,-241
4716,108,-73,0,0,2,0,-241
4717,109,-73,0,0,2,0,-241
4718,110,-73,0,0,2,0,-241
4719,111,-73,0,0,2,0,-241
4720,112,-73,0,0,2,0,-241
4721,113,-73,0,0,2,0,-241
4722,114,-73,-100,-100,2,0,-241
4723,115,-73,-100,0,2,0,-241
4724,116,-73,-100,0,2,0,-241
4725,117,-73,-100,0,2,0,-241
4726,118,-73,-100,0,2,0,-241
4727,119,-73,-100,0,2,0,-241
4728,120,-73,-100,0,2,0,-241
4729,121,-73,-100,0,2,0,-241
4730,122,-73,-100,0,1,0,-241
4731,123,-73,-100,0,1,0,-241
4732,124,-73,-100,0,1,0,-241
4733,125,-73,-100,0,1,0,-241
4734,126,-73,-100,0,1,0,-241
4735,127,-73,-100,0,1,0,-241
4736,128,-73,-100,0,1,0,-241
4737,129,-73,-100,0,1,0,-241
4738,130,-73,-100,0,1,0,-241
4739,131,-73,-100,0,1,0,-241
4740,132,-73,0,100,1,0,-241
4741,133,-73,0,0,1,0,-241
4742,134,-73,0,0,1,0,-241
4743,135,-73,0,0,1,0,-241
4744,136,-73,0,0,1,0,-241
4745,137,-73,0,0,1,0,-241
4746,138,-73,0,0,1,0,-241
4747,139,-73,0,0,1,0,-241
4748,140,-73,0,0,1,0,-241
4749,141,-73,0,0,1,0,-241
4750,142,-73,0,0,1,0,-241
4751,143,-73,0,0,1,0,-241
4752,144,-73,0,0,1,0,-241
4753,145,-73,0,0,1,0,-241
4754,146,-73,0,0,1,0,-241
4755,147,-73,0,0,1,0,-241
4756,148,-73,0,0,1,0,-241
4757,149,-73,0,0,1,0,-241
4758,150,-73,0,0,1,0,-241
4759,151,-73,0,0,1,0,-241
4760,152,-73,0,0,1,0,-241
4761,153,-73,0,0,1,0,-241
4762,154,-73,0,0,1,0,-241
4763,155,-73,0,0,1,0,-241
4764,156,-73,0,0,1,0,-241
4765,157,-73,0,0,1,0,-241
4766,158,-73,0,0,1,0,-466
4767,159,-83,50,50,-9,-10,-466
4768,160,-83,50,0,-8,-10,-466
4769,161,-83,50,0,-7,-10,-466
4770,162,-83,50,0,-7,-10,-466
4771,163,-83,50,0,-6,-10,-466
4772,164,-83,50,0,-6,-10,-466
4773,165,-83,50,0,-6,-10,-466
4774,166,-83,50,0,-5,-10,-466
4775,167,-75,0,-50,3,8,-414
4776,168,-75,0,0,3,8,-414
4777,169,-75,0,0,3,8,-414
4778,170,-75,0,0,3,8,-414
4779,171,-75,0,0,3,8,-414
4780,172,-74,0,0,4,9,-414
4781,173,-74,0,0,3,9,-414
4782,174,-74,0,0,3,9,-414
4783,175,-74,0,0,3,1,-414
4784,176,-74,0,0,3,1,-414
4785,177,-74,0,0,3,1,-414
4786,178,-74,0,0,3,1,-414
4787,179,-74,0,0,3,1,-414
4788,180,-74,0,0,3,0,-414
4789,181,-74,0,0,2,0,-414
4790,182,-74,0,0,2,0,-414
4791,183,-74,0,0,2,0,-414
4792,184,-74,0,0,2,0,-414
4793,185,-75,0,0,1,-1,-414
4794,186,-75,0,0,1,-1,-414
4795,187,-75,0,0,1,-1,-784
4796,188,-75,0,0,1,-1,-821
4797,189,-77,0,0,-1,-3,-821
4798,190,-77,-100,-100,-1,-3,-821
4799,191,-77,-100,0,-1,-3,-821
4800,192,-77,-100,0,0,-3,-793
4801,193,-77,0,100,0,-2,-793
4802,194,-77,0,0,0,-2,-793
4803,195,-77,0,0,0,-2,-704
4804,196,-78,0,0,-1,-3,-704
4805,197,-78,0,0,-1,-1,-704
4806,198,-78,-100,-100,-1,-1,-704
4807,199,-78,-100,0,-1,-1,-704
4808,200,-78,0,100,-1,-1,-704
4809,201,-80,0,0,-3,-3,-704
4810,202,-80,0,0,-2,-3,-704
4811,203,-81,0,0,-3,-4,-704
4812,204,-81,0,0,-3,-3,-704
4813,205,-81,0,0,-3,-3,-704
4814,206,-84,0,0,-5,-6,-704
4815,207,-81,0,0,-2,-3,-704
4816,208,-81,0,0,-2,-3,-704
4817,209,-81,0,0,-2,-1,-704
4818,210,-81,0,0,-1,-1,-704
4819,211,-81,0,0,-1,0,-704
4820,212,-88,0,0,-8,-7,-704
4821,213,-88,11,11,-8,-7,-321
4822,214,-88,-89,-100,-7,-4,-321
4823,215,-88,-89,0,-7,-7,-321
4824,216,-88,-89,0,-6,-7,-321
4825,217,-88,11,100,-6,-7,-321
4826,218,-82,0,-11,1,-1,-321
4827,219,-73,0,0,10,8,-219
4828,220,-73,0,0,9,15,-219
4829,221,-73,0,0,9,15,-219
4830,222,-73,-100,-100,8,15,-219
4831,223,-73,-100,0,8,15,-219
4832,224,-73,-100,0,7,15,-219
4833,225,-73,-100,0,7,15,-219
4834,226,-73,-100,0,7,9,-219
4835,227,-73,-100,0,6,0,-219
4836,228,-73,-100,0,6,0,-219
4837,229,-73,-100,0,6,0,-219
4838,230,-73,0,100,5,0,-121
4839,231,-63,95,95,15,10,-119
4840,232,-63,95,0,14,10,-119
4841,233,-63,95,0,13,10,-119
4842,234,-63,95,0,13,10,-119
4843,235,-63,95,0,12,10,-119
4844,236,-63,95,0,11,10,-119
4845,237,-63,95,0,11,10,-119
4846,238,-63,95,0,10,10,-119
4847,239,-63,95,0,9,0,-119
4848,240,-63,95,0,9,0,-119
4849,241,-63,95,0,8,0,-119
4850,242,-63,95,0,8,0,-119
4851,243,-63,95,0,7,0,-119
4852,244,-63,95,0,7,0,-119
4853,245,-63,95,0,7,0,-119
4854,246,-63,95,0,6,0,-119
4855,247,-63,95,0,6,0,-119
4856,248,-63,95,0,6,0,-119
4857,249,-63,95,0,5,0,-296
4858,250,-63,95,0,5,0,-699
4859,251,-68,0,-95,0,-5,-699
4860,252,-76,0,0,-8,-13,-699
4861,253,-76,0,0,-8,-13,-699
4862,254,-76,0,0,-7,-13,-699
4863,255,-76,0,0,-7,-13,-699
4864,0,-77,0,0,-7,-14,-699
4865,1,-77,0,0,-7,-14,-699
4866,2,-77,-100,-100,-6,-14,-699
4867,3,-77,-100,0,-6,-9,-699
4868,4,-84,0,100,-12,-8,-699
4869,5,-84,0,0,-11,-8,-699
4870,6,-84,0,0,-11,-8,-699
4871,7,-84,0,0,-10,-8,-699
4872,8,-84,0,0,-9,-7,-699
4873,9,-84,0,0,-9,-7,-699
4874,10,-84,0,0,-8,-7,-699
4875,11,-84,0,0,-7,-7,-699
4876,12,-84,0,0,-7,0,-699
4877,13,-86,-100,-100,-8,-2,-699
4878,14,-86,-100,0,-8,-2,-699
4879,15,-86,-100,0,-7,-2,-699
4880,16,-86,-100,0,-7,-2,-699
4881,17,-86,-80,20,-6,-2,-597
4882,18,-86,-47,33,-6,-2,-640
4883,19,-86,3,50,-5,-2,-614
4884,20,-86,3,0,-5,-2,-614
4885,21,-86,3,0,-5,0,-614
4886,22,-86,3,0,-4,0,-614
4887,23,-86,3,0,-4,0,-589
4888,24,-86,3,0,-4,0,-589
4889,25,-86,3,0,-3,0,-589
4890,26,-86,3,0,-3,0,-589
4891,27,-86,3,0,-3,0,-589
4892,28,-86,7,4,-3,0,-385
4893,29,-86,17,10,-2,0,-425
4894,30,-86,17,0,-2,0,-425
4895,31,-86,17,0,-2,0,-425
4896,32,-86,17,0,-2,0,-425
4897,33,-86,17,0,-2,0,-425
4898,34,-86,17,0,-1,0,-425
4899,35,-83,-400,-417,2,3,58
4900,36,-83,-400,0,2,3,58
4901,37,-83,-400,0,2,3,58
4902,38,-83,-400,0,2,3,58
4903,39,-83,-400,0,1,3,58
4904,40,-83,-400,0,1,3,58
4905,41,-83,-400,0,1,3,58
4906,42,-83,-400,0,1,3,58
4907,43,-83,-400,0,1,0,58
4908,44,-83,-400,0,1,0,58
4909,45,-84,22,422,0,-1,58
4910,46,-84,22,0,0,-1,58
4911,47,-84,22,0,0,-1,58
4912,48,-84,22,0,0,-1,58
4913,49,-84,22,0,0,-1,58
4914,50,-83,-400,-422,1,0,203
4915,51,-83,22,422,1,0,647
4916,52,-83,22,0,1,0,647
4917,53,-83,22,0,1,1,647
4918,54,-83,22,0,1,1,647
4919,55,-83,22,0,1,1,647
4920,56,-83,22,0,1,1,647
4921,57,-83,22,0,1,1,647
4922,58,-83,22,0,1,0,647
4923,59,-83,22,0,1,0,647
4924,60,-79,60,38,5,4,736
4925,61,-79,60,0,5,4,736
4926,62,-79,60,0,5,4,736
4927,63,-79,60,0,5,4,736
4928,64,-79,60,0,4,4,736
4929,65,-79,60,0,4,4,736
4930,66,-79,60,0,4,4,736
4931,67,-79,60,0,4,4,736
4932,68,-79,60,0,4,0,736
4933,69,-79,60,0,3,0,736
4934,70,-79,60,0,3,0,736
4935,71,-79,60,0,3,0,736
4936,72,-79,60,0,3,0,736
4937,73,-79,60,0,3,0,736
4938,74,-79,63,3,3,0,728
4939,75,-77,0,-63,5,2,665
4940,76,-77,0,0,4,2,665
4941,77,-77,0,0,4,2,665
4942,78,-73,0,0,8,6,665
4943,79,-73,0,0,8,6,665
4944,80,-73,0,0,7,6,665
4945,81,-73,0,0,7,6,665
4946,82,-73,0,0,6,6,665
4947,83,-73,0,0,6,4,665
4948,84,-73,0,0,6,4,665
4949,85,-73,0,0,5,4,665
4950,86,-73,0,0,5,0,665
4951,87,-73,0,0,5,0,665
4952,88,-73,0,0,5,0,665
4953,89,-73,0,0,4,0,665
4954,90,-73,0,0,4,0,665
4955,91,-73,0,0,4,0,665
4956,92,-74,-100,-100,3,-1,665
4957,93,-74,-100,0,3,-1,665
4958,94,-74,-100,0,3,-1,665
4959,95,-74,-100,0,2,-1,665
4960,96,-74,-100,0,2,-1,665
4961,97,-74,-100,0,2,-1,665
4962,98,-78,50,150,-2,-5,665
4963,99,-78,50,0,-2,-5,665
4964,100,-76,0,-50,1,-2,615
4965,101,-76,0,0,1,-2,615
4966,102,-76,0,0,1,-2,615
4967,103,-76,0,0,1,-2,615
4968,104,-76,0,0,1,-2,615
4969,105,-74,-100,-100,3,0,615
4970,106,-74,-100,0,2,4,615
4971,107,-74,-100,0,2,4,615
4972,108,-76,0,100,0,0,615
4973,109,-76,0,0,0,0,615
4974,110,-76,0,0,0,0,615
4975,111,-76,0,0,0,0,615
4976,112,-76,0,0,0,0,615
4977,113,-76,0,0,0,-2,615
4978,114,-76,0,0,0,-2,615
4979,115,-76,0,0,0,-2,615
4980,116,-76,0,0,0,0,615
4981,117,-76,0,0,0,0,615
4982,118,-76,0,0,0,0,615
4983,119,-76,0,0,0,0,615
4984,120,-76,0,0,0,0,615
4985,121,-76,0,0,0,0,615
4986,122,-76,0,0,0,0,615
4987,123,-76,0,0,0,0,615
4988,124,-76,0,0,0,0,615
4989,125,-76,0,0,0,0,615
4990,126,-74,-100,-100,2,2,615
4991,127,-74,-100,0,2,2,615
4992,128,-74,-100,0,2,2,615
4993,129,-74,-200,-100,2,2,615
4994,130,-74,-200,0,2,2,615
4995,131,-83,0,200,-7,-7,615
4996,132,-83,8,8,-6,-7,798
4997,133,-83,-92,-100,-6,-7,798
4998,134,-83,-92,0,-6,-9,798
4999,135,-83,0,92,-5,-9,893
5000,136,-83,8,8,-5,-9,881
5001,137,-83,-92,-100,-4,-9,881
5002,138,-83,-92,0,-4,-9,881
5003,139,-83,-59,33,-4,0,881
5004,140,-83,-17,42,-3,0,873
5005,141,-83,-17,0,-3,0,873
5006,142,-83,-17,0,-3,0,873
5007,143,-83,-17,0,-3,0,873
5008,144,-83,-17,0,-2,0,873
5009,145,-83,-17,0,-2,0,873
5010,146,-83,-17,0,-2,0,873
5011,147,-83,-17,0,-2,0,873
5012,148,-83,-17,0,-2,0,1042
5013,149,-83,-17,0,-2,0,1042
5014,150,-83,-17,0,-1,0,1042
5015,151,-83,-17,0,-1,0,1042
5016,152,-83,-17,0,-1,0,1042
5017,153,-83,-17,0,-1,0,1042
5018,154,-83,-17,0,-1,0,1042
5019,155,-83,-17,0,-1,0,1042
5020,156,-83,-17,0,-1,0,1042
5021,157,-83,-17,0,-1,0,1042
5022,158,-83,-17,0,0,0,1042
5023,159,-83,-17,0,0,0,1042
5024,160,-83,-17,0,0,0,1042
5025,161,-83,-17,0,0,0,1042
5026,162,-83,-17,0,0,0,1042
5027,163,-83,-117,-100,0,0,1042
5028,164,-83,-117,0,0,0,1042
5029,165,-83,-117,0,0,0,1042
5030,166,-83,-117,0,0,0,1042
5031,167,-83,-17,100,0,0,1042
5032,168,-83,-17,0,0,0,1042
5033,169,-83,-17,0,0,0,1042
5034,170,-83,0,17,0,0,1055
5035,171,-76,-100,-100,7,7,1145
5036,172,-76,-100,0,7,7,1145
5037,173,-76,-100,0,7,7,1145
5038,174,-76,-100,0,6,7,1145
5039,175,-83,0,100,-1,0,1145
5040,176,-83,0,0,-1,0,1145
5041,177,-83,0,0,-1,0,1145
5042,178,-83,0,0,-1,0,1145
5043,179,-83,0,0,-1,-7,1145
5044,180,-83,0,0,0,-7,1145
5045,181,-83,0,0,0,-7,1145
5046,182,-83,0,0,0,-7,1145
5047,183,-83,0,0,0,0,1145
5048,184,-83,0,0,0,0,1145
5049,185,-83,0,0,0,0,1145
5050,186,-83,10,10,0,0,1072
5051,187,-83,-35,-45,0,0,1072
5052,188,-83,-35,0,0,0,1072
5053,189,-83,-35,0,0,0,1072
5054,190,-83,-35,0,0,0,1072
5055,191,-83,-35,0,0,0,1072
5056,192,-83,-35,0,0,0,1072
5057,193,-83,-35,0,0,0,1072
5058,194,-83,-135,-100,0,0,1072
5059,195,-83,-135,0,0,0,1072
5060,196,-83,-135,0,0,0,1072
5061,197,-83,-135,0,0,0,1072
5062,198,-83,-135,0,0,0,1072
5063,199,-83,-135,0,0,0,1072
5064,200,-83,-135,0,0,0,1072
5065,201,-83,-135,0,0,0,1072
5066,202,-84,0,135,-1,-1,1072
5067,203,-84,0,0,0,-1,1072
5068,204,-84,0,0,0,-1,1072
5069,205,-84,0,0,0,-1,1072
5070,206,-83,-135,-135,1,0,1094
5071,207,-83,-135,0,1,0,1094
5072,208,-83,-135,0,1,0,1094
5073,209,-84,1,136,0,-1,1094
5074,210,-84,1,0,0,0,1094
5075,211,-84,1,0,0,0,1094
5076,212,-84,16,15,0,0,687
5077,213,-84,16,0,0,0,687
5078,214,-84,16,0,0,-1,687
5079,215,-84,16,0,0,-1,687
5080,216,-83,-175,-191,1,0,693
5081,217,-83,-175,0,1,1,693
5082,218,-83,-175,0,1,1,693
5083,219,-83,-175,0,1,1,693
5084,220,-83,-175,0,1,1,693
5085,221,-83,-175,0,1,1,693
5086,222,-83,-175,0,1,1,693
5087,223,-83,-175,0,1,1,693
5088,224,-83,-175,0,1,0,693
5089,225,-83,-175,0,1,0,693
5090,226,-83,-175,0,1,0,693
5091,227,-83,-175,0,1,0,693
5092,228,-83,-175,0,1,0,693
5093,229,-83,-175,0,1,0,693
5094,230,-83,-175,0,1,0,693
5095,231,-83,-175,0,1,0,693
5096,232,-83,-175,0,1,0,693
5097,233,-83,-175,0,1,0,693
5098,234,-83,-175,0,1,0,693
5099,235,-83,-175,0,1,0,693
5100,236,-83,-175,0,1,0,693
5101,237,-83,-175,0,1,0,693
5102,238,-83,-175,0,1,0,693
5103,239,-83,-175,0,1,0,693
5104,240,-83,-175,0,1,0,693
5105,241,-83,-175,0,1,0,693
5106,242,-83,-175,0,1,0,693
5107,243,-83,-175,0,1,0,693
5108,244,-83,-175,0,1,0,693
5109,245,-83,-175,0,1,0,693
5110,246,-83,-175,0,1,0,693
5111,247,-83,-175,0,1,0,693
5112,248,-83,-175,0,1,0,693
5113,249,-83,-175,0,1,0,693
5114,250,-83,-175,0,1,0,693
5115,251,-83,-175,0,1,0,693
5116,252,-83,-146,29,1,0,719
5117,253,-83,-85,61,1,0,743
5118,254,-83,-40,45,1,0,738
5119,255,-83,54,94,1,0,732
5120,0,-83,54,0,1,0,732
5121,1,-83,54,0,1,0,732
5122,2,-83,60,6,1,0,730
5123,3,-76,0,-60,8,7,678
5124,4,-76,0,0,8,7,678
5125,5,-76,0,0,7,7,678
5126,6,-76,0,0,7,7,678
5127,7,-76,0,0,7,7,678
5128,8,-76,0,0,6,7,678
5129,9,-76,-100,-100,6,7,678
5130,10,-76,-100,0,6,7,678
5131,11,-76,0,100,5,0,678
5132,12,-76,0,0,5,0,678
5133,13,-76,0,0,5,0,678
5134,14,-76,0,0,4,0,678
5135,15,-76,0,0,4,0,678
5136,16,-76,0,0,4,0,678
5137,17,-76,0,0,4,0,678
5138,18,-76,0,0,4,0,678
5139,19,-76,0,0,3,0,678
5140,20,-76,0,0,3,0,678
5141,21,-76,0,0,3,0,678
5142,22,-76,0,0,3,0,678
5143,23,-76,0,0,3,0,678
5144,24,-76,0,0,3,0,678
5145,25,-76,0,0,3,0,678
5146,26,-76,0,0,3,0,678
5147,27,-76,0,0,2,0,678
5148,28,-76,0,0,2,0,678
5149,29,-77,0,0,1,-1,678
5150,30,-77,-10,-10,1,-1,678
5151,31,-77,90,100,1,-1,770
5152,32,-76,0,-90,2,0,770
5153,33,-77,0,0,1,-1,770
5154,34,-77,-10,-10,1,-1,770
5155,35,-77,0,10,1,-1,770
5156,36,-77,-10,-10,1,-1,770
5157,37,-77,90,100,1,0,770
5158,38,-76,0,-90,2,1,770
5159,39,-74,-100,-100,4,3,837
5160,40,-74,-100,0,4,2,837
5161,41,-74,-100,0,4,3,837
5162,42,-74,-100,0,4,3,837
5163,43,-74,-100,0,3,3,837
5164,44,-74,-100,0,3,3,837
5165,45,-74,-100,0,3,3,837
5166,46,-74,-100,0,3,2,837
5167,47,-74,-100,0,3,0,837
5168,48,-74,-100,0,3,0,837
5169,49,-74,-100,0,3,0,837
5170,50,-74,-100,0,3,0,837
5171,51,-74,-100,0,2,0,837
5172,52,-74,-100,0,2,0,837
5173,53,-74,-100,0,2,0,837
5174,54,-74,-100,0,2,0,837
5175,55,-74,7,107,2,0,902
5176,56,-74,-193,-200,2,0,902
5177,57,-74,-193,0,2,0,902
5178,58,-74,-193,0,2,0,902
5179,59,-74,-193,0,2,0,902
5180,60,-74,-193,0,2,0,902
5181,61,-74,-193,0,2,0,902
5182,62,-74,-193,0,2,0,902
5183,63,-74,-193,0,2,0,902
5184,64,-74,-193,0,2,0,902
5185,65,-74,-100,93,2,0,1001
5186,66,-74,-93,7,1,0,991
5187,67,-74,-93,0,1,0,991
5188,68,-67,0,93,8,7,991
5189,69,-58,0,0,17,16,991
5190,70,-51,90,90,23,23,991
5191,71,-51,-10,-100,22,23,991
5192,72,-51,-10,0,20,23,991
5193,73,-51,-10,0,19,23,991
5194,74,-51,-10,0,18,23,991
5195,75,-51,-10,0,17,23,991
5196,76,-51,-10,0,16,16,991
5197,77,-51,-10,0,15,7,991
5198,78,-51,-10,0,14,0,991
5199,79,-51,-10,0,13,0,991
5200,80,-51,-10,0,13,0,991
5201,81,-51,-10,0,12,0,991
5202,82,-51,-10,0,11,0,991
5203,83,-51,-10,0,10,0,991
5204,84,-51,0,10,10,0,901
5205,85,-49,-100,-100,11,2,991
5206,86,-49,-100,0,11,2,991
5207,87,-49,-100,0,10,2,991
5208,88,-49,-100,0,9,2,991
5209,89,-49,-100,0,9,2,991
5210,90,-49,-100,0,8,2,991
5211,91,-49,-100,0,8,2,991
5212,92,-49,-100,0,8,2,991
5213,93,-55,0,100,1,-6,991
5214,94,-55,0,0,1,-6,991
5215,95,-55,0,0,1,-6,991
5216,96,-55,0,0,1,-6,991
5217,97,-55,0,0,1,-6,991
5218,98,-56,0,0,0,-7,991
5219,99,-55,0,0,1,-6,991
5220,100,-55,0,0,1,-6,991
5221,101,-55,0,0,1,0,991
5222,102,-55,0,0,1,0,991
5223,103,-55,0,0,1,0,991
5224,104,-55,0,0,1,0,991
5225,105,-49,-100,-100,7,6,1076
5226,106,-49,-100,0,7,7,1076
5227,107,-49,-100,0,6,6,1076
5228,108,-49,-100,0,6,6,1076
5229,109,-49,-100,0,6,6,1076
5230,110,-49,-100,0,5,6,1076
5231,111,-49,-100,0,5,6,1076
5232,112,-49,-100,0,5,6,1076
5233,113,-49,-100,0,5,0,1076
5234,114,-49,-100,0,4,0,1076
5235,115,-49,-100,0,4,0,1076
5236,116,-49,-100,0,4,0,1076
5237,117,-49,-100,0,4,0,1076
5238,118,-49,-100,0,4,0,1076
5239,119,-49,-100,0,3,0,970
5240,120,-49,-100,0,3,0,970
5241,121,-49,-100,0,3,0,970
5242,122,-49,-100,0,3,0,970
5243,123,-49,-100,0,3,0,970
5244,124,-49,-100,0,3,0,970
5245,125,-49,-100,0,3,0,970
5246,126,-49,-100,0,3,0,970
5247,127,-49,-100,0,2,0,970
5248,128,-49,-100,0,2,0,970
5249,129,-49,-100,0,2,0,970
5250,130,-58,0,100,-7,-9,970
5251,131,-58,0,0,-6,-9,970
5252,132,-58,0,0,-6,-9,970
5253,133,-58,0,0,-5,-9,970
5254,134,-58,0,0,-5,-9,970
5255,135,-58,0,0,-5,-9,970
5256,136,-58,0,0,-4,-9,970
5257,137,-58,0,0,-4,-9,970
5258,138,-58,0,0,-4,0,970
5259,139,-58,0,0,-3,0,970
5260,140,-58,0,0,-3,0,970
5261,141,-58,0,0,-3,0,970
5262,142,-58,0,0,-3,0,970
5263,143,-58,0,0,-2,0,970
5264,144,-58,0,0,-2,0,970
5265,145,-58,0,0,-2,0,970
5266,146,-58,0,0,-2,0,970
5267,147,-58,0,0,-2,0,970
5268,148,-58,0,0,-1,0,970
5269,149,-58,0,0,-1,0,970
5270,150,-58,0,0,-1,0,970
5271,151,-49,-100,-100,8,9,970
5272,152,-49,-100,0,8,9,970
5273,153,-49,-100,0,7,9,970
5274,154,-49,-100,0,7,9,970
5275,155,-49,-100,0,6,9,970
5276,156,-49,-100,0,6,9,970
5277,157,-49,-100,0,6,9,970
5278,158,-49,-100,0,5,9,970
5279,159,-49,-100,0,5,0,970
5280,160,-49,-100,0,5,0,970
5281,161,-49,-100,0,5,0,970
5282,162,-49,-100,0,4,0,970
5283,163,-49,-100,0,4,0,970
5284,164,-49,-100,0,4,0,970
5285,165,-49,-100,0,4,0,970
5286,166,-49,-100,0,4,0,970
5287,167,-49,-100,0,3,0,970
5288,168,-49,-100,0,3,0,970
5289,169,-49,-100,0,3,0,856
5290,170,-49,-100,0,3,0,856
5291,171,-49,-100,0,3,0,856
5292,172,-49,-100,0,3,0,856
5293,173,-49,-100,0,3,0,856
5294,174,-49,-100,0,3,0,856
5295,175,-49,-100,0,2,0,856
5296,176,-49,-100,0,2,0,856
5297,177,-49,-100,0,2,0,856
5298,178,-49,-100,0,2,0,856
5299,179,-49,-100,0,2,0,856
5300,180,-49,-100,0,2,0,856
5301,181,-49,-100,0,2,0,856
5302,182,-49,-100,0,2,0,856
5303,183,-49,-100,0,2,0,856
5304,184,-49,-100,0,2,0,856
5305,185,-49,-100,0,2,0,856
5306,186,-49,-100,0,2,0,856
5307,187,-49,-100,0,2,0,856
5308,188,-49,-100,0,2,0,856
5309,189,-49,-100,0,2,0,856
5310,190,-49,-100,0,1,0,856
5311,191,-49,-100,0,1,0,856
5312,192,-49,-100,0,1,0,856
5313,193,-49,-100,0,1,0,856
5314,194,-49,-100,0,1,0,856
5315,195,-49,-100,0,1,0,856
5316,196,-61,98,198,-11,-12,856
5317,197,-61,98,0,-10,-12,856
5318,198,-61,98,0,-9,-12,780
5319,199,-61,98,0,-9,-12,780
5320,200,-61,98,0,-8,-12,780
5321,201,-61,98,0,-7,-12,780
5322,202,-63,0,-98,-9,-14,780
5323,203,-63,0,0,-8,-14,780
5324,204,-63,0,0,-8,-2,780
5325,205,-63,0,0,-7,-2,780
5326,206,-61,98,98,-5,0,780
5327,207,-61,98,0,-4,0,780
5328,208,-61,98,0,-4,0,780
5329,209,-61,98,0,-4,0,780
5330,210,-61,98,0,-3,2,780
5331,211,-61,98,0,-3,2,780
5332,212,-61,98,0,-3,2,780
5333,213,-61,98,0,-3,2,780
5334,214,-61,98,0,-2,0,780
5335,215,-61,98,0,-2,0,780
5336,216,-61,98,0,-2,0,780
5337,217,-61,98,0,-2,0,780
5338,218,-61,98,0,-2,0,635
5339,219,-68,-100,-198,-8,-7,635
5340,220,-68,-100,0,-8,-7,635
5341,221,-68,-100,0,-7,-7,635
5342,222,-68,-100,0,-7,-7,635
5343,223,-68,-100,0,-6,-7,635
5344,224,-68,-100,0,-6,-7,635
5345,225,-68,-14,86,-5,-7,627
5346,226,-68,-14,0,-5,-7,627
5347,227,-63,0,14,0,5,627
5348,228,-63,0,0,0,5,627
5349,229,-63,0,0,0,5,627
5350,230,-61,98,98,2,7,627
5351,231,-61,98,0,2,7,627
5352,232,-61,98,0,2,7,627
5353,233,-61,98,0,2,7,627
5354,234,-61,98,0,2,7,627
5355,235,-64,0,-98,-1,-1,627
5356,236,-64,0,0,-1,-1,627
5357,237,-64,0,0,-1,-1,627
5358,238,-64,0,0,-1,-3,627
5359,239,-61,98,98,3,0,627
5360,240,-61,98,0,2,0,627
5361,241,-61,98,0,2,0,627
5362,242,-61,98,0,2,0,627
5363,243,-61,98,0,2,3,627
5364,244,-61,98,0,2,3,627
5365,245,-63,90,-8,0,1,627
5366,246,-63,90,0,0,1,627
5367,247,-63,90,0,0,-2,627
5368,248,-63,90,0,0,-2,627
5369,249,-63,90,0,0,-2,627
5370,250,-63,90,0,0,-2,627
5371,251,-63,90,0,0,-2,627
5372,252,-63,90,0,0,-2,627
5373,253,-63,90,0,0,0,627
5374,254,-63,90,0,0,0,627
5375,255,-63,90,0,0,0,627
5376,0,-63,90,0,0,0,627
5377,1,-63,90,0,0,0,627
5378,2,-63,90,0,0,0,627
5379,3,-63,90,0,0,0,627
5380,4,-63,90,0,0,0,627
5381,5,-63,90,0,0,0,627
5382,6,-63,90,0,0,0,627
5383,7,-63,90,0,0,0,627
5384,8,-63,90,0,0,0,627
5385,9,-63,90,0,0,0,627
5386,10,-63,90,0,0,0,627
5387,11,-63,90,0,0,0,627
5388,12,-63,90,0,0,0,627
5389,13,-63,90,0,0,0,627
5390,14,-63,90,0,0,0,627
5391,15,-63,90,0,0,0,627
5392,16,-63,90,0,0,0,627
5393,17,-63,90,0,0,0,627
5394,18,-63,90,0,0,0,521
5395,19,-63,90,0,0,0,476
5396,20,-63,90,0,0,0,326
5397,21,-63,90,0,0,0,199
5398,22,-65,0,-90,-2,-2,199
5399,23,-65,-100,-100,-1,-2,199
5400,24,-65,-100,0,-1,-2,199
5401,25,-65,-100,0,-1,-2,199
5402,26,-65,-100,0,-1,-2,199
5403,27,-65,-100,0,-1,-2,199
5404,28,-65,-100,0,-1,-2,199
5405,29,-65,-100,0,-1,-2,199
5406,30,-65,0,100,-1,0,199
5407,31,-65,0,0,0,0,199
5408,32,-66,0,0,-1,-1,199
5409,33,-66,-100,-100,-1,-1,199
5410,34,-66,-200,-100,-1,-1,199
5411,35,-66,-200,0,-1,-1,199
5412,36,-66,-200,0,-1,-1,199
5413,37,-66,-200,0,-1,-1,199
5414,38,-66,-100,100,-1,-1,199
5415,39,-66,-100,0,-1,-1,199
5416,40,-66,-100,0,0,0,199
5417,41,-66,0,100,0,0,199
5418,42,-66,0,0,0,0,199
5419,43,-66,0,0,0,0,199
5420,44,-65,0,0,1,1,199
5421,45,-65,0,0,1,1,199
5422,46,-65,0,0,1,1,199
5423,47,-65,0,0,1,1,199
5424,48,-64,0,0,2,2,199
5425,49,-61,98,98,5,5,199
5426,50,-61,98,0,4,5,199
5427,51,-61,98,0,4,5,199
5428,52,-72,-2400,-2498,-7,-7,199
5429,53,-72,-2400,0,-6,-7,199
5430,54,-72,-2400,0,-6,-7,199
5431,55,-72,-2400,0,-6,-7,199
5432,56,-72,-2400,0,-5,-8,199
5433,57,-72,-2400,0,-5,-11,199
5434,58,-72,-2400,0,-4,-11,199
5435,59,-72,-2400,0,-4,-11,-8
5436,60,-72,-2400,0,-4,0,-151
5437,61,-72,-2400,0,-3,0,-159
5438,62,-72,-2400,0,-3,0,-159
5439,63,-72,-2400,0,-3,0,-159
5440,64,-72,-2400,0,-3,0,-159
5441,65,-72,-2400,0,-2,0,-159
5442,66,-72,-2400,0,-2,0,-159
5443,67,-72,-2400,0,-2,0,-159
5444,68,-75,0,2400,-5,-3,-159
5445,69,-75,0,0,-5,-3,-159
5446,70,-75,0,0,-4,-3,-159
5447,71,-75,0,0,-4,-3,-159
5448,72,-75,0,0,-4,-3,-159
5449,73,-75,0,0,-3,-3,-159
5450,74,-72,-2400,-2400,0,0,-159
5451,75,-72,-2400,0,0,0,-159
5452,76,-72,-2400,0,0,3,-159
5453,77,-72,-2400,0,0,3,-159
5454,78,-75,0,2400,-3,0,-159
5455,79,-75,0,0,-3,0,-159
5456,80,-75,0,0,-2,0,-159
5457,81,-72,-2500,-2500,1,3,-159
5458,82,-72,-2500,0,1,0,-159
5459,83,-72,0,2500,1,0,-159
5460,84,-71,90,90,2,1,-159
5461,85,-71,90,0,2,1,-159
5462,86,-71,90,0,2,4,-369
5463,87,-71,90,0,2,4,-471
5464,88,-71,90,0,2,4,-671
5465,89,-75,0,-90,-2,-3,-671
5466,90,-75,-100,-100,-2,-3,-671
5467,91,-75,-200,-100,-2,-3,-671
5468,92,-76,0,200,-3,-5,-671
5469,93,-88,-1113,-1113,-15,-17,-671
5470,94,-88,-1113,0,-14,-17,-671
5471,95,-88,-1113,0,-13,-17,-671
5472,96,-88,-1113,0,-12,-17,-671
5473,97,-88,-1113,0,-11,-13,-671
5474,98,-88,-1113,0,-10,-13,-671
5475,99,-88,-1113,0,-10,-13,-671
5476,100,-88,-1113,0,-9,-12,-671
5477,101,-88,-1113,0,-8,0,-671
5478,102,-83,0,1113,-3,5,-671
5479,103,-83,0,0,-2,5,-671
5480,104,-83,0,0,-2,5,-671
5481,105,-83,0,0,-2,5,-671
5482,106,-83,0,0,-2,5,-774
5483,107,-83,0,0,-2,5,-847
5484,108,-83,0,0,-2,5,-764
5485,109,-85,0,0,-3,3,-764
5486,110,-85,-100,-100,-3,-2,-764
5487,111,-85,-200,-100,-3,-2,-764
5488,112,-85,-200,0,-3,-2,-764
5489,113,-85,-200,0,-2,-2,-764
5490,114,-85,-200,0,-2,-2,-764
5491,115,-85,-200,0,-2,-2,-764
5492,116,-85,-200,0,-2,-2,-764
5493,117,-85,-200,0,-2,0,-750
5494,118,-85,-200,0,-1,0,-660
5495,119,-87,0,200,-3,-2,-660
5496,120,-87,-100,-100,-3,-2,-660
5497,121,-87,-100,0,-3,-2,-660
5498,122,-87,-100,0,-3,-2,-660
5499,123,-87,-100,0,-2,-2,-660
5500,124,-87,-100,0,-2,-2,-660
5501,125,-87,0,100,-2,-2,-660
5502,126,-87,0,0,-2,-2,-660
5503,127,-87,0,0,-2,0,-660
5504,128,-87,0,0,-1,0,-846
5505,129,-89,0,0,-3,-2,-846
5506,130,-89,-100,-100,-3,-2,-846
5507,131,-89,-100,0,-3,-2,-846
5508,132,-89,-100,0,-3,-2,-846
5509,133,-89,-100,0,-2,-2,-846
5510,134,-90,0,100,-3,-3,-846
5511,135,-90,0,0,-3,-3,-846
5512,136,-90,0,0,-3,-3,-846
5513,137,-90,0,0,-2,-1,-846
5514,138,-90,0,0,-2,-1,-846
5515,139,-90,0,0,-2,-1,-846
5516,140,-90,0,0,-2,-1,-846
5517,141,-86,0,0,2,3,-846
5518,142,-86,0,0,2,4,-846
5519,143,-86,0,0,2,4,-941
5520,144,-88,0,0,0,2,-941
5521,145,-88,-100,-100,0,2,-941
5522,146,-88,-100,0,0,2,-941
5523,147,-88,-100,0,0,2,-941
5524,148,-88,-100,0,0,2,-941
5525,149,-88,-100,0,0,-2,-941
5526,150,-88,-100,0,0,-2,-941
5527,151,-88,-100,0,0,-2,-941
5528,152,-88,-100,0,0,0,-991
5529,153,-89,0,100,-1,-1,-991
5530,154,-89,-100,-100,0,-1,-991
5531,155,-89,-100,0,0,-1,-991
5532,156,-89,-100,0,0,-1,-991
5533,157,-89,-100,0,0,-1,-991
5534,158,-89,-100,0,0,-1,-991
5535,159,-89,0,100,0,-1,-991
5536,160,-89,0,0,0,-1,-991
5537,161,-89,0,0,0,0,-991
5538,162,-89,0,0,0,0,-991
5539,163,-88,0,0,1,1,-991
5540,164,-87,0,0,2,2,-991
5541,165,-87,0,0,2,2,-991
5542,166,-87,0,0,2,2,-991
5543,167,-87,0,0,2,2,-991
5544,168,-87,0,0,2,2,-1064
5545,169,-89,0,0,0,0,-1064
5546,170,-89,-100,-100,0,0,-1064
5547,171,-89,-100,0,0,-1,-1064
5548,172,-89,-100,0,0,-2,-1064
5549,173,-89,-100,0,0,-2,-1064
5550,174,-89,-100,0,0,-2,-1064
5551,175,-89,-100,0,0,-2,-1064
5552,176,-89,-100,0,0,-2,-1064
5553,177,-89,-100,0,0,0,-1064
5554,178,-90,0,100,-1,-1,-1064
5555,179,-90,0,0,-1,-1,-1064
5556,180,-90,0,0,0,-1,-1064
5557,181,-89,0,0,1,0,-1064
5558,182,-89,0,0,1,0,-1064
5559,183,-89,0,0,1,0,-1064
5560,184,-88,0,0,2,1,-1064
5561,185,-88,0,0,2,1,-1064
5562,186,-88,0,0,1,2,-1064
5563,187,-88,0,0,1,2,-1064
5564,188,-88,0,0,1,2,-1114
5565,189,-89,0,0,0,0,-1114
5566,190,-89,-100,-100,0,0,-1114
5567,191,-89,-100,0,0,0,-1114
5568,192,-89,-100,0,0,-1,-1114
5569,193,-89,-200,-100,0,-1,-1114
5570,194,-89,-200,0,0,-1,-1114
5571,195,-89,-100,100,0,-1,-1114
5572,196,-89,-100,0,0,-1,-1114
5573,197,-89,-100,0,0,0,-1114
5574,198,-89,0,100,0,0,-1114
5575,199,-89,0,0,0,0,-1114
5576,200,-89,0,0,0,0,-1114
5577,201,-89,0,0,0,0,-1133
5578,202,-89,0,0,0,0,-1133
5579,203,-89,0,0,0,0,-1133
5580,204,-89,0,0,0,0,-1133
5581,205,-89,0,0,0,0,-1013
5582,206,-89,0,0,0,0,-1031
5583,207,-89,0,0,0,0,-1031
5584,208,-89,0,0,0,0,-1031
5585,209,-89,0,0,0,0,-1011
5586,210,-89,0,0,0,0,-1108
5587,211,-90,0,0,-1,-1,-1108
5588,212,-90,-100,-100,0,-1,-1108
5589,213,-90,-100,0,0,-1,-1108
5590,214,-90,-100,0,0,-1,-1108
5591,215,-90,-100,0,0,-1,-1108
5592,216,-90,0,100,0,-1,-1108
5593,217,-90,0,0,0,-1,-1108
5594,218,-90,0,0,0,-1,-1108
5595,219,-90,0,0,0,0,-1108
5596,220,-90,0,0,0,0,-1313
5597,221,-90,0,0,0,0,-1411
5598,222,-91,0,0,-1,-1,-1411
5599,223,-91,-100,-100,-1,-1,-1411
5600,224,-91,-100,0,-1,-1,-1411
5601,225,-91,-100,0,0,-1,-1411
5602,226,-91,-100,0,0,-1,-1411
5603,227,-91,-100,0,0,-1,-1411
5604,228,-91,0,100,0,-1,-1411
5605,229,-90,0,0,1,0,-1411
5606,230,-92,-100,-100,-1,-1,-1411
5607,231,-92,-100,0,-1,-1,-1411
5608,232,-92,-100,0,-1,-1,-1411
5609,233,-93,-100,0,-2,-2,-1411
5610,234,-93,-100,0,-2,-2,-1411
5611,235,-94,-100,0,-2,-3,-1411
5612,236,-94,-100,0,-2,-3,-1411
5613,237,-94,-100,0,-2,-4,-1415
5614,238,-97,-100,0,-5,-5,-1415
5615,239,-97,-100,0,-5,-5,-1415
5616,240,-97,-100,0,-4,-5,-1415
5617,241,-98,-100,0,-5,-5,-1415
5618,242,-98,-100,0,-5,-5,-1415
5619,243,-98,-100,0,-4,-4,-1415
5620,244,-98,-100,0,-4,-4,-1415
5621,245,-98,-100,0,-4,-4,-1415
5622,246,-98,-100,0,-3,-1,-1406
5623,247,-98,-100,0,-3,-1,-1406
5624,248,-103,23,123,-8,-6,-1406
5625,249,-103,23,0,-7,-5,-1406
5626,250,-103,23,0,-7,-5,-1406
5627,251,-103,23,0,-6,-5,-1406
5628,252,-103,23,0,-6,-5,-1406
5629,253,-103,23,0,-5,-5,-1406
5630,254,-101,-100,-123,-3,-3,-1229
5631,255,-101,-100,0,-3,-3,-1229
5632,0,-101,-100,0,-2,2,-1229
5633,1,-101,-100,0,-2,2,-1229
5634,2,-101,-100,0,-2,2,-1229
5635,3,-101,-100,0,-2,2,-1229
5636,4,-101,-100,0,-2,2,-1152
5637,5,-101,-100,0,-2,2,-1152
5638,6,-101,-100,0,-1,0,-1152
5639,7,-101,-100,0,-1,0,-1152
5640,8,-101,-100,0,-1,0,-1152
5641,9,-101,-100,0,-1,0,-1152
5642,10,-101,-100,0,-1,0,-1152
5643,11,-101,-95,5,-1,0,-1047
5644,12,-101,-95,0,-1,0,-1047
5645,13,-101,-95,0,-1,0,-1047
5646,14,-101,-95,0,0,0,-1047
5647,15,-93,90,185,8,8,-752
5648,16,-93,90,0,7,8,-752
5649,17,-93,90,0,7,8,-752
5650,18,-93,90,0,6,8,-752
5651,19,-93,90,0,6,8,-752
5652,20,-93,90,0,6,8,-752
5653,21,-93,90,0,5,8,-752
5654,22,-93,90,0,5,8,-752
5655,23,-101,-100,-190,-3,-8,-752
5656,24,-101,5,105,-3,-8,-547
5657,25,-101,-195,-200,-3,-8,-547
5658,26,-101,-195,0,-2,-8,-547
5659,27,-101,-195,0,-2,-8,-547
5660,28,-101,-195,0,-2,-8,-547
5661,29,-101,5,200,-2,-8,-547
5662,30,-93,90,85,6,0,-547
5663,31,-93,90,0,6,8,-547
5664,32,-93,90,0,6,8,-497
5665,33,-93,90,0,5,8,-497
5666,34,-96,0,-90,2,5,-497
5667,35,-96,-100,-100,2,5,-497
5668,36,-96,-100,0,2,5,-497
5669,37,-96,-100,0,2,5,-497
5670,38,-96,-100,0,2,-3,-497
5671,39,-96,-100,0,2,-3,-497
5672,40,-96,-100,0,2,-3,-497
5673,41,-96,0,100,2,-3,-497
5674,42,-93,-10,-10,5,3,-497
5675,43,-93,-10,0,4,3,-577
5676,44,-96,0,10,1,0,-577
5677,45,-96,-100,-100,1,0,-577
5678,46,-96,-100,0,1,0,-577
5679,47,-96,-100,0,1,0,-577
5680,48,-96,-200,-100,1,0,-577
5681,49,-96,-200,0,1,0,-577
5682,50,-96,-200,0,1,-3,-577
5683,51,-96,-200,0,1,-3,-577
5684,52,-96,-200,0,1,0,-577
5685,53,-96,-200,0,1,0,-577
5686,54,-96,-100,100,1,0,-577
5687,55,-96,0,100,1,0,-577
5688,56,-93,90,90,4,3,-577
5689,57,-93,90,0,4,3,-597
5690,58,-96,0,-90,1,0,-597
5691,59,-96,-100,-100,1,0,-597
5692,60,-96,-200,-100,1,0,-597
5693,61,-96,-100,100,1,0,-597
5694,62,-96,0,100,1,0,-597
5695,63,-93,90,90,4,3,-597
5696,64,-104,0,-90,-7,-11,-597
5697,65,-104,0,0,-7,-11,-597
5698,66,-96,0,0,2,0,-597
5699,67,-93,90,90,5,3,-597
5700,68,-93,90,0,4,3,-586
5701,69,-93,90,0,4,3,-606
5702,70,-93,90,0,4,3,-597
5703,71,-93,90,0,4,0,-306
5704,72,-97,0,-90,0,7,-306
5705,73,-97,-100,-100,0,7,-306
5706,74,-97,-100,0,0,-1,-306
5707,75,-97,-200,-100,0,-4,-306
5708,76,-97,-100,100,0,-4,-306
5709,77,-97,-100,0,0,-4,-306
5710,78,-97,-100,0,0,-4,-306
5711,79,-105,0,100,-8,-12,-306
5712,80,-105,0,0,-7,-8,-306
5713,81,-105,0,0,-7,-8,-306
5714,82,-105,0,0,-6,-8,-306
5715,83,-99,0,0,0,-2,-306
5716,84,-97,0,0,2,0,-306
5717,85,-97,-100,-100,2,0,-306
5718,86,-97,-100,0,2,0,-306
5719,87,-106,-100,0,-7,-1,-306
5720,88,-106,-100,0,-7,-1,-306
5721,89,-109,-100,0,-9,-4,-306
5722,90,-109,-100,0,-8,-4,-306
5723,91,-110,-100,0,-9,-11,-306
5724,92,-110,-100,0,-8,-13,-306
5725,93,-112,0,100,-10,-15,-306
5726,94,-112,0,0,-9,-15,-306
5727,95,-112,0,0,-8,-6,-306
5728,96,-112,0,0,-8,-6,-306
5729,97,-112,0,0,-7,-3,-306
5730,98,-112,-200,-200,-7,-3,-306
5731,99,-112,-200,0,-6,-2,-256
5732,100,-112,-200,0,-6,-2,-351
5733,101,-112,-200,0,-5,0,-450
5734,102,-114,0,200,-7,-2,-450
5735,103,-114,-100,-100,-7,-2,-450
5736,104,-114,-100,0,-6,-2,-450
5737,105,-114,-100,0,-6,-2,-450
5738,106,-114,-100,0,-5,-2,-627
5739,107,-115,0,100,-6,-3,-627
5740,108,-115,-100,-100,-5,-3,-627
5741,109,-115,-100,0,-5,-3,-627
5742,110,-115,-100,0,-5,-1,-627
5743,111,-115,-100,0,-4,-1,-627
5744,112,-115,-100,0,-4,-1,-704
5745,113,-116,0,100,-5,-2,-704
5746,114,-116,0,0,-4,-2,-704
5747,115,-116,0,0,-4,-1,-704
5748,116,-116,0,0,-4,-1,-704
5749,117,-115,0,0,-2,0,-704
5750,118,-115,0,0,-2,0,-704
5751,119,-112,-200,-200,1,3,-704
5752,120,-112,-200,0,1,3,-721
5753,121,-113,-200,0,0,3,-721
5754,122,-113,-200,0,0,3,-721
5755,123,-118,0,200,-5,-2,-721
5756,124,-118,0,0,-4,-2,-721
5757,125,-118,0,0,-4,-3,-721
5758,126,-116,-200,-200,-2,-1,-721
5759,127,-116,-200,0,-2,-4,-721
5760,128,-116,50,250,-1,-4,-666
5761,129,-116,50,0,-1,-3,-666
5762,130,-116,50,0,-1,-3,-666
5763,131,-116,50,0,-1,2,-666
5764,132,-116,50,0,-1,2,-666
5765,133,-116,50,0,-1,2,-859
5766,134,-117,0,-50,-2,-1,-859
5767,135,-117,0,0,-2,-1,-859
5768,136,-117,0,0,-1,-1,-859
5769,137,-116,50,50,0,0,-859
5770,138,-116,50,0,0,0,-859
5771,139,-118,85,35,-2,-2,-859
5772,140,-118,85,0,-2,-2,-859
5773,141,-116,50,-35,0,0,-794
5774,142,-116,50,0,0,1,-794
5775,143,-116,50,0,0,1,-794
5776,144,-116,50,0,0,1,-794
5777,145,-116,50,0,0,0,-794
5778,146,-116,50,0,0,0,-794
5779,147,-116,50,0,0,2,-794
5780,148,-116,50,0,0,2,-794
5781,149,-112,0,-50,4,4,-644
5782,150,-113,0,0,3,3,-644
5783,151,-113,0,0,3,3,-644
5784,152,-112,0,0,4,4,-444
5785,153,-112,0,0,4,4,-444
5786,154,-112,0,0,4,4,-444
5787,155,-112,0,0,3,4,-444
5788,156,-112,0,0,3,4,-444
5789,157,-112,0,0,3,0,-444
5790,158,-112,0,0,3,1,-444
5791,159,-112,0,0,3,1,-444
5792,160,-112,0,0,3,0,-444
5793,161,-112,0,0,3,0,-444
5794,162,-112,0,0,3,0,-444
5795,163,-104,0,0,10,8,-244
5796,164,-104,0,0,10,8,-244
5797,165,-104,0,0,9,8,-244
5798,166,-103,0,0,10,9,-244
5799,167,-103,0,0,9,9,-244
5800,168,-103,0,0,9,9,-244
5801,169,-103,0,0,8,9,-244
5802,170,-103,0,0,8,9,-244
5803,171,-103,0,0,7,1,-244
5804,172,-103,0,0,7,1,-244
5805,173,-103,0,0,7,1,-244
5806,174,-103,0,0,6,0,-244
5807,175,-103,0,0,6,0,-244
5808,176,-103,0,0,6,0,-244
5809,177,-103,0,0,5,0,-244
5810,178,-103,0,0,5,0,-244
5811,179,-103,0,0,5,0,-244
5812,180,-103,0,0,5,0,-244
5813,181,-103,0,0,4,0,-244
5814,182,-104,0,0,3,-1,-244
5815,183,-104,0,0,3,-1,-244
5816,184,-104,0,0,3,-1,-244
5817,185,-104,0,0,3,-1,-244
5818,186,-104,0,0,3,-1,-244
5819,187,-105,85,85,1,-2,-244
5820,188,-105,85,0,1,-2,-285
5821,189,-105,85,0,1,-2,-285
5822,190,-105,85,0,1,-1,-285
5823,191,-105,85,0,1,-1,-285
5824,192,-104,0,-85,2,0,-170
5825,193,-104,0,0,2,0,-170
5826,194,-104,0,0,2,0,-170
5827,195,-104,0,0,2,1,-170
5828,196,-104,0,0,2,1,-170
5829,197,-104,0,0,2,1,-170
5830,198,-104,25,25,2,1,-54
5831,199,-104,-75,-100,2,1,-54
5832,200,-104,-75,0,2,0,-54
5833,201,-104,-75,0,2,0,-54
5834,202,-104,-75,0,2,0,-54
5835,203,-104,-75,0,2,0,-54
5836,204,-104,-75,0,2,0,-54
5837,205,-104,-70,5,2,0,-40
5838,206,-104,-70,0,2,0,-40
5839,207,-104,-70,0,1,0,-40
5840,208,-104,-70,0,1,0,-40
5841,209,-104,-65,5,1,0,15
5842,210,-104,-65,0,1,0,15
5843,211,-104,-65,0,1,0,15
5844,212,-104,-65,0,1,0,68
5845,213,-104,0,65,1,0,233
5846,214,-103,0,0,2,1,433
5847,215,-97,0,0,8,7,633
5848,216,-84,0,0,21,20,745
5849,217,-84,0,0,20,20,745
5850,218,-84,0,0,18,20,745
5851,219,-84,0,0,17,20,745
5852,220,-84,0,0,16,20,745
5853,221,-84,0,0,15,20,745
5854,222,-84,0,0,15,19,745
5855,223,-84,0,0,14,13,745
5856,224,-84,0,0,13,0,745
5857,225,-91,0,0,5,-7,745
5858,226,-91,0,0,5,-7,745
5859,227,-91,0,0,5,-7,745
5860,228,-84,0,0,11,0,745
5861,229,-75,0,0,20,9,745
5862,230,-75,0,0,19,9,745
5863,231,-70,0,0,22,14,745
5864,232,-70,-100,-100,21,14,745
5865,233,-70,-100,0,20,21,745
5866,234,-70,-100,0,19,21,745
5867,235,-70,-100,0,18,21,745
5868,236,-70,-100,0,16,14,745
5869,237,-70,-100,0,15,5,745
5870,238,-70,-100,0,15,5,745
5871,239,-70,-100,0,14,0,745
5872,240,-70,-100,0,13,0,745
5873,241,-70,-100,0,12,0,745
5874,242,-70,-100,0,11,0,745
5875,243,-70,-100,0,11,0,745
5876,244,-70,-100,0,10,0,745
5877,245,-70,-100,0,10,0,745
5878,246,-70,-100,0,9,0,745
5879,247,-70,-100,0,9,0,745
5880,248,-70,-100,0,8,0,745
5881,249,-70,-100,0,8,0,745
5882,250,-70,-100,0,7,0,745
5883,251,-70,-100,0,7,0,745
5884,252,-70,-100,0,6,0,745
5885,253,-70,-100,0,6,0,745
5886,254,-70,-100,0,6,0,745
5887,255,-70,-100,0,5,0,745
5888,0,-70,-100,0,5,0,745
5889,1,-70,-100,0,5,0,745
5890,2,-70,-100,0,5,0,745
5891,3,-70,-100,0,4,0,745
5892,4,-70,-100,0,4,0,745
5893,5,-86,0,100,-12,-16,745
5894,6,-86,0,0,-11,-16,745
5895,7,-84,0,0,-8,-14,595
5896,8,-84,0,0,-8,-14,595
5897,9,-84,0,0,-7,-14,595
5898,10,-70,-100,-100,7,0,595
5899,11,-70,-100,0,7,0,595
5900,12,-70,-100,0,6,0,595
5901,13,-70,-100,0,6,16,595
5902,14,-70,-100,0,6,16,595
5903,15,-79,39,139,-4,5,595
5904,16,-79,-61,-100,-3,5,595
5905,17,-79,-61,0,-3,5,595
5906,18,-79,-61,0,-3,-9,595
5907,19,-79,-61,0,-3,-9,595
5908,20,-79,-61,0,-2,-9,595
5909,21,-79,-61,0,-2,-9,595
5910,22,-79,-61,0,-2,-9,595
5911,23,-79,-61,0,-2,0,595
5912,24,-79,-61,0,-2,0,595
5913,25,-79,-61,0,-1,0,595
5914,26,-79,-61,0,-1,0,583
5915,27,-79,-61,0,-1,0,522
5916,28,-92,46,107,-14,-13,522
5917,29,-92,46,0,-13,-13,522
5918,30,-92,46,0,-12,-13,522
5919,31,-92,46,0,-11,-13,522
5920,32,-92,46,0,-11,-13,522
5921,33,-92,46,0,-10,-13,522
5922,34,-92,46,0,-9,-13,522
5923,35,-92,46,0,-9,-13,522
5924,36,-92,46,0,-8,0,522
5925,37,-92,46,0,-7,0,522
5926,38,-92,46,0,-7,0,522
5927,39,-92,46,0,-6,0,522
5928,40,-92,46,0,-6,0,522
5929,41,-92,46,0,-6,0,522
5930,42,-92,46,0,-5,0,522
5931,43,-92,46,0,-5,0,522
5932,44,-92,46,0,-4,0,522
5933,45,-92,46,0,-4,0,522
5934,46,-92,46,0,-4,0,522
5935,47,-92,46,0,-3,0,522
5936,48,-92,46,0,-3,0,522
5937,49,-92,46,0,-3,0,522
5938,50,-92,46,0,-3,0,522
5939,51,-92,46,0,-2,0,522
5940,52,-92,46,0,-2,0,522
5941,53,-92,46,0,-2,0,522
5942,54,-92,46,0,-2,0,522
5943,55,-92,46,0,-2,0,522
5944,56,-92,46,0,-2,0,522
5945,57,-92,46,0,-1,0,522
5946,58,-92,46,0,-1,0,522
5947,59,-92,46,0,-1,0,522
5948,60,-92,46,0,-1,0,522
5949,61,-92,46,0,-1,0,522
5950,62,-92,46,0,-1,0,522
5951,63,-92,46,0,-1,0,522
5952,64,-92,46,0,-1,0,522
5953,65,-92,46,0,0,0,522
5954,66,-92,46,0,0,0,522
5955,67,-92,46,0,0,0,522
5956,68,-92,46,0,0,0,522
5957,69,-92,46,0,0,0,522
5958,70,-92,46,0,0,0,522
5959,71,-92,46,0,0,0,522
5960,72,-92,46,0,0,0,522
5961,73,-92,46,0,0,0,522
5962,74,-92,46,0,0,0,522
5963,75,-92,46,0,0,0,522
5964,76,-92,46,0,0,0,522
5965,77,-92,46,0,0,0,522
5966,78,-92,46,0,0,0,522
5967,79,-92,46,0,0,0,522
5968,80,-92,46,0,0,0,522
5969,81,-92,46,0,0,0,522
5970,82,-92,46,0,0,0,522
5971,83,-92,46,0,0,0,522
5972,84,-92,46,0,0,0,522
5973,85,-92,46,0,0,0,522
5974,86,-92,46,0,0,0,522
5975,87,-92,46,0,0,0,522
5976,88,-92,46,0,0,0,522
5977,89,-92,46,0,0,0,522
5978,90,-92,46,0,0,0,522
5979,91,-92,46,0,0,0,522
5980,92,-92,46,0,0,0,522
5981,93,-92,46,0,0,0,522
5982,94,-92,46,0,0,0,522
5983,95,-92,46,0,0,0,522
5984,96,-92,46,0,0,0,522
5985,97,-92,46,0,0,0,522
5986,98,-92,46,0,0,0,522
5987,99,-92,46,0,0,0,522
5988,100,-92,46,0,0,0,522
5989,101,-92,46,0,0,0,522
5990,102,-92,46,0,0,0,522
5991,103,-92,46,0,0,0,522
5992,104,-92,46,0,0,0,522
5993,105,-92,46,0,0,0,522
5994,106,-92,46,0,0,0,522
5995,107,-92,46,0,0,0,522
5996,108,-92,46,0,0,0,522
5997,109,-92,46,0,0,0,522
5998,110,-92,46,0,0,0,522
5999,111,-92,46,0,0,0,522
6000,112,-92,46,0,0,0,522
6001,113,-92,46,0,0,0,522
6002,114,-92,46,0,0,0,522
6003,115,-92,46,0,0,0,522
6004,116,-92,46,0,0,0,522
6005,117,-92,46,0,0,0,522
6006,118,-92,46,0,0,0,522
6007,119,-92,46,0,0,0,522
6008,120,-92,46,0,0,0,522
6009,121,-92,46,0,0,0,522
6010,122,-92,46,0,0,0,522
6011,123,-92,46,0,0,0,522
6012,124,-92,46,0,0,0,522
6013,125,-92,46,0,0,0,522
6014,126,-92,46,0,0,0,522
6015,127,-92,46,0,0,0,522
6016,128,-92,46,0,0,0,522
6017,129,-92,46,0,0,0,522
6018,130,-92,46,0,0,0,522
6019,131,-93,39,-7,-1,-1,522
6020,132,-93,39,0,0,-1,522
6021,133,-95,0,-39,-2,-3,522
6022,134,-95,0,0,-2,-3,522
6023,135,-95,-61,-61,-2,-3,522
6024,136,-95,-61,0,-2,-3,522
6025,137,-95,-61,0,-2,-3,522
6026,138,-95,39,100,-1,-3,522
6027,139,-101,-100,-139,-7,-8,522
6028,140,-101,-161,-61,-7,-8,522
6029,141,-101,-161,0,-6,-6,522
6030,142,-101,-161,0,-6,-6,522
6031,143,-101,-161,0,-5,-6,522
6032,144,-101,-61,100,-5,-6,572
6033,145,-101,39,100,-5,-6,572
6034,146,-101,39,0,-4,-6,572
6035,147,-101,39,0,-4,0,572
6036,148,-101,39,0,-4,0,572
6037,149,-101,39,0,-3,0,572
6038,150,-101,39,0,-3,0,572
6039,151,-101,39,0,-3,0,572
6040,152,-101,39,0,-3,0,572
6041,153,-101,39,0,-2,0,572
6042,154,-101,39,0,-2,0,272
6043,155,-101,39,0,-2,0,272
6044,156,-101,39,0,-2,0,272
6045,157,-103,39,0,-4,-2,272
6046,158,-103,39,0,-3,-2,272
6047,159,-104,0,-39,-4,-3,272
6048,160,-104,-61,-61,-4,-3,272
6049,161,-104,-61,0,-3,-3,272
6050,162,-104,-61,0,-3,-3,272
6051,163,-104,-3,58,-3,-3,380
6052,164,-104,-103,-100,-3,-3,380
6053,165,-104,-103,0,-2,-1,380
6054,166,-104,-103,0,-2,-1,380
6055,167,-104,-103,0,-2,0,380
6056,168,-104,-103,0,-2,0,380
6057,169,-104,-3,100,-2,0,380
6058,170,-104,39,42,-2,0,380
6059,171,-104,39,0,-1,0,380
6060,172,-104,39,0,-1,0,380
6061,173,-104,39,0,-1,0,380
6062,174,-104,39,0,-1,0,380
6063,175,-104,39,0,-1,0,380
6064,176,-104,39,0,-1,0,380
6065,177,-104,39,0,-1,0,380
6066,178,-104,39,0,-1,0,362
6067,179,-104,39,0,0,0,240
6068,180,-105,0,-39,-1,-1,240
6069,181,-105,0,0,-1,-1,240
6070,182,-105,-61,-61,-1,-1,240
6071,183,-105,-61,0,-1,-1,240
6072,184,-105,-61,0,-1,-1,240
6073,185,-105,-61,0,-1,-1,240
6074,186,-105,-61,0,-1,-1,240
6075,187,-105,39,100,-1,-1,240
6076,188,-105,39,0,0,0,240
6077,189,-105,39,0,0,0,240
6078,190,-105,39,0,0,0,240
6079,191,-105,39,0,0,0,240
6080,192,-105,46,7,0,0,242
6081,193,-94,0,-46,11,11,291
6082,194,-94,0,0,10,11,291
6083,195,-94,0,0,10,11,291
6084,196,-92,46,46,11,13,291
6085,197,-92,46,0,10,13,291
6086,198,-92,46,0,10,13,291
6087,199,-92,-54,-100,9,13,291
6088,200,-92,-54,0,9,13,291
6089,201,-92,-54,0,8,2,291
6090,202,-92,-54,0,8,2,291
6091,203,-92,-54,0,7,2,291
6092,204,-92,-54,0,7,0,291
6093,205,-92,46,100,7,0,291
6094,206,-92,46,0,6,0,291
6095,207,-92,46,0,6,0,291
6096,208,-92,46,0,6,0,291
6097,209,-89,0,-46,8,3,291
6098,210,-83,-400,-400,14,9,291
6099,211,-83,-400,0,13,9,291
6100,212,-83,-400,0,12,9,291
6101,213,-83,-400,0,12,9,291
6102,214,-83,-400,0,11,9,291
6103,215,-83,-400,0,10,9,291
6104,216,-83,-500,-100,10,9,291
6105,217,-83,-500,0,9,6,291
6106,218,-83,-500,0,9,0,291
6107,219,-83,-500,0,8,0,291
6108,220,-83,-500,0,8,0,291
6109,221,-83,-500,0,7,0,291
6110,222,-83,-500,0,7,0,291
6111,223,-83,0,500,7,0,291
6112,224,-74,0,0,15,9,291
6113,225,-74,0,0,14,9,291
6114,226,-74,0,0,14,9,291
6115,227,-74,0,0,13,9,291
6116,228,-74,0,0,12,9,291
6117,229,-74,0,0,11,9,291
6118,230,-70,0,0,15,13,291
6119,231,-70,0,0,14,13,291
6120,232,-70,0,0,13,4,291
6121,233,-70,-100,-100,12,4,291
6122,234,-70,-100,0,12,4,291
6123,235,-70,-100,0,11,4,291
6124,236,-70,-100,0,10,4,291
6125,237,-93,-200,-100,-13,-19,291
6126,238,-93,-200,0,-12,-23,291
6127,239,-93,-200,0,-12,-23,291
6128,240,-93,-200,0,-11,-23,291
6129,241,-93,0,200,-10,-23,538
6130,242,-93,0,0,-9,-23,538
6131,243,-93,0,0,-9,-23,538
6132,244,-93,0,0,-8,-23,538
6133,245,-93,0,0,-8,0,538
6134,246,-93,0,0,-7,0,538
6135,247,-81,0,0,5,12,573
6136,248,-81,0,0,5,12,573
6137,249,-81,0,0,5,12,573
6138,250,-74,-400,-400,12,19,573
6139,251,-74,-500,-100,11,19,573
6140,252,-74,-500,0,10,19,573
6141,253,-74,-500,0,10,19,573
6142,254,-74,-500,0,9,19,573
6143,255,-74,-500,0,9,7,573
6144,0,-74,-500,0,8,7,573
6145,1,-74,-500,0,8,7,373
6146,2,-76,0,500,5,-2,373
6147,3,-76,-100,-100,5,-2,373
6148,4,-76,-200,-100,5,-2,373
6149,5,-76,-200,0,5,-2,373
6150,6,-76,-100,100,4,-2,373
6151,7,-76,0,100,4,-2,373
6152,8,-74,-400,-400,6,0,373
6153,9,-74,-500,-100,6,0,373
6154,10,-74,-500,0,5,2,373
6155,11,-74,-500,0,5,2,373
6156,12,-74,-500,0,5,2,373
6157,13,-74,-500,0,5,2,373
6158,14,-74,-500,0,4,2,373
6159,15,-74,-400,100,4,2,373
6160,16,-74,-400,0,4,0,373
6161,17,-74,-400,0,4,0,373
6162,18,-74,-400,0,4,0,373
6163,19,-74,-500,-100,3,0,373
6164,20,-74,-500,0,3,0,373
6165,21,-74,-500,0,3,0,373
6166,22,-74,-500,0,3,0,373
6167,23,-74,-500,0,3,0,373
6168,24,-74,-500,0,3,0,373
6169,25,-74,-500,0,3,0,373
6170,26,-74,-500,0,3,0,373
6171,27,-74,-500,0,2,0,373
6172,28,-74,-500,0,2,0,373
6173,29,-74,-500,0,2,0,373
6174,30,-74,-400,100,2,0,373
6175,31,-74,-400,0,2,0,373
6176,32,-74,-400,0,2,0,373
6177,33,-74,-400,0,2,0,373
6178,34,-74,-400,0,2,0,373
6179,35,-74,-400,0,2,0,373
6180,36,-74,-500,-100,2,0,373
6181,37,-74,-500,0,2,0,373
6182,38,-74,-500,0,2,0,373
6183,39,-74,-500,0,2,0,373
6184,40,-74,-500,0,2,0,373
6185,41,-74,-500,0,2,0,373
6186,42,-74,-500,0,1,0,373
6187,43,-74,-500,0,1,0,373
6188,44,-74,-500,0,1,0,373
6189,45,-74,-500,0,1,0,373
6190,46,-74,-500,0,1,0,373
6191,47,-74,-500,0,1,0,373
6192,48,-77,0,500,-2,-3,373
6193,49,-77,-100,-100,-1,-3,373
6194,50,-77,-100,0,-1,-3,373
6195,51,-77,0,100,-1,-3,373
6196,52,-74,-400,-400,2,0,373
6197,53,-74,-500,-100,2,0,373
6198,54,-74,-500,0,2,0,373
6199,55,-74,-500,0,2,0,373
6200,56,-77,0,500,-1,0,373
6201,57,-77,-100,-100,-1,0,373
6202,58,-77,-100,0,-1,0,373
6203,59,-77,0,100,-1,0,373
6204,60,-74,-400,-400,2,0,373
6205,61,-74,-500,-100,2,0,373
6206,62,-74,0,500,2,0,373
6207,63,-73,-120,-120,3,1,373
6208,64,-73,-120,0,3,4,373
6209,65,-73,-120,0,3,4,373
6210,66,-79,80,200,-3,-2,373
6211,67,-79,80,0,-3,-2,373
6212,68,-73,-220,-300,3,1,373
6213,69,-74,50,270,2,0,373
6214,70,-74,50,0,2,0,373
6215,71,-74,50,0,2,-1,373
6216,72,-74,50,0,2,-1,373
6217,73,-74,50,0,2,-1,373
6218,74,-74,50,0,2,5,373
6219,75,-74,50,0,2,5,373
6220,76,-74,50,0,2,-1,373
6221,77,-74,50,0,2,0,373
6222,78,-74,50,0,1,0,373
6223,79,-74,50,0,1,0,373
6224,80,-74,50,0,1,0,373
6225,81,-74,50,0,1,0,373
6226,82,-74,50,0,1,0,373
6227,83,-74,50,0,1,0,373
6228,84,-74,50,0,1,0,373
6229,85,-74,50,0,1,0,373
6230,86,-74,50,0,1,0,373
6231,87,-74,50,0,1,0,373
6232,88,-74,50,0,1,0,373
6233,89,-74,50,0,1,0,373
6234,90,-74,50,0,1,0,373
6235,91,-74,50,0,1,0,373
6236,92,-73,-120,-170,2,1,323
6237,93,-73,-100,20,2,1,243
6238,94,-73,-41,59,2,1,202
6239,95,-73,-41,0,2,1,202
6240,96,-73,-41,0,2,1,202
6241,97,-73,-41,0,2,1,202
6242,98,-73,-41,0,2,1,202
6243,99,-73,-41,0,2,1,202
6244,100,-73,-41,0,2,0,202
6245,101,-73,59,100,2,0,402
6246,102,-73,-141,-200,2,0,402
6247,103,-73,-141,0,2,0,402
6248,104,-73,-141,0,2,0,402
6249,105,-73,-141,0,2,0,402
6250,106,-73,-100,41,2,0,489
6251,107,-73,-41,59,1,0,448
6252,108,-73,-41,0,1,0,448
6253,109,-73,-41,0,1,0,448
6254,110,-73,-41,0,1,0,448
6255,111,-73,59,100,1,0,448
6256,112,-73,-141,-200,1,0,448
6257,113,-73,-141,0,1,0,448
6258,114,-73,-141,0,1,0,448
6259,115,-73,-141,0,1,0,448
6260,116,-73,-100,41,1,0,689
6261,117,-73,59,159,1,0,790
6262,118,-70,0,-59,4,3,834
6263,119,-70,0,0,4,3,834
6264,120,-70,0,0,4,3,834
6265,121,-73,-38,-38,1,0,834
6266,122,-73,-38,0,1,0,834
6267,123,-73,-38,0,1,0,834
6268,124,-73,-38,0,1,0,834
6269,125,-73,-38,0,1,0,834
6270,126,-73,62,100,1,-3,1031
6271,127,-73,62,0,1,-3,1031
6272,128,-73,62,0,1,-3,1031
6273,129,-73,62,0,1,0,1031
6274,130,-73,62,0,1,0,1031
6275,131,-73,62,0,1,0,1004
6276,132,-75,0,-62,-1,-2,1004
6277,133,-75,-100,-100,-1,-2,1004
6278,134,-75,-100,0,-1,-2,1004
6279,135,-75,-100,0,-1,-2,1004
6280,136,-75,-100,0,-1,-2,1004
6281,137,-75,-100,0,-1,-2,1004
6282,138,-75,-200,-100,0,-2,1004
6283,139,-75,-200,0,0,-2,1004
6284,140,-75,-200,0,0,0,1004
6285,141,-75,-100,100,0,0,1004
6286,142,-75,-200,-100,0,0,1004
6287,143,-75,-100,100,0,0,1004
6288,144,-75,0,100,0,0,1004
6289,145,-73,62,62,2,2,1004
6290,146,-73,62,0,2,2,1004
6291,147,-70,0,-62,5,5,988
6292,148,-70,0,0,5,5,988
6293,149,-70,0,0,4,5,988
6294,150,-70,0,0,4,5,988
6295,151,-70,0,0,4,5,988
6296,152,-70,0,0,4,5,988
6297,153,-70,0,0,4,3,988
6298,154,-70,0,0,3,3,988
6299,155,-70,0,0,3,0,988
6300,156,-70,0,0,3,0,988
6301,157,-70,0,0,3,0,988
6302,158,-70,0,0,3,0,711
6303,159,-70,0,0,3,0,563
6304,160,-68,-200,-200,5,2,763
6305,161,-68,-200,0,4,2,763
6306,162,-68,-200,0,4,2,763
6307,163,-68,-200,0,4,2,763
6308,164,-68,-200,0,4,2,763
6309,165,-68,-200,0,4,2,763
6310,166,-68,-200,0,3,2,763
6311,167,-68,0,200,3,2,913
6312,168,-68,0,0,3,0,913
6313,169,-68,0,0,3,0,913
6314,170,-68,0,0,3,0,913
6315,171,-68,0,0,3,0,913
6316,172,-68,0,0,3,0,843
6317,173,-68,0,0,3,0,484
6318,174,-63,-400,-400,7,5,484
6319,175,-63,-400,0,7,5,484
6320,176,-63,-400,0,7,5,484
6321,177,-63,-400,0,6,5,484
6322,178,-63,-400,0,6,5,484
6323,179,-63,-400,0,6,5,-57
6324,180,-63,-500,-100,5,5,-57
6325,181,-63,-500,0,5,5,-57
6326,182,-63,-500,0,5,0,-57
6327,183,-63,-500,0,5,0,-57
6328,184,-63,-500,0,4,0,-57
6329,185,-63,-500,0,4,0,-57
6330,186,-63,-500,0,4,0,-57
6331,187,-63,-500,0,4,0,-232
6332,188,-65,0,500,2,-2,-232
6333,189,-65,-100,-100,2,-2,-232
6334,190,-65,-100,0,1,-2,-232
6335,191,-65,-200,-100,1,-2,-232
6336,192,-65,-200,0,1,-2,-232
6337,193,-65,-200,0,1,-2,-232
6338,194,-65,-200,0,1,-2,-232
6339,195,-65,-200,0,1,-2,-232
6340,196,-65,-200,0,1,0,-232
6341,197,-65,-200,0,1,0,-232
6342,198,-65,-100,100,1,0,-232
6343,199,-65,0,100,1,0,-232
6344,200,-63,-400,-400,3,2,-232
6345,201,-63,-500,-100,3,2,-232
6346,202,-73,-400,100,-7,-8,-232
6347,203,-73,-400,0,-6,-8,-232
6348,204,-73,-400,0,-6,-8,-232
6349,205,-73,-400,0,-5,-8,-232
6350,206,-73,-400,0,-5,-8,-232
6351,207,-73,-400,0,-5,-8,-232
6352,208,-73,-400,0,-4,-10,-232
6353,209,-73,-400,0,-4,-10,-232
6354,210,-73,-400,0,-4,0,-232
6355,211,-73,-400,0,-3,0,-232
6356,212,-73,-400,0,-3,0,-232
6357,213,-73,-400,0,-3,0,-232
6358,214,-73,-400,0,-3,0,-232
6359,215,-73,-400,0,-2,0,-232
6360,216,-73,-400,0,-2,0,-232
6361,217,-73,-400,0,-2,0,-232
6362,218,-73,-400,0,-2,0,-232
6363,219,-73,-400,0,-2,0,-232
6364,220,-73,-400,0,-1,0,-232
6365,221,-73,-400,0,-1,0,-232
6366,222,-73,-400,0,-1,0,-232
6367,223,-73,-400,0,-1,0,-232
6368,224,-75,50,450,-3,-2,-232
6369,225,-75,50,0,-3,-2,-232
6370,226,-75,71,21,-2,-2,-311
6371,227,-75,71,0,-2,-2,-311
6372,228,-73,-400,-471,0,0,-323
6373,229,-73,-400,0,0,0,-323
6374,230,-73,-400,0,0,0,-323
6375,231,-73,-400,0,0,0,-323
6376,232,-73,-400,0,0,2,-323
6377,233,-73,-400,0,0,2,-323
6378,234,-62,0,400,11,13,-323
6379,235,-61,98,98,12,14,-323
6380,236,-61,98,0,11,12,-323
6381,237,-61,98,0,10,12,-323
6382,238,-61,98,0,10,12,-323
6383,239,-61,98,0,9,12,-323
6384,240,-61,98,0,9,12,-323
6385,241,-61,98,0,8,12,-323
6386,242,-61,98,0,8,1,-323
6387,243,-61,98,0,7,0,-323
6388,244,-61,98,0,7,0,-323
6389,245,-61,98,0,7,0,-323
6390,246,-61,98,0,6,0,-323
6391,247,-61,98,0,6,0,-323
6392,248,-61,98,0,6,0,-323
6393,249,-61,98,0,5,0,-323
6394,250,-61,98,0,5,0,-323
6395,251,-61,98,0,5,0,-323
6396,252,-61,98,0,5,0,-323
6397,253,-61,98,0,4,0,-323
6398,254,-61,98,0,4,0,-323
6399,255,-61,98,0,4,0,-323
6400,0,-61,98,0,4,0,-323
6401,1,-61,98,0,4,0,-323
6402,2,-53,0,-98,11,8,-480
6403,3,-53,0,0,11,8,-480
6404,4,-53,0,0,10,8,-480
6405,5,-49,-100,-100,14,12,-480
6406,6,-49,-100,0,13,12,-480
6407,7,-49,-100,0,12,12,-480
6408,8,-49,-100,0,11,12,-480
6409,9,-49,-200,-100,11,12,-480
6410,10,-49,-200,0,10,4,-480
6411,11,-54,45,245,4,-1,-480
6412,12,-54,-55,-100,4,-1,-480
6413,13,-54,-55,0,4,-5,-480
6414,14,-54,-55,0,4,-5,-480
6415,15,-54,-55,0,4,-5,-480
6416,16,-54,-55,0,3,-5,-480
6417,17,-54,-55,0,3,-5,-480
6418,18,-54,0,55,3,-5,-466
6419,19,-49,-100,-100,8,5,-466
6420,20,-49,-100,0,8,5,-466
6421,21,-49,-100,0,7,5,-466
6422,22,-49,-100,0,7,5,-466
6423,23,-49,-100,0,6,5,-466
6424,24,-49,-100,0,6,5,-466
6425,25,-49,-100,0,6,5,-466
6426,26,-49,-100,0,5,5,-466
6427,27,-49,-100,0,5,0,-466
6428,28,-49,-100,0,5,0,-466
6429,29,-49,-100,0,5,0,-466
6430,30,-49,-100,0,4,0,-466
6431,31,-49,-100,0,4,0,-466
6432,32,-49,-100,0,4,0,-466
6433,33,-49,-100,0,4,0,-466
6434,34,-49,-100,0,4,0,-466
6435,35,-49,-100,0,3,0,-466
6436,36,-49,-100,0,3,0,-466
6437,37,-49,-100,0,3,0,-466
6438,38,-49,-100,0,3,0,-466
6439,39,-49,-100,0,3,0,-466
6440,40,-49,-100,0,3,0,-546
6441,41,-49,-100,0,3,0,-684
6442,42,-51,0,100,1,-2,-684
6443,43,-51,-100,-100,1,-2,-684
6444,44,-51,-200,-100,1,-2,-684
6445,45,-51,-200,0,1,-2,-684
6446,46,-51,-200,0,1,-2,-684
6447,47,-51,-200,0,1,-2,-684
6448,48,-51,-100,100,1,-2,-684
6449,49,-51,-100,0,1,-2,-684
6450,50,-51,0,100,1,0,-684
6451,51,-49,-100,-100,3,2,-684
6452,52,-49,-100,0,2,2,-684
6453,53,-49,-200,-100,2,2,-684
6454,54,-49,-200,0,2,2,-684
6455,55,-49,-200,0,2,2,-684
6456,56,-49,-200,0,2,2,-684
6457,57,-49,-200,0,2,2,-684
6458,58,-49,-200,0,2,2,-684
6459,59,-49,-200,0,2,0,-684
6460,60,-49,-200,0,2,0,-684
6461,61,-49,-200,0,2,0,-684
6462,62,-49,0,200,2,0,-407
6463,63,-44,-227,-227,7,5,-259
6464,64,-44,-227,0,6,5,-259
6465,65,-44,-227,0,6,5,-259
6466,66,-44,-227,0,6,5,-259
6467,67,-44,-227,0,5,5,-259
6468,68,-44,-227,0,5,5,-259
6469,69,-44,-227,0,5,5,-259
6470,70,-44,-227,0,5,5,-259
6471,71,-44,-227,0,4,0,-259
6472,72,-49,-100,127,-1,-5,-259
6473,73,-49,-100,0,-1,-5,-259
6474,74,-49,-100,0,-1,-5,-259
6475,75,-49,-100,0,0,-5,-259
6476,76,-49,-100,0,0,-5,-259
6477,77,-49,-100,0,0,-5,-259
6478,78,-49,-100,0,0,-5,-259
6479,79,-49,-100,0,0,-5,-259
6480,80,-49,-100,0,0,0,-259
6481,81,-49,-100,0,0,0,-259
6482,82,-49,-100,0,0,0,-259
6483,83,-49,-100,0,0,0,-259
6484,84,-49,10,110,0,0,-249
6485,85,-49,-41,-51,0,0,-249
6486,86,-49,-41,0,0,0,-249
6487,87,-49,-41,0,0,0,-249
6488,88,-49,-41,0,0,0,-249
6489,89,-49,-41,0,0,0,-249
6490,90,-49,-41,0,0,0,-249
6491,91,-49,-41,0,0,0,-249
6492,92,-49,-41,0,0,0,-249
6493,93,-49,-41,0,0,0,-249
6494,94,-49,-41,0,0,0,-249
6495,95,-49,-41,0,0,0,-249
6496,96,-49,-41,0,0,0,-649
6497,97,-49,-41,0,0,0,-648
6498,98,-51,0,41,-2,-2,-648
6499,99,-51,-100,-100,-1,-2,-648
6500,100,-51,-100,0,-1,-2,-648
6501,101,-51,-100,0,-1,-2,-648
6502,102,-51,-100,0,-1,-2,-648
6503,103,-51,-200,-100,-1,-2,-648
6504,104,-51,-100,100,-1,-2,-648
6505,105,-51,-100,0,-1,-2,-648
6506,106,-51,-100,0,-1,0,-648
6507,107,-51,-100,0,0,0,-648
6508,108,-51,-100,0,0,0,-648
6509,109,-51,-100,0,0,0,-648
6510,110,-51,0,100,0,0,-648
6511,111,-49,-41,-41,2,2,-648
6512,112,-49,-141,-100,2,2,-648
6513,113,-49,-141,0,2,2,-648
6514,114,-49,-141,0,2,2,-648
6515,115,-49,-141,0,2,2,-648
6516,116,-52,0,141,-2,-1,-648
6517,117,-52,-100,-100,-1,-1,-648
6518,118,-52,-100,0,-1,-1,-648
6519,119,-52,-100,0,-1,-3,-648
6520,120,-52,0,100,-1,-3,-648
6521,121,-49,-41,-41,2,0,-648
6522,122,-49,-141,-100,2,0,-648
6523,123,-49,-141,0,2,0,-648
6524,124,-49,-141,0,2,3,-648
6525,125,-49,-141,0,2,3,-648
6526,126,-49,-141,0,2,3,-648
6527,127,-49,-141,0,2,3,-648
6528,128,-53,0,141,-2,-1,-648
6529,129,-53,0,0,-2,-4,-648
6530,130,-53,0,0,-2,-4,-648
6531,131,-53,-200,-200,-2,-4,-648
6532,132,-53,-400,-200,-2,-4,-648
6533,133,-55,0,400,-3,-6,-648
6534,134,-55,0,0,-3,-6,-648
6535,135,-55,0,0,-3,-6,-648
6536,136,-55,-100,-100,-3,-2,-648
6537,137,-55,-100,0,-2,-2,-648
6538,138,-55,-100,0,-2,-2,-648
6539,139,-55,0,100,-2,-2,-648
6540,140,-53,-400,-400,0,0,-648
6541,141,-53,-500,-100,0,2,-648
6542,142,-53,-500,0,0,2,-648
6543,143,-53,-500,0,0,2,-648
6544,144,-53,-400,100,0,2,-648
6545,145,-53,-500,-100,0,2,-648
6546,146,-53,-300,200,0,2,-648
6547,147,-53,-100,200,0,2,-648
6548,148,-53,-220,-120,0,0,-648
6549,149,-53,-100,120,0,0,-648
6550,150,-53,-120,-20,0,0,-648
6551,151,-53,-20,100,0,0,-248
6552,152,-53,-20,0,0,0,-248
6553,153,-53,-20,0,0,0,-248
6554,154,-53,-20,0,0,0,-248
6555,155,-53,-20,0,0,0,-248
6556,156,-53,-20,0,0,0,-248
6557,157,-53,-20,0,0,0,-438
6558,158,-53,-20,0,0,0,-438
6559,159,-53,-20,0,0,0,-438
6560,160,-55,0,20,-2,-2,-438
6561,161,-53,-20,-20,1,0,-438
6562,162,-53,80,100,1,0,162
6563,163,-53,-20,-100,1,0,162
6564,164,-53,-140,-120,1,0,162
6565,165,-53,-120,20,1,0,298
6566,166,-53,-40,80,1,0,357
6567,167,-53,-140,-100,1,0,357
6568,168,-53,-120,20,1,2,348
6569,169,-53,-40,80,1,0,426
6570,170,-53,-40,0,1,0,426
6571,171,-53,-40,0,1,0,426
6572,172,-53,-40,0,1,0,361
6573,173,-55,0,40,-1,-2,361
6574,174,-55,-100,-100,-1,-2,361
6575,175,-55,-100,0,-1,-2,361
6576,176,-55,-200,-100,-1,-2,361
6577,177,-55,-100,100,-1,-2,361
6578,178,-55,-100,0,-1,-2,361
6579,179,-55,0,100,-1,-2,361
6580,180,-53,-40,-40,1,0,361
6581,181,-53,-140,-100,1,2,361
6582,182,-53,-140,0,1,2,361
6583,183,-53,-140,0,1,2,251
6584,184,-55,0,140,-1,0,251
6585,185,-55,-100,-100,0,0,251
6586,186,-55,-200,-100,0,0,251
6587,187,-55,-200,0,0,0,251
6588,188,-55,-100,100,0,-2,251
6589,189,-55,0,100,0,-2,251
6590,190,-53,-40,-40,2,0,251
6591,191,-53,-140,-100,2,0,251
6592,192,-58,0,140,-3,-3,251
6593,193,-58,-100,-100,-3,-3,251
6594,194,-58,-100,0,-3,-3,251
6595,195,-58,0,100,-3,-3,251
6596,196,-53,-40,-40,3,2,251
6597,197,-53,-140,-100,3,2,251
6598,198,-53,-140,0,2,0,251
6599,199,-53,-140,0,2,0,251
6600,200,-53,-140,0,2,5,251
6601,201,-53,-140,0,2,5,251
6602,202,-53,-140,0,2,5,251
6603,203,-53,-140,0,2,5,251
6604,204,-53,-140,0,2,0,251
6605,205,-53,-140,0,2,0,251
6606,206,-54,0,140,1,-1,251
6607,207,-54,-100,-100,1,-1,251
6608,208,-54,-100,0,1,-1,251
6609,209,-54,0,100,1,-1,251
6610,210,-53,-40,-40,2,0,251
6611,211,-53,-40,0,2,0,251
6612,212,-54,0,40,1,-1,251
6613,213,-54,0,0,1,-1,251
6614,214,-54,0,0,1,0,251
6615,215,-54,0,0,1,0,251
6616,216,-54,0,0,1,0,251
6617,217,-54,-100,-100,1,0,251
6618,218,-54,-100,0,1,-1,251
6619,219,-54,-100,0,1,-1,251
6620,220,-54,-100,0,1,0,251
6621,221,-54,-100,0,1,0,251
6622,222,-54,-100,0,1,0,251
6623,223,-54,-100,0,1,0,251
6624,224,-54,-100,0,1,0,251
6625,225,-54,-100,0,1,0,251
6626,226,-54,-100,0,1,0,251
6627,227,-54,-100,0,1,0,251
6628,228,-54,-100,0,1,0,251
6629,229,-54,0,100,1,0,251
6630,230,-53,-130,-130,2,1,251
6631,231,-53,-130,0,2,1,251
6632,232,-53,-130,0,2,1,264
6633,233,-53,-130,0,2,1,351
6634,234,-53,-130,0,2,1,64
6635,235,-53,-130,0,1,1,-49
6636,236,-53,-230,-100,1,1,-49
6637,237,-53,-230,0,1,1,-49
6638,238,-53,-230,0,1,0,-49
6639,239,-53,-230,0,1,0,-49
6640,240,-53,-230,0,1,0,-49
6641,241,-53,-230,0,1,0,-49
6642,242,-53,-230,0,1,0,-49
6643,243,-53,-230,0,1,0,-49
6644,244,-53,-230,0,1,0,-49
6645,245,-53,-230,0,1,0,-49
6646,246,-53,-230,0,1,0,-49
6647,247,-53,-230,0,1,0,-49
6648,248,-53,-230,0,1,0,-49
6649,249,-53,-230,0,1,0,-49
6650,250,-59,0,230,-5,-6,-49
6651,251,-59,0,0,-4,-6,-49
6652,252,-59,0,0,-4,-6,-49
6653,253,-58,0,0,-3,-5,-49
6654,254,-53,-130,-130,3,0,-49
6655,255,-53,-130,0,3,0,-49
6656,0,-53,-130,0,2,0,-49
6657,1,-53,-130,0,2,0,-49
6658,2,-53,-130,0,2,6,-49
6659,3,-53,-230,-100,2,6,-49
6660,4,-63,-400,-170,-8,-4,-49
6661,5,-63,-400,0,-7,-5,-49
6662,6,-63,-400,0,-7,-10,-49
6663,7,-63,-400,0,-6,-10,-49
6664,8,-63,-400,0,-6,-10,-49
6665,9,-63,-400,0,-5,-10,-49
6666,10,-63,-400,0,-5,-10,-49
6667,11,-63,-400,0,-5,-10,-49
6668,12,-63,-400,0,-4,0,-49
6669,13,-63,-400,0,-4,0,-167
6670,14,-64,0,400,-5,-1,-167
6671,15,-64,-100,-100,-4,-1,-167
6672,16,-64,-100,0,-4,-1,-167
6673,17,-64,-100,0,-4,-1,-167
6674,18,-64,-100,0,-3,-1,-167
6675,19,-64,0,100,-3,-1,-167
6676,20,-63,-400,-400,-2,0,-167
6677,21,-63,-400,0,-2,0,-167
6678,22,-63,-400,0,-1,1,-167
6679,23,-63,-400,0,-1,1,-167
6680,24,-63,-400,0,-1,1,-167
6681,25,-63,-400,0,-1,1,-167
6682,26,-63,-400,0,-1,1,-167
6683,27,-63,-400,0,-1,1,-167
6684,28,-63,-400,0,-1,0,-167
6685,29,-63,-400,0,-1,0,-167
6686,30,-63,-400,0,0,0,-167
6687,31,-63,-500,-100,0,0,-167
6688,32,-63,-500,0,0,0,-167
6689,33,-63,-400,100,0,0,-167
6690,34,-63,-400,0,0,0,-167
6691,35,-63,-400,0,0,0,-167
6692,36,-63,-400,0,0,0,-167
6693,37,-63,-400,0,0,0,-167
6694,38,-63,-500,-100,0,0,-167
6695,39,-63,-500,0,0,0,-167
6696,40,-63,-500,0,0,0,-167
6697,41,-69,0,500,-6,-6,-167
6698,42,-69,0,0,-5,-6,-167
6699,43,-69,0,0,-5,-6,-167
6700,44,-65,0,0,-1,-2,-167
6701,45,-63,-400,-400,2,0,-167
6702,46,-63,-500,-100,1,0,-167
6703,47,-69,0,500,-5,-6,-167
6704,48,-69,0,0,-4,-6,-167
6705,49,-69,0,0,-4,0,-167
6706,50,-64,0,0,1,5,-167
6707,51,-63,-400,-400,2,6,-167
6708,52,-63,-500,-100,2,2,-167
6709,53,-69,0,500,-4,-6,-167
6710,54,-69,0,0,-3,-6,-167
6711,55,-69,0,0,-3,0,-167
6712,56,-65,0,0,1,4,-167
6713,57,-63,-400,-400,3,6,-167
6714,58,-63,-500,-100,3,1,-167
6715,59,-63,-500,0,3,0,-167
6716,60,-63,-400,100,3,0,-167
6717,61,-69,0,400,-3,0,-167
6718,62,-69,0,0,-3,0,-167
6719,63,-63,-400,-400,3,6,-167
6720,64,-63,-500,-100,3,2,-167
6721,65,-63,-500,0,3,0,-167
6722,66,-71,0,500,-5,-8,-167
6723,67,-63,-500,-500,3,0,133
6724,68,-63,-500,0,3,0,133
6725,69,-63,-500,0,3,6,133
6726,70,-63,-400,100,3,6,133
6727,71,-69,0,400,-3,-6,133
6728,72,-69,0,0,-3,-6,133
6729,73,-69,0,0,-3,-6,133
6730,74,-69,0,0,-3,2,133
6731,75,-69,0,0,-2,-6,133
6732,76,-69,0,0,-2,-6,133
6733,77,-69,0,0,-2,-6,133
6734,78,-63,-400,-400,4,0,133
6735,79,-63,-400,0,4,6,133
6736,80,-63,-400,0,4,6,133
6737,81,-63,-400,0,4,6,133
6738,82,-63,-400,0,3,6,133
6739,83,-63,-400,0,3,6,133
6740,84,-63,-400,0,3,6,133
6741,85,-63,-400,0,3,6,133
6742,86,-63,-400,0,3,0,133
6743,87,-63,-400,0,3,0,133
6744,88,-63,-400,0,3,0,133
6745,89,-63,-400,0,3,0,133
6746,90,-63,-400,0,2,0,133
6747,91,-63,-400,0,2,0,133
6748,92,-63,-400,0,2,0,133
6749,93,-63,-400,0,2,0,133
6750,94,-63,-400,0,2,0,133
6751,95,-63,-400,0,2,0,133
6752,96,-63,-400,0,2,0,133
6753,97,-63,0,400,2,0,582
6754,98,-63,0,0,2,0,582
6755,99,-63,0,0,2,0,582
6756,100,-63,0,0,2,0,582
6757,101,-63,0,0,2,0,582
6758,102,-54,0,0,11,9,582
6759,103,-54,0,0,10,9,582
6760,104,-54,0,0,9,9,582
6761,105,-54,0,0,9,9,582
6762,106,-54,0,0,8,9,582
6763,107,-53,-130,-130,9,10,582
6764,108,-53,-230,-100,8,10,582
6765,109,-53,-230,0,8,10,582
6766,110,-53,-230,0,8,1,582
6767,111,-53,-230,0,7,1,582
6768,112,-53,-230,0,7,1,582
6769,113,-53,-130,100,6,1,582
6770,114,-53,-130,0,6,1,582
6771,115,-53,-130,0,6,0,582
6772,116,-53,-130,0,5,0,582
6773,117,-53,-130,0,5,0,582
6774,118,-53,-130,0,5,0,582
6775,119,-53,-130,0,5,0,582
6776,120,-53,-130,0,4,0,582
6777,121,-53,-130,0,4,0,172
6778,122,-53,-130,0,4,0,172
6779,123,-53,-130,0,4,0,172
6780,124,-53,-90,40,4,0,172
6781,125,-53,-90,0,3,0,172
6782,126,-53,-90,0,3,0,172
6783,127,-53,-90,0,3,0,172
6784,128,-53,-90,0,3,0,172
6785,129,-53,-90,0,3,0,172
6786,130,-49,-41,49,7,4,262
6787,131,-49,-41,0,6,4,262
6788,132,-49,-41,0,6,4,262
6789,133,-49,-41,0,6,4,262
6790,134,-49,-41,0,5,4,262
6791,135,-49,-41,0,5,4,262
6792,136,-49,-41,0,5,4,262
6793,137,-49,-41,0,5,4,262
6794,138,-49,-41,0,4,0,262
6795,139,-49,-41,0,4,0,262
6796,140,-49,-41,0,4,0,262
6797,141,-49,-41,0,4,0,262
6798,142,-49,-41,0,4,0,262
6799,143,-49,-41,0,3,0,262
6800,144,-49,49,90,3,0,332
6801,145,-49,59,10,3,0,262
6802,146,-49,59,0,3,0,262
6803,147,-49,59,0,3,0,262
6804,148,-49,59,0,3,0,262
6805,149,-49,59,0,3,0,262
6806,150,-49,59,0,3,0,262
6807,151,-46,-300,-359,5,3,283
6808,152,-46,0,300,5,3,503
6809,153,-44,-227,-227,7,5,613
6810,154,-44,-227,0,7,5,613
6811,155,-44,-227,0,6,5,613
6812,156,-44,-227,0,6,5,613
6813,157,-44,-227,0,6,5,613
6814,158,-44,-227,0,5,5,613
6815,159,-44,-227,0,5,2,613
6816,160,-44,-227,0,5,2,613
6817,161,-44,-227,0,4,0,613
6818,162,-44,-227,0,4,0,613
6819,163,-44,-227,0,4,0,613
6820,164,-44,-227,0,4,0,613
6821,165,-44,-227,0,4,0,613
6822,166,-44,-227,0,3,0,613
6823,167,-44,-227,0,3,0,613
6824,168,-44,-227,0,3,0,613
6825,169,-44,-227,0,3,0,613
6826,170,-44,-227,0,3,0,613
6827,171,-44,-227,0,3,0,613
6828,172,-44,-227,0,3,0,613
6829,173,-44,-227,0,3,0,613
6830,174,-44,-227,0,2,0,613
6831,175,-44,-227,0,2,0,613
6832,176,-44,-227,0,2,0,613
6833,177,-44,-227,0,2,0,613
6834,178,-44,-227,0,2,0,613
6835,179,-44,-227,0,2,0,723
6836,180,-44,-227,0,2,0,723
6837,181,-44,-227,0,2,0,723
6838,182,-44,-227,0,2,0,723
6839,183,-44,-227,0,2,0,723
6840,184,-44,-227,0,2,0,780
6841,185,-44,-227,0,2,0,693
6842,186,-44,-227,0,2,0,772
6843,187,-44,-227,0,2,0,772
6844,188,-44,-227,0,2,0,772
6845,189,-44,-227,0,1,0,772
6846,190,-44,-227,0,1,0,1085
6847,191,-44,-227,0,1,0,1085
6848,192,-44,-227,0,1,0,1085
6849,193,-44,-227,0,1,0,1393
6850,194,-44,-227,0,1,0,1393
6851,195,-44,-227,0,1,0,1393
6852,196,-44,-227,0,1,0,1393
6853,197,-44,-227,0,1,0,1093
6854,198,-44,-227,0,1,0,1033
6855,199,-44,-227,0,1,0,1433
6856,200,-44,-227,0,1,0,1433
6857,201,-44,-227,0,1,0,1043
6858,202,-44,-227,0,1,0,553
6859,203,-44,-227,0,1,0,443
6860,204,-44,-227,0,1,0,202
6861,205,-44,-227,0,1,0,-248
6862,206,-44,-227,0,1,0,-398
6863,207,-44,-227,0,1,0,-698
6864,208,-44,-227,0,1,0,-698
6865,209,-44,-227,0,1,0,-718
6866,210,-44,-227,0,1,0,-718
6867,211,-44,-227,0,1,0,-1618
6868,212,-44,-227,0,1,0,-1910
6869,213,-44,-227,0,1,0,-3210
6870,214,-44,-227,0,1,0,-3610
6871,215,-44,-227,0,1,0,-4210
6872,216,-44,-227,0,1,0,-4410
6873,217,-44,-227,0,1,0,-4650
6874,218,-44,-227,0,1,0,-4650
6875,219,-44,-227,0,1,0,-4550
6876,220,-44,-227,0,1,0,-4550
6877,221,-44,-227,0,1,0,-4550
6878,222,-44,-227,0,1,0,-4250
6879,223,-44,-227,0,1,0,-4250
6880,224,-44,-227,0,1,0,-4550
6881,225,-44,-227,0,1,0,-4550
6882,226,-44,-227,0,1,0,-4550
6883,227,-44,-227,0,1,0,-4550
6884,228,-44,-227,0,1,0,-4400
6885,229,-44,-227,0,1,0,-4400
6886,230,-44,-227,0,1,0,-4400
6887,231,-44,-227,0,1,0,-4400
6888,232,-44,-227,0,1,0,-4450
6889,233,-44,-227,0,1,0,-4450
6890,234,-44,-227,0,1,0,-4450
6891,235,-44,-227,0,1,0,-4494
6892,236,-44,-227,0,1,0,-4300
6893,237,-44,-227,0,1,0,-4300
6894,238,-44,-227,0,1,0,-4344
6895,239,-44,-227,0,1,0,-4344
6896,240,-44,-227,0,1,0,-4344
6897,241,-44,-227,0,1,0,-4344
6898,242,-44,-227,0,1,0,-4344
6899,243,-44,-227,0,1,0,-4344
6900,244,-44,-227,0,1,0,-4344
6901,245,-44,-227,0,1,0,-4344
6902,246,-44,-227,0,1,0,-4344
6903,247,-44,-227,0,1,0,-4344
6904,248,-44,-227,0,1,0,-4344
6905,249,-44,-227,0,1,0,-4344
6906,250,-44,-227,0,1,0,-4344
6907,251,-44,-227,0,1,0,-4344
6908,252,-44,-227,0,1,0,-4344
6909,253,-44,-227,0,1,0,-4344
6910,254,-44,-227,0,1,0,-4344
6911,255,-44,-227,0,1,0,-4344
6912,0,-44,-227,0,1,0,-4344
6913,1,-44,-227,0,1,0,-4344
6914,2,-44,-227,0,1,0,-4344
6915,3,-44,-227,0,1,0,-4344
6916,4,-46,0,227,-1,-2,-4344
6917,5,-46,-100,-100,0,-2,-4344
6918,6,-46,0,100,0,-2,-4344
6919,7,-44,-227,-227,2,0,-4344
6920,8,-44,-227,0,2,0,-4344
6921,9,-44,-227,0,2,0,-4344
6922,10,-44,-227,0,1,0,-4344
6923,11,-44,-227,0,1,0,-4344
6924,12,-44,-227,0,1,2,-4344
6925,13,-44,-227,0,1,2,-4344
6926,14,-44,-227,0,1,2,-4344
6927,15,-44,-227,0,1,0,-4344
6928,16,-44,-227,0,1,0,-4344
6929,17,-48,0,227,-3,-4,-4344
6930,18,-48,-100,-100,-2,-4,-4344
6931,19,-55,0,100,-9,-11,-4344
6932,20,-55,0,0,-9,-11,-4344
6933,21,-55,0,0,-8,-11,-4344
6934,22,-55,0,0,-7,-11,-4344
6935,23,-52,0,0,-4,-8,-4344
6936,24,-48,0,0,0,-4,-4344
6937,25,-55,0,0,-7,-7,-4344
6938,26,-55,0,0,-6,-7,-4344
6939,27,-55,0,0,-6,0,-4344
6940,28,-55,0,0,-5,0,-4344
6941,29,-55,0,0,-5,0,-4344
6942,30,-55,0,0,-4,0,-4344
6943,31,-52,0,0,-1,0,-4344
6944,32,-48,0,0,3,0,-4344
6945,33,-48,-100,-100,3,7,-4344
6946,34,-48,-100,0,3,7,-4344
6947,35,-48,-100,0,3,7,-4344
6948,36,-48,-100,0,2,7,-4344
6949,37,-48,0,100,2,7,-4344
6950,38,-44,-227,-227,6,11,-4344
6951,39,-44,-227,0,6,8,-4344
6952,40,-44,-227,0,6,4,-4344
6953,41,-53,0,227,-4,-5,-4344
6954,42,-53,0,0,-3,-5,-4344
6955,43,-55,0,0,-5,-7,-4344
6956,44,-56,0,0,-6,-8,-4344
6957,45,-56,0,0,-5,-8,-4344
6958,46,-56,0,0,-5,-12,-4344
6959,47,-56,0,0,-5,-12,-4344
6960,48,-56,-100,-100,-4,-12,-4344
6961,49,-56,-100,0,-4,-3,-4344
6962,50,-56,-100,0,-4,-3,-4344
6963,51,-56,-100,0,-3,-1,-4344
6964,52,-56,0,100,-3,0,-4344
6965,53,-53,0,0,0,3,-4344
6966,54,-53,0,0,0,3,-4344
6967,55,-53,0,0,0,3,-4344
6968,56,-53,0,0,0,3,-4344
6969,57,-53,0,0,0,3,-4344
6970,58,-53,-100,-100,0,3,-4344
6971,59,-53,-100,0,0,3,-4344
6972,60,-53,-100,0,0,3,-4344
6973,61,-53,-100,0,0,0,-3354
6974,62,-57,0,100,-4,-4,-3354
6975,63,-57,-100,-100,-3,-4,-3354
6976,64,-57,-200,-100,-3,-4,-3354
6977,65,-57,-200,0,-3,-4,-3354
6978,66,-57,-200,0,-3,-4,-3354
6979,67,-57,-200,0,-2,-4,-3354
6980,68,-57,-100,100,-2,-4,-3354
6981,69,-57,-100,0,-2,-4,-3354
6982,70,-57,-100,0,-2,0,-3354
6983,71,-57,0,100,-2,0,-3354
6984,72,-53,0,0,3,4,-3354
6985,73,-53,0,0,2,4,-3354
6986,74,-53,0,0,2,4,-3354
6987,75,-53,0,0,2,4,-3354
6988,76,-53,-100,-100,2,4,-3354
6989,77,-53,-100,0,2,4,-3354
6990,78,-53,-100,0,2,4,-3354
6991,79,-53,-100,0,2,4,-3354
6992,80,-53,-100,0,2,0,-3354
6993,81,-53,-100,0,2,0,-3354
6994,82,-53,-100,0,2,0,-3354
6995,83,-53,-100,0,2,0,-3354
6996,84,-53,-150,-50,2,0,-3354
6997,85,-53,-150,0,2,0,-3354
6998,86,-53,-150,0,2,0,-3354
6999,87,-53,-150,0,2,0,-3354
7000,88,-53,-150,0,1,0,-3354
7001,89,-53,-150,0,1,0,-3354
7002,90,-53,-150,0,1,0,-3354
7003,91,-53,-150,0,1,0,-3354
7004,92,-53,-150,0,1,0,-3354
7005,93,-53,-150,0,1,0,-3354
7006,94,-53,-150,0,1,0,-3354
7007,95,-53,-150,0,1,0,-3354
7008,96,-53,-150,0,1,0,-3354
7009,97,-53,-150,0,1,0,-3354
7010,98,-53,-150,0,1,0,-3354
7011,99,-53,-150,0,1,0,-3354
7012,100,-53,-150,0,1,0,-3354
7013,101,-53,-150,0,1,0,-3354
7014,102,-53,-150,0,1,0,-3354
7015,103,-53,-150,0,1,0,-3354
7016,104,-53,-150,0,1,0,-3354
7017,105,-53,-150,0,1,0,-3354
7018,106,-53,-150,0,1,0,-3354
7019,107,-53,-150,0,1,0,-3354
7020,108,-53,-150,0,1,0,-3354
7021,109,-53,-150,0,1,0,-3354
7022,110,-53,-150,0,1,0,-3354
7023,111,-53,-150,0,1,0,-3354
7024,112,-53,-150,0,1,0,-3354
7025,113,-53,-150,0,1,0,-3154
7026,114,-56,0,150,-2,-3,-3154
7027,115,-56,-100,-100,-1,-3,-3154
7028,116,-56,-100,0,-1,-3,-3154
7029,117,-56,-200,-100,-1,-3,-3154
7030,118,-56,-200,0,-1,-3,-3154
7031,119,-56,-100,100,-1,-3,-3154
7032,120,-56,0,100,-1,-3,-3154
7033,121,-53,-50,-50,2,0,-3154
7034,122,-53,-150,-100,2,3,-3154
7035,123,-53,-150,0,2,3,-3154
7036,124,-53,-150,0,2,3,-3154
7037,125,-53,-150,0,2,3,-3154
7038,126,-53,-150,0,2,3,-3154
7039,127,-53,-150,0,2,3,-3154
7040,128,-53,-150,0,2,3,-3154
7041,129,-53,-150,0,2,0,-3154
7042,130,-53,-150,0,2,0,-3154
7043,131,-53,-150,0,2,0,-3154
7044,132,-56,0,150,-1,-3,-3154
7045,133,-56,-100,-100,-1,-3,-3154
7046,134,-56,-100,0,-1,-3,-3154
7047,135,-56,0,100,-1,-3,-3154
7048,136,-53,-50,-50,2,0,-3154
7049,137,-53,-150,-100,2,0,-3154
7050,138,-53,-150,0,2,0,-3154
7051,139,-53,-150,0,2,0,-3154
7052,140,-53,-150,0,2,3,-3154
7053,141,-53,-50,100,2,3,-3154
7054,142,-53,-50,0,2,3,-3154
7055,143,-64,0,50,-9,-8,-3154
7056,144,-64,0,0,-9,-11,-3154
7057,145,-64,0,0,-8,-11,-3154
7058,146,-64,0,0,-7,-11,-3154
7059,147,-64,0,0,-7,-11,-3154
7060,148,-64,0,0,-6,-11,-3154
7061,149,-64,0,0,-6,-11,-3154
7062,150,-56,0,0,2,-3,-2054
7063,151,-56,0,0,2,8,-2054
7064,152,-53,50,50,5,11,-2054
7065,153,-53,-50,-100,5,11,-2054
7066,154,-53,-50,0,5,11,-2054
7067,155,-53,-50,0,5,11,-2054
7068,156,-53,-50,0,4,11,-2054
7069,157,-53,-50,0,4,11,-2054
7070,158,-53,-50,0,4,3,-2054
7071,159,-53,-50,0,4,3,-2054
7072,160,-53,-50,0,4,0,-2054
7073,161,-53,-50,0,3,0,-2054
7074,162,-53,-50,0,3,0,-2054
7075,163,-53,-50,0,3,0,-2054
7076,164,-53,-50,0,3,0,-2054
7077,165,-53,-50,0,3,0,-2054
7078,166,-53,-50,0,3,0,-2054
7079,167,-53,-50,0,3,0,-2054
7080,168,-53,-50,0,2,0,-2054
7081,169,-53,-50,0,2,0,-2054
7082,170,-53,-50,0,2,0,-2054
7083,171,-53,-50,0,2,0,-2054
7084,172,-53,-50,0,2,0,-2054
7085,173,-53,-50,0,2,0,-2054
7086,174,-53,-50,0,2,0,-2054
7087,175,-53,-50,0,2,0,-2054
7088,176,-53,-50,0,2,0,-2054
7089,177,-53,-50,0,2,0,-2054
7090,178,-53,-50,0,2,0,-2054
7091,179,-53,-50,0,2,0,-2054
7092,180,-53,-50,0,2,0,-2054
7093,181,-53,-50,0,2,0,-1654
7094,182,-56,0,50,-1,-3,-1654
7095,183,-56,-100,-100,-1,-3,-1654
7096,184,-56,-200,-100,-1,-3,-1654
7097,185,-56,-200,0,-1,-3,-1654
7098,186,-56,-200,0,-1,-3,-1654
7099,187,-56,-200,0,-1,-3,-1654
7100,188,-56,-200,0,-1,-3,-1624
7101,189,-59,0,200,-4,-6,-1624
7102,190,-59,-100,-100,-3,-3,-1624
7103,191,-59,-200,-100,-3,-3,-1624
7104,192,-59,-200,0,-3,-3,-1624
7105,193,-59,-200,0,-3,-3,-1624
7106,194,-59,-100,100,-2,-3,-1624
7107,195,-59,-100,0,-2,-3,-1624
7108,196,-59,-100,0,-2,-3,-1624
7109,197,-69,70,170,-12,-10,-1624
7110,198,-69,70,0,-11,-10,-1624
7111,199,-69,70,0,-10,-10,-1624
7112,200,-69,70,0,-10,-10,-1624
7113,201,-69,70,0,-9,-10,-1624
7114,202,-69,70,0,-8,-10,-1624
7115,203,-69,70,0,-8,-10,-1624
7116,204,-69,70,0,-7,-10,-1624
7117,205,-69,70,0,-7,0,-1425
7118,206,-69,70,0,-6,0,-1425
7119,207,-69,70,0,-6,0,-1425
7120,208,-69,70,0,-5,0,-1425
7121,209,-64,0,-70,0,5,-1425
7122,210,-53,50,50,11,16,-1425
7123,211,-53,50,0,11,16,-1425
7124,212,-53,-50,-100,10,16,-1425
7125,213,-53,-50,0,9,16,-1425
7126,214,-53,-50,0,9,16,-1425
7127,215,-53,-50,0,8,16,-1425
7128,216,-53,-50,0,8,16,-1425
7129,217,-53,-50,0,7,11,-1425
7130,218,-53,-50,0,7,0,-1425
7131,219,-53,-50,0,7,0,-1349
7132,220,-57,0,50,2,-4,-1349
7133,221,-57,-100,-100,2,-4,-1349
7134,222,-57,-200,-100,2,-4,-1349
7135,223,-57,-200,0,2,-4,-1349
7136,224,-57,-200,0,2,-4,-1349
7137,225,-57,-200,0,2,-4,-1349
7138,226,-57,-200,0,2,-4,-1349
7139,227,-57,-200,0,2,-4,-1349
7140,228,-57,-200,0,2,0,-1349
7141,229,-57,-100,100,2,0,-1349
7142,230,-57,-100,0,2,0,-1349
7143,231,-57,-100,0,2,0,-1349
7144,232,-57,-100,0,2,0,-1349
7145,233,-57,0,100,1,0,-1349
7146,234,-53,50,50,5,4,-1349
7147,235,-53,50,0,5,4,-1349
7148,236,-53,50,0,5,4,-1349
7149,237,-53,50,0,5,4,-1349
7150,238,-53,-50,-100,4,4,-1349
7151,239,-53,-50,0,4,4,-1349
7152,240,-53,-50,0,4,4,-1349
7153,241,-53,-50,0,4,4,-1349
7154,242,-53,-50,0,4,0,-1349
7155,243,-57,0,50,-1,-4,-1349
7156,244,-57,-100,-100,0,-4,-1349
7157,245,-57,-200,-100,0,-4,-1349
7158,246,-57,-200,0,0,-4,-1349
7159,247,-69,0,200,-12,-16,-1349
7160,248,-69,0,0,-11,-16,-1349
7161,249,-69,0,0,-11,-16,-1349
7162,250,-69,0,0,-10,-16,-1349
7163,251,-69,0,0,-9,-12,-1349
7164,252,-69,0,0,-9,-12,-1349
7165,253,-69,0,0,-8,-12,-1349
7166,254,-69,0,0,-7,-12,-1349
7167,255,-69,0,0,-7,0,-1264
7168,0,-64,0,0,-1,5,-1264
7169,1,-65,0,0,-2,4,-1264
7170,2,-65,0,0,-2,4,-1264
7171,3,-57,-200,-200,6,12,-1264
7172,4,-57,-200,0,6,12,-1264
7173,5,-57,-200,0,5,12,-1264
7174,6,-57,-100,100,5,12,-1264
7175,7,-57,-100,0,5,12,-1264
7176,8,-57,-100,0,5,7,-1264
7177,9,-57,-100,0,4,8,-1264
7178,10,-57,0,100,4,8,-1264
7179,11,-53,50,50,8,4,-1264
7180,12,-53,50,0,8,4,-1264
7181,13,-53,50,0,7,4,-1264
7182,14,-53,50,0,7,4,-1264
7183,15,-53,-50,-100,6,4,-1264
7184,16,-53,-50,0,6,4,-1264
7185,17,-53,-50,0,6,4,-1264
7186,18,-53,-50,0,5,4,-874
7187,19,-53,-50,0,5,0,-874
7188,20,-66,0,50,-8,-13,-874
7189,21,-66,0,0,-8,-13,-874
7190,22,-63,0,0,-4,-10,-874
7191,23,-53,-50,-50,6,0,-874
7192,24,-53,-50,0,6,0,-874
7193,25,-53,-50,0,6,0,-874
7194,26,-53,-50,0,5,0,-874
7195,27,-53,-50,0,5,0,-874
7196,28,-53,-50,0,5,13,-841
7197,29,-57,0,50,1,9,-841
7198,30,-57,-100,-100,1,6,-841
7199,31,-57,-200,-100,1,-4,-841
7200,32,-57,-200,0,1,-4,-841
7201,33,-57,-200,0,1,-4,-841
7202,34,-57,-100,100,1,-4,-841
7203,35,-57,-100,0,1,-4,-841
7204,36,-57,-100,0,1,-4,-841
7205,37,-65,0,100,-7,-8,-841
7206,38,-65,0,0,-7,-8,-841
7207,39,-63,0,0,-4,-6,-841
7208,40,-57,-100,-100,2,0,-841
7209,41,-57,-100,0,2,0,-841
7210,42,-57,0,100,2,0,-841
7211,43,-53,50,50,6,4,-841
7212,44,-53,-50,-100,5,4,-841
7213,45,-53,-50,0,5,12,-841
7214,46,-53,-50,0,5,12,-841
7215,47,-53,-50,0,5,10,-841
7216,48,-53,-50,0,4,4,-841
7217,49,-53,-50,0,4,4,-841
7218,50,-53,-50,0,4,4,-841
7219,51,-53,-50,0,4,0,-841
7220,52,-53,-50,0,4,0,-841
7221,53,-73,0,50,-17,-20,-841
7222,54,-73,0,0,-15,-20,-841
7223,55,-62,0,0,-3,-9,-541
7224,56,-62,0,0,-3,-9,-541
7225,57,-73,0,0,-14,-20,-541
7226,58,-73,0,0,-13,-20,-541
7227,59,-73,0,0,-12,-20,-541
7228,60,-73,0,0,-11,-20,-541
7229,61,-73,0,0,-11,0,-541
7230,62,-73,0,0,-10,0,-541
7231,63,-73,0,0,-9,-11,-541
7232,64,-73,0,0,-9,-11,-541
7233,65,-73,0,0,-8,0,-541
7234,66,-73,0,0,-7,0,-541
7235,67,-73,0,0,-7,0,-541
7236,68,-73,0,0,-6,0,-541
7237,69,-73,0,0,-6,0,-541
7238,70,-74,-400,-400,-7,-1,-541
7239,71,-74,-400,0,-6,-1,-541
7240,72,-74,-400,0,-6,-1,-541
7241,73,-74,-400,0,-5,-1,-541
7242,74,-74,-100,300,-5,-1,-147
7243,75,-74,-100,0,-4,-1,-147
7244,76,-74,-100,0,-4,-1,-147
7245,77,-74,-100,0,-4,-1,-147
7246,78,-74,-100,0,-4,0,-148
7247,79,-74,-100,0,-3,0,-154
7248,80,-75,0,100,-4,-1,-154
7249,81,-75,0,0,-4,-1,-154
7250,82,-75,0,0,-3,-1,-154
7251,83,-74,-100,-100,-2,0,-154
7252,84,-74,-100,0,-2,0,-154
7253,85,-74,-100,0,-2,0,-154
7254,86,-74,-100,0,-2,0,-154
7255,87,-74,-100,0,-1,0,-154
7256,88,-74,-100,0,-1,1,-154
7257,89,-74,-200,-100,-1,1,-154
7258,90,-74,-200,0,-1,1,-154
7259,91,-74,-100,100,-1,0,-154
7260,92,-74,-100,0,-1,0,-154
7261,93,-74,-100,0,-1,0,-154
7262,94,-74,-100,0,-1,0,-154
7263,95,-74,-100,0,0,0,-154
7264,96,-74,-100,0,0,0,-244
7265,97,-75,0,100,-1,-1,-244
7266,98,-75,0,0,-1,-1,-244
7267,99,-74,-100,-100,0,0,-244
7268,100,-74,-100,0,0,0,-244
7269,101,-75,0,100,-1,-1,-244
7270,102,-75,0,0,-1,-1,-244
7271,103,-74,-100,-100,0,0,-244
7272,104,-74,-100,0,0,0,-444
7273,105,-75,0,100,-1,0,-444
7274,106,-74,-100,-100,1,1,-444
7275,107,-74,-100,0,1,0,-444
7276,108,-77,50,150,-2,-3,-444
7277,109,-77,50,0,-2,-2,-444
7278,110,-77,50,0,-2,-2,-444
7279,111,-78,0,-50,-3,-4,-444
7280,112,-77,50,50,-2,-3,-444
7281,113,-77,50,0,-1,-2,-444
7282,114,-77,50,0,-1,-3,-444
7283,115,-77,50,0,-1,-3,-444
7284,116,-77,50,0,-1,0,-444
7285,117,-77,50,0,-1,0,-444
7286,118,-77,50,0,-1,0,-444
7287,119,-77,50,0,-1,1,-444
7288,120,-77,50,0,-1,0,-444
7289,121,-77,50,0,0,0,-444
7290,122,-77,50,0,0,0,-444
7291,123,-77,50,0,0,0,-444
7292,124,-77,50,0,0,0,-444
7293,125,-77,50,0,0,0,-346
7294,126,-77,50,0,0,0,-374
7295,127,-77,50,0,0,0,-374
7296,128,-77,50,0,0,0,-374
7297,129,-77,50,0,0,0,-374
7298,130,-77,50,0,0,0,-374
7299,131,-77,50,0,0,0,-374
7300,132,-77,50,0,0,0,-374
7301,133,-77,50,0,0,0,-374
7302,134,-77,50,0,0,0,-374
7303,135,-77,50,0,0,0,-374
7304,136,-80,50,0,-3,-3,-374
7305,137,-80,50,0,-2,-3,-375
7306,138,-81,0,-50,-3,-4,-375
7307,139,-80,50,50,-2,-3,-375
7308,140,-80,50,0,-2,-3,-358
7309,141,-80,50,0,-2,-3,-308
7310,142,-80,50,0,-1,-3,-393
7311,143,-81,0,-50,-2,-4,-393
7312,144,-81,-100,-100,-2,-1,-393
7313,145,-81,-200,-100,-2,-1,-393
7314,146,-83,0,200,-4,-2,-393
7315,147,-83,-100,-100,-3,-3,-393
7316,148,-91,0,100,-11,-11,-393
7317,149,-91,30,30,-10,-11,-353
7318,150,-91,30,0,-10,-11,-353
7319,151,-91,-70,-100,-9,-10,-353
7320,152,-91,-70,0,-8,-10,-353
7321,153,-91,0,70,-8,-10,-266
7322,154,-91,30,30,-7,-8,-336
7323,155,-83,-100,-130,1,0,-566
7324,156,-91,0,100,-7,0,-566
7325,157,-91,0,0,-6,0,-566
7326,158,-91,0,0,-6,0,-566
7327,159,-91,0,0,-5,0,-566
7328,160,-91,0,0,-5,0,-566
7329,161,-83,0,0,3,8,-459
7330,162,-91,87,87,-5,0,-459
7331,163,-83,0,-87,4,0,-346
7332,164,-81,0,0,5,10,-346
7333,165,-80,-50,-50,6,11,-346
7334,166,-87,0,50,-1,4,-346
7335,167,-87,0,0,-1,4,-346
7336,168,-87,0,0,-1,4,-346
7337,169,-82,0,0,4,1,-346
7338,170,-88,0,0,-2,3,-346
7339,171,-88,0,0,-2,-5,-259
7340,172,-89,0,0,-3,-8,-259
7341,173,-89,0,0,-2,-9,-259
7342,174,-89,0,0,-2,-2,-259
7343,175,-89,0,0,-2,-2,-259
7344,176,-82,0,0,5,5,-259
7345,177,-82,0,0,5,0,-259
7346,178,-82,0,0,5,6,-259
7347,179,-82,0,0,4,6,-259
7348,180,-82,0,0,4,7,-259
7349,181,-82,0,0,4,7,-259
7350,182,-82,0,0,4,7,-259
7351,183,-86,0,0,0,3,-259
7352,184,-86,0,0,0,-4,-259
7353,185,-86,0,0,0,-4,-259
7354,186,-86,0,0,0,-4,-259
7355,187,-86,0,0,0,-4,-259
7356,188,-86,0,0,0,-4,-259
7357,189,-86,0,0,0,-4,-259
7358,190,-86,0,0,0,-4,-259
7359,191,-86,0,0,0,0,-259
7360,192,-86,0,0,0,0,-259
7361,193,-86,0,0,0,0,-259
7362,194,-88,0,0,-2,-2,-259
7363,195,-88,-100,-100,-1,-2,-259
7364,196,-88,-100,0,-1,-2,-259
7365,197,-88,-100,0,-1,-2,-259
7366,198,-88,-200,-100,-1,-2,-259
7367,199,-88,-200,0,-1,-2,-259
7368,200,-88,-200,0,-1,-2,-259
7369,201,-88,-200,0,-1,-2,-259
7370,202,-88,-200,0,-1,0,-259
7371,203,-88,-100,100,0,0,-259
7372,204,-88,-100,0,0,0,-259
7373,205,-88,-100,0,0,0,-259
7374,206,-88,-100,0,0,0,-259
7375,207,-89,0,100,-1,-1,-259
7376,208,-89,-100,-100,-1,-1,-259
7377,209,-89,-100,0,-1,-1,-259
7378,210,-89,-200,-100,-1,-1,-259
7379,211,-89,-200,0,-1,-1,-259
7380,212,-89,-200,0,-1,-1,-259
7381,213,-89,-100,100,0,-1,-259
7382,214,-89,0,100,0,-1,-259
7383,215,-89,0,0,0,0,-259
7384,216,-89,0,0,0,0,-259
7385,217,-89,0,0,0,0,-259
7386,218,-89,0,0,0,0,-259
7387,219,-89,0,0,0,0,-259
7388,220,-89,0,0,0,0,-209
7389,221,-83,0,0,6,6,-107
7390,222,-83,0,0,6,6,-107
7391,223,-83,0,0,5,6,-107
7392,224,-83,0,0,5,6,-107
7393,225,-83,0,0,5,6,-107
7394,226,-83,0,0,5,6,-107
7395,227,-83,0,0,4,6,-107
7396,228,-83,0,0,4,6,-107
7397,229,-83,0,0,4,0,-107
7398,230,-83,0,0,4,0,-107
7399,231,-83,0,0,4,0,-107
7400,232,-83,0,0,3,0,-107
7401,233,-83,0,0,3,0,-107
7402,234,-83,0,0,3,0,-107
7403,235,-83,0,0,3,0,-107
7404,236,-83,0,0,3,0,-107
7405,237,-83,0,0,3,0,-107
7406,238,-93,-60,-60,-7,-10,-107
7407,239,-93,-60,0,-7,-10,-107
7408,240,-93,-60,0,-6,-10,-107
7409,241,-93,40,100,-6,-10,91
7410,242,-83,-100,-140,5,0,91
7411,243,-83,-100,0,4,0,91
7412,244,-83,-100,0,4,0,91
7413,245,-83,-100,0,4,0,91
7414,246,-83,-100,0,4,10,91
7415,247,-83,-100,0,4,10,91
7416,248,-83,-100,0,3,10,91
7417,249,-83,-100,0,3,10,91
7418,250,-83,-100,0,3,0,91
7419,251,-86,0,100,0,-3,91
7420,252,-83,-100,-100,3,0,91
7421,253,-83,-100,0,3,0,91
7422,254,-83,-100,0,3,0,91
7423,255,-83,-100,0,3,0,91
7424,0,-86,0,100,0,-3,91
7425,1,-86,0,0,0,-3,91
7426,2,-86,0,0,0,-3,91
7427,3,-83,-100,-100,3,3,91
7428,4,-83,-100,0,3,0,91
7429,5,-83,-100,0,2,0,91
7430,6,-83,-100,0,2,0,91
7431,7,-86,0,100,-1,-3,91
7432,8,-86,0,0,-1,0,91
7433,9,-83,-100,-100,3,3,91
7434,10,-83,-100,0,2,3,91
7435,11,-83,-100,0,2,0,91
7436,12,-83,-100,0,2,0,91
7437,13,-83,-100,0,2,0,91
7438,14,-83,-100,0,2,0,91
7439,15,-84,0,100,1,2,91
7440,16,-84,0,0,1,2,91
7441,17,-84,0,0,1,-1,91
7442,18,-84,0,0,1,-1,91
7443,19,-84,0,0,1,-1,-7
7444,20,-84,0,0,1,-1,-7
7445,21,-84,0,0,1,-1,-7
7446,22,-84,0,0,1,-1,-7
7447,23,-84,0,0,1,0,-7
7448,24,-84,0,0,1,0,-7
7449,25,-84,0,0,1,0,-7
7450,26,-84,0,0,1,0,-7
7451,27,-86,0,0,-1,-2,-7
7452,28,-86,0,0,-1,-2,-7
7453,29,-86,-100,-100,-1,-2,-7
7454,30,-86,-100,0,-1,-2,-7
7455,31,-86,0,100,0,-2,-7
7456,32,-84,0,0,2,0,-7
7457,33,-84,-100,-100,2,0,-7
7458,34,-84,0,100,1,0,-7
7459,35,-84,0,0,1,2,-7
7460,36,-84,0,0,1,2,-7
7461,37,-83,-100,-100,2,3,100
7462,38,-83,-100,0,2,3,100
7463,39,-83,-100,0,2,3,100
7464,40,-83,-100,0,2,1,100
7465,41,-83,-100,0,2,1,100
7466,42,-83,-100,0,2,1,100
7467,43,-83,-100,0,2,1,100
7468,44,-83,-100,0,2,1,100
7469,45,-92,-118,-18,-7,-9,100
7470,46,-92,-118,0,-7,-9,100
7471,47,-92,-118,0,-6,-9,50
7472,48,-92,-118,0,-6,-9,50
7473,49,-92,-118,0,-5,-9,50
7474,50,-92,-118,0,-5,-9,50
7475,51,-92,-118,0,-4,-9,50
7476,52,-92,-118,0,-4,-9,50
7477,53,-92,-118,0,-4,0,50
7478,54,-92,-118,0,-4,0,50
7479,55,-92,-118,0,-3,0,50
7480,56,-92,-118,0,-3,0,50
7481,57,-92,-118,0,-3,0,50
7482,58,-92,-118,0,-3,0,-80
7483,59,-92,-118,0,-2,0,-80
7484,60,-92,-118,0,-2,0,-80
7485,61,-92,-118,0,-2,0,-80
7486,62,-92,-118,0,-2,0,-80
7487,63,-92,-118,0,-2,0,-80
7488,64,-92,-118,0,-1,0,-190
7489,65,-92,-118,0,-1,0,-190
7490,66,-92,-118,0,-1,0,-190
7491,67,-92,32,150,-1,0,-70
7492,68,-92,32,0,-1,0,-70
7493,69,-92,32,0,-1,0,-70
7494,70,-92,32,0,-1,0,-180
7495,71,-92,32,0,-1,0,-180
7496,72,-92,32,0,0,0,-180
7497,73,-92,32,0,0,0,-180
7498,74,-92,32,0,0,0,-180
7499,75,-92,32,0,0,0,-180
7500,76,-92,32,0,0,0,-180
7501,77,-90,-200,-232,2,2,-212
7502,78,-83,0,200,9,9,75
7503,79,-83,0,0,8,9,75
7504,80,-83,0,0,8,9,75
7505,81,-83,0,0,7,9,75
7506,82,-83,0,0,7,9,75
7507,83,-83,0,0,7,9,75
7508,84,-83,0,0,6,9,75
7509,85,-83,0,0,6,7,75
7510,86,-83,0,0,6,0,75
7511,87,-83,0,0,5,0,75
7512,88,-83,0,0,5,0,75
7513,89,-83,0,0,5,0,75
7514,90,-83,0,0,5,0,75
7515,91,-83,0,0,4,0,75
7516,92,-83,0,0,4,0,-12
7517,93,-83,0,0,4,0,-12
7518,94,-83,0,0,4,0,-12
7519,95,-83,0,0,4,0,58
7520,96,-83,0,0,3,0,58
7521,97,-83,0,0,3,0,58
7522,98,-83,0,0,3,0,58
7523,99,-83,0,0,3,0,156
7524,100,-85,0,0,1,-2,156
7525,101,-85,-100,-100,1,-2,156
7526,102,-85,-100,0,1,-2,156
7527,103,-85,0,100,1,-2,156
7528,104,-85,0,0,1,-2,156
7529,105,-85,0,0,1,-2,156
7530,106,-85,0,0,1,-2,156
7531,107,-85,0,0,1,-2,106
7532,108,-85,0,0,1,0,-214
7533,109,-85,0,0,1,0,-344
7534,110,-85,0,0,1,0,-344
7535,111,-85,0,0,1,0,-344
7536,112,-88,0,0,-2,-3,-344
7537,113,-88,-100,-100,-2,-3,-344
7538,114,-88,-100,0,-2,-3,-344
7539,115,-88,-100,0,-2,-3,-344
7540,116,-88,-100,0,-1,-3,-344
7541,117,-88,-100,0,-1,-3,-344
7542,118,-88,-100,0,-1,-3,-344
7543,119,-88,-100,0,-1,-3,-344
7544,120,-88,-100,0,-1,0,-344
7545,121,-88,-100,0,-1,0,-344
7546,122,-88,-100,0,-1,0,-527
7547,123,-88,-100,0,-1,0,-527
7548,124,-88,0,100,0,0,-527
7549,125,-88,0,0,0,0,-527
7550,126,-88,0,0,0,0,-527
7551,127,-83,-100,-100,5,5,-527
7552,128,-83,-100,0,4,5,-527
7553,129,-83,-100,0,4,5,-527
7554,130,-83,-100,0,4,5,-527
7555,131,-83,-100,0,4,5,-527
7556,132,-83,-100,0,4,5,-527
7557,133,-83,-100,0,3,5,-527
7558,134,-83,-100,0,3,5,-527
7559,135,-83,-100,0,3,0,-527
7560,136,-83,-200,-100,3,0,-527
7561,137,-83,-100,100,3,0,-527
7562,138,-83,-100,0,3,0,-527
7563,139,-86,0,100,0,-3,-527
7564,140,-83,-100,-100,3,0,-527
7565,141,-90,70,170,-4,-7,-527
7566,142,-90,70,0,-4,-7,-527
7567,143,-90,20,-50,-4,-7,-527
7568,144,-90,20,0,-3,-7,-527
7569,145,-90,20,0,-3,-7,-527
7570,146,-90,20,0,-3,-7,-527
7571,147,-90,20,0,-3,-4,-527
7572,148,-90,20,0,-2,-7,-527
7573,149,-90,20,0,-2,0,-527
7574,150,-90,20,0,-2,0,-527
7575,151,-90,50,30,-2,0,-397
7576,152,-84,80,30,4,6,-247
7577,153,-84,80,0,4,6,-247
7578,154,-84,80,0,4,6,-247
7579,155,-84,80,0,4,6,-247
7580,156,-84,80,0,4,6,-247
7581,157,-84,80,0,3,6,-247
7582,158,-84,80,0,3,6,-247
7583,159,-84,80,0,3,6,-247
7584,160,-84,80,0,3,0,-247
7585,161,-84,80,0,3,0,-247
7586,162,-84,80,0,3,0,-247
7587,163,-84,80,0,3,0,-247
7588,164,-84,80,0,2,0,-247
7589,165,-84,80,0,2,0,-247
7590,166,-84,80,0,2,0,-247
7591,167,-84,80,0,2,0,-247
7592,168,-84,80,0,2,0,-247
7593,169,-84,80,0,2,0,-247
7594,170,-84,80,0,2,0,-247
7595,171,-84,80,0,2,0,-247
7596,172,-84,80,0,2,0,-247
7597,173,-84,80,0,2,0,-247
7598,174,-84,80,0,2,0,-247
7599,175,-84,80,0,2,0,-247
7600,176,-84,80,0,2,0,-247
7601,177,-84,80,0,2,0,-247
7602,178,-84,80,0,2,0,-247
7603,179,-84,80,0,1,0,-247
7604,180,-84,80,0,1,0,-247
7605,181,-84,80,0,1,0,-247
7606,182,-84,80,0,1,0,-247
7607,183,-84,80,0,1,0,-247
7608,184,-84,80,0,1,0,-247
7609,185,-84,80,0,1,0,-247
7610,186,-84,80,0,1,0,-247
7611,187,-84,80,0,1,0,-247
7612,188,-84,80,0,1,0,-247
7613,189,-84,80,0,1,0,-247
7614,190,-88,0,-80,-3,-4,-247
7615,191,-88,0,0,-2,-4,-247
7616,192,-88,0,0,-2,-4,-247
7617,193,-89,0,0,-3,-5,-247
7618,194,-89,0,0,-3,-5,-247
7619,195,-89,0,0,-2,-5,-247
7620,196,-89,0,0,-2,-5,-247
7621,197,-88,0,0,-1,-4,-247
7622,198,-88,0,0,-1,0,-247
7623,199,-88,0,0,-1,0,-307
7624,200,-89,0,0,-2,-1,-307
7625,201,-89,0,0,-2,0,-307
7626,202,-89,0,0,-1,0,-307
7627,203,-89,0,0,-1,0,-307
7628,204,-89,0,0,-1,0,-307
7629,205,-89,0,0,-1,-1,-307
7630,206,-89,0,0,-1,-1,-307
7631,207,-88,0,0,0,0,-307
7632,208,-88,0,0,0,1,-307
7633,209,-88,0,0,0,1,-307
7634,210,-84,80,80,4,5,-307
7635,211,-84,80,0,4,5,-307
7636,212,-84,80,0,4,5,-307
7637,213,-89,0,-80,-1,0,-307
7638,214,-89,0,0,-1,0,-307
7639,215,-84,80,80,4,4,-357
7640,216,-84,80,0,4,4,-357
7641,217,-84,80,0,4,4,-357
7642,218,-84,80,0,4,0,-357
7643,219,-84,80,0,3,0,-357
7644,220,-84,80,0,3,0,-357
7645,221,-84,80,0,3,5,-357
7646,222,-84,80,0,3,5,-357
7647,223,-84,80,0,3,0,-357
7648,224,-84,80,0,3,0,-357
7649,225,-84,80,0,3,0,-357
7650,226,-84,80,0,2,0,-357
7651,227,-84,80,0,2,0,-357
7652,228,-84,80,0,2,0,-357
7653,229,-84,80,0,2,0,-357
7654,230,-84,80,0,2,0,-357
7655,231,-84,80,0,2,0,-357
7656,232,-84,80,0,2,0,-357
7657,233,-84,80,0,2,0,-357
7658,234,-84,80,0,2,0,-357
7659,235,-84,80,0,2,0,-357
7660,236,-84,80,0,2,0,-357
7661,237,-84,80,0,2,0,-357
7662,238,-84,80,0,2,0,-357
7663,239,-84,80,0,2,0,-357
7664,240,-84,80,0,2,0,-357
7665,241,-84,80,0,1,0,-357
7666,242,-84,80,0,1,0,-357
7667,243,-84,80,0,1,0,-357
7668,244,-84,80,0,1,0,-357
7669,245,-84,80,0,1,0,-357
7670,246,-84,80,0,1,0,-357
7671,247,-84,80,0,1,0,-357
7672,248,-84,80,0,1,0,-357
7673,249,-84,80,0,1,0,-357
7674,250,-84,80,0,1,0,-357
7675,251,-84,80,0,1,0,-357
7676,252,-84,80,0,1,0,-357
7677,253,-84,80,0,1,0,-357
7678,254,-84,80,0,1,0,-357
7679,255,-84,80,0,1,0,-357
7680,0,-84,80,0,1,0,-357
7681,1,-84,80,0,1,0,-357
7682,2,-84,80,0,1,0,-357
7683,3,-84,80,0,1,0,-342
7684,4,-84,80,0,1,0,-610
7685,5,-84,80,0,1,0,-960
7686,6,-84,80,0,1,0,-885
7687,7,-84,80,0,1,0,-955
7688,8,-85,0,-80,0,-1,-955
7689,9,-86,0,0,-1,-2,-955
7690,10,-86,-100,-100,0,-2,-955
7691,11,-86,-200,-100,0,-2,-955
7692,12,-86,-300,-100,0,-2,-955
7693,13,-86,-300,0,0,-2,-955
7694,14,-86,-300,0,0,-2,-955
7695,15,-86,-300,0,0,-2,-955
7696,16,-86,-300,0,0,-1,-955
7697,17,-86,-300,0,0,0,-955
7698,18,-86,-300,0,0,0,-955
7699,19,-88,0,300,-2,-2,-955
7700,20,-88,-100,-100,-2,-2,-955
7701,21,-89,0,100,-3,-3,-955
7702,22,-89,0,0,-2,-3,-955
7703,23,-89,0,0,-2,-3,-955
7704,24,-89,0,0,-2,-3,-955
7705,25,-89,0,0,-2,-3,-1053
7706,26,-89,0,0,-2,-3,-1053
7707,27,-89,0,0,-1,-1,-1053
7708,28,-89,0,0,-1,-1,-1053
7709,29,-89,0,0,-1,0,-1053
7710,30,-89,0,0,-1,0,-1053
7711,31,-89,0,0,-1,0,-1053
7712,32,-89,0,0,-1,0,-1053
7713,33,-89,0,0,-1,0,-1053
7714,34,-89,0,0,-1,0,-933
7715,35,-89,0,0,0,0,-933
7716,36,-89,0,0,0,0,-933
7717,37,-89,0,0,0,0,-933
7718,38,-89,0,0,0,0,-933
7719,39,-89,0,0,0,0,-933
7720,40,-89,0,0,0,0,-1003
7721,41,-89,0,0,0,0,-1003
7722,42,-89,0,0,0,0,-1003
7723,43,-89,0,0,0,0,-1003
7724,44,-89,0,0,0,0,-1003
7725,45,-89,0,0,0,0,-1003
7726,46,-89,0,0,0,0,-1003
7727,47,-89,0,0,0,0,-1003
7728,48,-89,0,0,0,0,-1003
7729,49,-89,0,0,0,0,-1003
7730,50,-89,0,0,0,0,-1003
7731,51,-89,0,0,0,0,-1003
7732,52,-84,-20,-20,5,5,-1003
7733,53,-84,-20,0,5,5,-1003
7734,54,-84,-20,0,5,5,-1003
7735,55,-84,-20,0,5,5,-1003
7736,56,-84,-20,0,4,5,-1003
7737,57,-84,-20,0,4,5,-1003
7738,58,-84,-679,-659,4,5,-1003
7739,59,-93,0,679,-5,-4,-1003
7740,60,-93,0,0,-5,-9,-1003
7741,61,-93,0,0,-4,-9,-1003
7742,62,-94,0,0,-5,-10,-1003
7743,63,-94,15,15,-5,-10,-905
7744,64,-93,0,-15,-3,-9,-905
7745,65,-93,0,0,-3,-9,-905
7746,66,-93,0,0,-3,-9,-905
7747,67,-93,0,0,-3,0,-905
7748,68,-93,0,0,-2,0,-905
7749,69,-93,0,0,-2,0,-905
7750,70,-93,0,0,-2,1,-905
7751,71,-93,0,0,-2,1,-950
7752,72,-93,0,0,-2,0,-1085
7753,73,-94,0,0,-2,-1,-1085
7754,74,-94,0,0,-2,-1,-1085
7755,75,-94,0,0,-2,-1,-1085
7756,76,-94,-100,-100,-2,-1,-1085
7757,77,-94,-100,0,-2,-1,-1085
7758,78,-94,-100,0,-1,-1,-1085
7759,79,-94,0,100,-1,-1,-1085
7760,80,-94,0,0,-1,-1,-1085
7761,81,-94,0,0,-1,0,-1085
7762,82,-94,0,0,-1,0,-1000
7763,83,-94,0,0,-1,0,-985
7764,84,-94,0,0,-1,0,-985
7765,85,-94,0,0,-1,0,-1100
7766,86,-94,0,0,0,0,-1160
7767,87,-94,0,0,0,0,-1160
7768,88,-95,0,0,-1,-1,-1160
7769,89,-95,0,0,-1,-1,-1160
7770,90,-95,0,0,-1,-1,-975
7771,91,-95,0,0,-1,-1,-1010
7772,92,-95,0,0,-1,-1,-1010
7773,93,-95,0,0,-1,-1,-1000
7774,94,-95,0,0,-1,-1,-985
7775,95,-95,0,0,0,-1,-985
7776,96,-95,0,0,0,0,-900
7777,97,-96,0,0,-1,-1,-900
7778,98,-95,0,0,0,0,-900
7779,99,-95,0,0,0,0,-900
7780,100,-95,0,0,0,0,-900
7781,101,-97,0,0,-2,-2,-900
7782,102,-97,0,0,-2,-2,-900
7783,103,-97,0,0,-2,-2,-900
7784,104,-97,0,0,-1,-2,-900
7785,105,-97,0,0,-1,-1,-900
7786,106,-97,0,0,-1,-2,-900
7787,107,-97,0,0,-1,-2,-900
7788,108,-97,0,0,-1,-2,-900
7789,109,-98,0,0,-2,-1,-900
7790,110,-98,-100,-100,-2,-1,-900
7791,111,-98,-100,0,-1,-1,-900
7792,112,-98,-100,0,-1,-1,-900
7793,113,-98,-100,0,-1,-1,-900
7794,114,-99,0,100,-2,-2,-900
7795,115,-99,0,0,-2,-2,-900
7796,116,-99,0,0,-2,-2,-900
7797,117,-98,0,0,-1,0,-900
7798,118,-98,0,0,0,0,-900
7799,119,-99,0,0,-1,-1,-900
7800,120,-98,0,0,0,0,-900
7801,121,-98,0,0,0,0,-900
7802,122,-99,0,0,-1,0,-900
7803,123,-99,0,0,-1,0,-900
7804,124,-99,0,0,-1,0,-900
7805,125,-98,0,0,0,0,-900
7806,126,-98,0,0,0,0,-900
7807,127,-98,0,0,0,1,-900
7808,128,-98,0,0,0,0,-1015
7809,129,-98,0,0,0,0,-1015
7810,130,-98,0,0,0,1,-1100
7811,131,-98,0,0,0,1,-1115
7812,132,-99,0,0,-1,0,-1115
7813,133,-98,0,0,1,0,-1115
7814,134,-98,0,0,1,0,-1115
7815,135,-98,0,0,1,0,-1115
7816,136,-98,0,0,1,0,-1115
7817,137,-99,0,0,0,-1,-1115
7818,138,-99,0,0,0,-1,-1115
7819,139,-99,0,0,0,-1,-1200
7820,140,-99,0,0,0,0,-1140
7821,141,-99,0,0,0,-1,-1200
7822,142,-99,0,0,0,-1,-1200
7823,143,-99,0,0,0,-1,-1200
7824,144,-99,0,0,0,-1,-1200
7825,145,-99,0,0,0,0,-1140
7826,146,-99,0,0,0,0,-1200
7827,147,-100,0,0,-1,-1,-1200
7828,148,-100,0,0,-1,-1,-1200
7829,149,-100,0,0,-1,-1,-1140
7830,150,-103,25,25,-3,-4,-1140
7831,151,-103,25,0,-3,-4,-1140
7832,152,-103,25,0,-3,-4,-1140
7833,153,-100,0,-25,0,-1,-1140
7834,154,-100,0,0,0,-1,-1140
7835,155,-100,0,0,0,0,-1140
7836,156,-100,0,0,0,0,-1225
7837,157,-100,0,0,0,0,-1186
7838,158,-101,0,0,-1,2,-1186
7839,159,-101,-100,-100,0,2,-1186
7840,160,-101,-200,-100,0,2,-1186
7841,161,-101,-200,0,0,-1,-1186
7842,162,-101,-200,0,0,-1,-1186
7843,163,-101,-200,0,0,-1,-1186
7844,164,-101,-100,100,0,-1,-1186
7845,165,-101,-100,0,0,-1,-1186
7846,166,-101,-100,0,0,0,-1186
7847,167,-101,-100,0,0,0,-1186
7848,168,-101,-100,0,0,0,-1186
7849,169,-101,0,100,0,0,-1186
7850,170,-101,0,0,0,0,-1186
7851,171,-101,0,0,0,0,-1186
7852,172,-101,0,0,0,0,-1271
7853,173,-102,0,0,-1,-1,-1271
7854,174,-102,0,0,0,-1,-1271
7855,175,-101,0,0,1,0,-1271
7856,176,-101,0,0,1,0,-1271
7857,177,-102,0,0,0,-1,-1271
7858,178,-102,0,0,0,-1,-1271
7859,179,-103,0,0,-1,-2,-1271
7860,180,-103,0,0,-1,-2,-1271
7861,181,-103,0,0,-1,-1,-1271
7862,182,-103,0,0,-1,-1,-1271
7863,183,-103,0,0,-1,-2,-1271
7864,184,-103,10,10,-1,-2,-1161
7865,185,-103,10,0,-1,-1,-1161
7866,186,-103,10,0,0,-1,-1161
7867,187,-103,10,0,0,0,-1161
7868,188,-103,10,0,0,0,-1161
7869,189,-104,-4900,-4910,-1,-1,-1161
7870,190,-104,-4900,0,-1,-1,-1161
7871,191,-104,-4900,0,-1,-1,-1161
7872,192,-106,0,4900,-3,-3,-1161
7873,193,-106,-100,-100,-3,-3,-1161
7874,194,-106,-190,-90,-2,-3,-1161
7875,195,-106,-190,0,-2,-3,-1161
7876,196,-106,-90,100,-2,-3,-1161
7877,197,-106,10,100,-2,-2,-1161
7878,198,-106,10,0,-2,-2,-1161
7879,199,-106,10,0,-1,-2,-1161
7880,200,-106,10,0,-1,0,-1161
7881,201,-106,10,0,-1,0,-1161
7882,202,-106,10,0,-1,0,-1161
7883,203,-106,10,0,-1,0,-1161
7884,204,-106,10,0,-1,0,-1161
7885,205,-106,10,0,-1,0,-1161
7886,206,-106,10,0,-1,0,-1161
7887,207,-106,10,0,0,0,-1161
7888,208,-106,10,0,0,0,-1161
7889,209,-107,10,0,-1,-1,-1161
7890,210,-107,10,0,-1,-1,-1161
7891,211,-107,10,0,-1,-1,-1161
7892,212,-107,10,0,-1,-1,-1161
7893,213,-107,10,0,-1,-1,-1161
7894,214,-107,10,0,-1,-1,-1161
7895,215,-107,10,0,-1,-1,-1161
7896,216,-107,10,0,0,-1,-1161
7897,217,-107,10,0,0,0,-1161
7898,218,-107,10,0,0,0,-1161
7899,219,-107,10,0,0,0,-1161
7900,220,-107,10,0,0,0,-1161
7901,221,-107,10,0,0,0,-1161
7902,222,-107,10,0,0,0,-1161
7903,223,-107,10,0,0,0,-1161
7904,224,-107,10,0,0,0,-1161
7905,225,-107,10,0,0,0,-1161
7906,226,-107,10,0,0,0,-1161
7907,227,-107,10,0,0,0,-1161
7908,228,-107,10,0,0,0,-1161
7909,229,-107,10,0,0,0,-1161
7910,230,-107,10,0,0,0,-1161
7911,231,-84,-679,-689,23,23,-971
7912,232,-84,-679,0,22,23,-971
7913,233,-84,-679,0,21,23,-971
7914,234,-84,-679,0,19,23,-971
7915,235,-84,-679,0,18,23,-971
7916,236,-84,-679,0,17,23,-971
7917,237,-84,-679,0,16,23,-971
7918,238,-84,-679,0,15,23,-971
7919,239,-84,-679,0,14,0,-971
7920,240,-84,-679,0,14,0,-971
7921,241,-84,-679,0,13,0,-971
7922,242,-84,-679,0,12,0,-971
7923,243,-84,-679,0,11,0,-971
7924,244,-84,-679,0,11,0,-971
7925,245,-89,0,679,5,-5,-971
7926,246,-89,-100,-100,5,-5,-971
7927,247,-89,-200,-100,5,-5,-971
7928,248,-89,-200,0,4,-5,-971
7929,249,-89,-200,0,4,-5,-971
7930,250,-89,-200,0,4,-5,-971
7931,251,-89,-200,0,4,-5,-971
7932,252,-89,-100,100,4,-5,-971
7933,253,-89,-100,0,3,0,-971
7934,254,-94,0,100,-2,-5,-971
7935,255,-94,-100,-100,-2,-5,-971
7936,0,-94,-200,-100,-1,-5,-971
7937,1,-94,-200,0,-1,-5,-971
7938,2,-94,-200,0,-1,-5,-971
7939,3,-94,-100,100,-1,-5,-971
7940,4,-94,0,100,-1,-5,-971
7941,5,-84,-579,-579,9,5,-971
7942,6,-84,-579,0,9,10,-971
7943,7,-84,-579,0,8,10,-971
7944,8,-84,-679,-100,8,10,-971
7945,9,-84,-679,0,7,10,-971
7946,10,-84,-679,0,7,10,-971
7947,11,-84,-679,0,7,10,-971
7948,12,-84,-679,0,6,10,-971
7949,13,-84,-679,0,6,0,-971
7950,14,-84,-679,0,6,0,-971
7951,15,-84,-679,0,5,0,-971
7952,16,-84,-679,0,5,0,-971
7953,17,-84,-679,0,5,0,-971
7954,18,-84,-679,0,5,0,-971
7955,19,-90,0,679,-2,-6,-971
7956,20,-90,-100,-100,-2,-6,-971
7957,21,-90,-100,0,-1,-6,-971
7958,22,-90,-200,-100,-1,-6,-971
7959,23,-90,-200,0,-1,-6,-971
7960,24,-90,-100,100,-1,-6,-971
7961,25,-90,0,100,-1,-6,-971
7962,26,-84,-679,-679,5,0,-971
7963,27,-84,-679,0,5,6,-1046
7964,28,-84,-679,0,5,6,-1046
7965,29,-84,-679,0,4,6,-1046
7966,30,-84,-679,0,4,6,-1046
7967,31,-84,-679,0,4,6,-1046
7968,32,-84,-679,0,4,6,-981
7969,33,-84,-679,0,4,6,-1046
7970,34,-84,-679,0,3,0,-1046
7971,35,-84,-679,0,3,0,-1046
7972,36,-84,-679,0,3,0,-1046
7973,37,-84,-679,0,3,0,-1046
7974,38,-108,0,679,-21,-24,-1046
7975,39,-108,0,0,-20,-24,-1046
7976,40,-108,0,0,-18,-24,-1046
7977,41,-108,0,0,-17,-24,-981
7978,42,-108,0,0,-16,-24,-1046
7979,43,-108,0,0,-15,-24,-1046
7980,44,-108,0,0,-14,-24,-1046
7981,45,-108,0,0,-13,-24,-1046
7982,46,-108,0,0,-12,0,-1046
7983,47,-108,0,0,-11,0,-1046
7984,48,-108,0,0,-11,0,-1046
7985,49,-108,0,0,-10,0,-1046
7986,50,-108,0,0,-9,0,-1046
7987,51,-108,0,0,-9,0,-1046
7988,52,-108,0,0,-8,0,-1046
7989,53,-108,44,44,-7,0,-956
7990,54,-108,44,0,-7,0,-956
7991,55,-108,44,0,-6,0,-956
7992,56,-108,44,0,-6,0,-956
7993,57,-108,44,0,-6,0,-1066
7994,58,-109,0,-44,-6,-1,-1066
7995,59,-108,44,44,-5,0,-1066
7996,60,-108,44,0,-4,0,-1066
7997,61,-108,44,0,-4,0,-1066
7998,62,-108,44,0,-4,0,-1066
7999,63,-108,44,0,-3,0,-1066
8000,64,-108,44,0,-3,0,-1066
8001,65,-112,0,-44,-7,-4,-1066
8002,66,-112,0,0,-6,-3,-1066
8003,67,-112,0,0,-6,-4,-991
8004,68,-112,0,0,-6,-4,-1181
8005,69,-112,0,0,-5,-4,-1181
8006,70,-112,0,0,-5,-4,-1181
8007,71,-112,0,0,-4,-4,-1181
8008,72,-112,0,0,-4,-4,-1181
8009,73,-112,0,0,-4,0,-1181
8010,74,-112,0,0,-3,0,-1181
8011,75,-112,0,0,-3,0,-1181
8012,76,-112,0,0,-3,0,-1181
8013,77,-112,0,0,-3,0,-1181
8014,78,-112,0,0,-2,0,-1181
8015,79,-112,0,0,-2,0,-1181
8016,80,-112,0,0,-2,0,-1181
8017,81,-112,0,0,-2,0,-1181
8018,82,-112,0,0,-2,0,-1181
8019,83,-112,0,0,-2,0,-1082
8020,84,-112,0,0,-1,0,-1082
8021,85,-114,0,0,-3,-2,-1082
8022,86,-114,-100,-100,-3,-2,-1082
8023,87,-114,-100,0,-3,-2,-1082
8024,88,-114,-100,0,-3,-2,-1082
8025,89,-114,-100,0,-2,-2,-1082
8026,90,-114,-100,0,-2,-2,-1082
8027,91,-114,-100,0,-2,-2,-1082
8028,92,-114,-100,0,-2,-2,-1082
8029,93,-116,0,100,-4,-2,-1082
8030,94,-116,-100,-100,-3,-2,-1082
8031,95,-116,-100,0,-3,-2,-1082
8032,96,-116,-100,0,-3,-2,-1082
8033,97,-116,-100,0,-3,-2,-1082
8034,98,-116,-100,0,-2,-2,-1082
8035,99,-116,0,100,-2,-2,-1082
8036,100,-116,0,0,-2,-2,-1082
8037,101,-116,0,0,-2,0,-1082
8038,102,-116,0,0,-2,0,-1082
8039,103,-112,0,0,3,4,-1082
8040,104,-112,0,0,2,4,-1082
8041,105,-112,0,0,2,4,-1082
8042,106,-112,0,0,2,4,-1172
8043,107,-112,0,0,2,4,-1172
8044,108,-112,0,0,2,4,-1172
8045,109,-112,0,0,2,4,-1172
8046,110,-112,0,0,2,4,-1172
8047,111,-113,0,0,1,-1,-1172
8048,112,-113,0,0,1,-1,-1172
8049,113,-113,0,0,1,-1,-1172
8050,114,-113,0,0,1,-1,-1172
8051,115,-113,0,0,1,-1,-1182
8052,116,-115,0,0,-1,-3,-1182
8053,117,-115,-100,-100,-1,-3,-1182
8054,118,-115,-100,0,-1,-3,-1182
8055,119,-115,-100,0,-1,-2,-1182
8056,120,-115,-100,0,-1,-2,-1182
8057,121,-115,-100,0,0,-2,-1182
8058,122,-115,-100,0,0,-2,-1182
8059,123,-115,-100,0,0,-2,-1182
8060,124,-115,-100,0,0,0,-1182
8061,125,-115,-100,0,0,0,-1182
8062,126,-115,-100,0,0,0,-1182
8063,127,-115,0,100,0,0,-1182
8064,128,-115,0,0,0,0,-1182
8065,129,-115,0,0,0,0,-1182
8066,130,-113,0,0,2,2,-1182
8067,131,-113,0,0,2,2,-1182
8068,132,-113,0,0,2,2,-1182
8069,133,-113,0,0,2,2,-1222
8070,134,-113,0,0,2,2,-1222
8071,135,-113,0,0,2,2,-1222
8072,136,-113,0,0,2,2,-1222
8073,137,-113,0,0,2,2,-1222
8074,138,-114,0,0,1,-1,-1222
8075,139,-114,0,0,1,-1,-1222
8076,140,-114,0,0,1,-1,-1222
8077,141,-114,0,0,1,-1,-1222
8078,142,-114,0,0,1,-1,-1222
8079,143,-114,-100,-100,1,-1,-1222
8080,144,-114,-100,0,1,-1,-1222
8081,145,-114,-100,0,1,-1,-1222
8082,146,-114,-100,0,1,0,-1182
8083,147,-115,0,100,0,-1,-1182
8084,148,-115,-100,-100,0,-1,-1182
8085,149,-115,-100,0,0,-1,-1182
8086,150,-115,0,100,0,-1,-1182
8087,151,-115,0,0,0,-1,-1182
8088,152,-115,0,0,0,-1,-1182
8089,153,-115,-100,-100,0,-1,-1182
8090,154,-115,0,100,0,-1,-1182
8091,155,-115,0,0,0,0,-1182
8092,156,-115,0,0,0,0,-1132
8093,157,-115,0,0,0,0,-1132
8094,158,-115,0,0,0,0,-1226
8095,159,-115,0,0,0,0,-1176
8096,160,-115,0,0,0,0,-1176
8097,161,-115,0,0,0,0,-1176
8098,162,-115,0,0,0,0,-1176
8099,163,-113,0,0,2,2,-976
8100,164,-113,0,0,2,2,-976
8101,165,-113,0,0,2,2,-976
8102,166,-113,0,0,2,2,-976
8103,167,-113,0,0,2,2,-976
8104,168,-113,0,0,2,2,-976
8105,169,-113,0,0,2,2,-976
8106,170,-113,0,0,2,2,-976
8107,171,-113,0,0,2,0,-976
8108,172,-113,0,0,2,0,-976
8109,173,-113,0,0,2,0,-976
8110,174,-108,44,44,7,5,-851
8111,175,-108,44,0,6,5,-851
8112,176,-108,44,0,6,5,-851
8113,177,-108,44,0,6,5,-851
8114,178,-108,44,0,5,5,-851
8115,179,-108,44,0,5,5,-851
8116,180,-108,44,0,5,5,-851
8117,181,-108,44,0,5,5,-851
8118,182,-108,44,0,4,0,-851
8119,183,-108,44,0,4,0,-851
8120,184,-108,44,0,4,0,-851
8121,185,-108,44,0,4,0,-851
8122,186,-108,44,0,4,0,-851
8123,187,-108,44,0,3,0,-851
8124,188,-110,0,-44,1,-2,-851
8125,189,-110,-100,-100,1,-2,-851
8126,190,-110,-100,0,1,-2,-851
8127,191,-110,-100,0,1,-2,-851
8128,192,-110,-100,0,1,-2,-851
8129,193,-110,-100,0,1,-2,-851
8130,194,-110,0,100,1,-2,-851
8131,195,-108,44,44,3,0,-851
8132,196,-108,44,0,3,2,-851
8133,197,-108,44,0,3,2,-851
8134,198,-108,44,0,3,2,-851
8135,199,-108,44,0,3,2,-851
8136,200,-108,44,0,3,2,-851
8137,201,-108,44,0,3,2,-851
8138,202,-108,44,0,2,2,-851
8139,203,-108,44,0,2,0,-851
8140,204,-108,44,0,2,0,-851
8141,205,-108,44,0,2,0,-851
8142,206,-108,44,0,2,0,-851
8143,207,-108,44,0,2,0,-851
8144,208,-108,44,0,2,0,-851
8145,209,-108,44,0,2,0,-851
8146,210,-108,44,0,2,0,-851
8147,211,-108,44,0,2,0,-851
8148,212,-108,44,0,2,0,-851
8149,213,-108,44,0,2,0,-851
8150,214,-108,44,0,2,0,-851
8151,215,-108,44,0,2,0,-851
8152,216,-108,44,0,2,0,-851
8153,217,-108,44,0,1,0,-851
8154,218,-108,44,0,1,0,-851
8155,219,-108,44,0,1,0,-851
8156,220,-108,44,0,1,0,-851
8157,221,-108,44,0,1,0,-851
8158,222,-108,44,0,1,0,-851
8159,223,-108,-56,-100,1,0,-851
8160,224,-108,-56,0,1,0,-851
8161,225,-108,-56,0,1,0,-851
8162,226,-108,44,100,1,0,-851
8163,227,-108,44,0,1,0,-851
8164,228,-108,44,0,1,0,-851
8165,229,-108,44,0,1,0,-851
8166,230,-108,44,0,1,0,-851
8167,231,-108,44,0,1,0,-851
8168,232,-108,44,0,1,0,-851
8169,233,-108,44,0,1,0,-851
8170,234,-108,44,0,1,0,-851
8171,235,-108,44,0,1,0,-851
8172,236,-108,44,0,1,0,-851
8173,237,-108,44,0,1,0,-851
8174,238,-108,44,0,1,0,-851
8175,239,-108,44,0,1,0,-851
8176,240,-108,44,0,1,0,-851
8177,241,-108,44,0,1,0,-851
8178,242,-108,44,0,1,0,-851
8179,243,-108,44,0,1,0,-851
8180,244,-108,44,0,1,0,-851
8181,245,-108,44,0,1,0,-851
8182,246,-108,44,0,1,0,-851
8183,247,-108,44,0,1,0,-851
8184,248,-115,0,-44,-6,-7,-851
8185,249,-115,0,0,-5,-7,-851
8186,250,-115,0,0,-5,-7,-851
8187,251,-115,0,0,-4,-7,-851
8188,252,-115,0,0,-4,-7,-851
8189,253,-108,44,44,3,0,-851
8190,254,-108,-56,-100,3,0,-851
8191,255,-108,-56,0,3,0,-851
8192,0,-108,-56,0,3,7,-851
8193,1,-108,-56,0,3,7,-851
8194,2,-108,-56,0,3,7,-851
8195,3,-111,0,56,-1,4,-851
8196,4,-111,-100,-100,0,4,-851
8197,5,-111,-100,0,0,-3,-851
8198,6,-111,-100,0,0,-3,-851
8199,7,-111,-100,0,0,-3,-851
8200,8,-111,-100,0,0,-3,-851
8201,9,-115,0,100,-4,-7,-851
8202,10,-115,0,0,-4,-7,-851
8203,11,-111,-100,-100,0,0,-851
8204,12,-111,-100,0,0,0,-851
8205,13,-111,-100,0,0,0,-851
8206,14,-111,-100,0,0,0,-851
8207,15,-111,0,100,0,0,-851
8208,16,-111,0,0,0,0,-851
8209,17,-111,0,0,0,4,-851
8210,18,-108,44,44,3,7,-851
8211,19,-108,44,0,3,3,-851
8212,20,-108,44,0,3,3,-851
8213,21,-108,44,0,3,3,-851
8214,22,-108,44,0,3,3,-851
8215,23,-108,44,0,3,3,-851
8216,24,-108,44,0,3,3,-851
8217,25,-108,44,0,3,3,-851
8218,26,-108,-56,-100,2,0,-851
8219,27,-108,-56,0,2,0,-851
8220,28,-108,-56,0,2,0,-851
8221,29,-108,-56,0,2,0,-851
8222,30,-108,-56,0,2,0,-851
8223,31,-108,-56,0,2,0,-851
8224,32,-108,-56,0,2,0,-851
8225,33,-108,-56,0,2,0,-851
8226,34,-108,-56,0,2,0,-851
8227,35,-110,0,56,0,-2,-851
8228,36,-110,-100,-100,0,-2,-851
8229,37,-110,-100,0,0,-2,-851
8230,38,-110,-200,-100,0,-2,-851
8231,39,-110,-200,0,0,-2,-851
8232,40,-110,-200,0,0,-2,-851
8233,41,-110,-200,0,0,-2,-851
8234,42,-110,-100,100,0,-2,-851
8235,43,-110,0,100,0,0,-851
8236,44,-108,44,44,2,2,-851
8237,45,-108,44,0,2,2,-851
8238,46,-108,44,0,2,2,-851
8239,47,-110,0,-44,0,0,-851
8240,48,-110,-100,-100,0,0,-851
8241,49,-110,-100,0,0,0,-851
8242,50,-110,-200,-100,0,0,-851
8243,51,-110,-200,0,0,0,-851
8244,52,-110,-100,100,0,-2,-851
8245,53,-110,0,100,0,-2,-851
8246,54,-108,44,44,2,0,-851
8247,55,-108,44,0,2,2,-870
8248,56,-108,44,0,2,2,-870
8249,57,-108,44,0,2,2,-870
8250,58,-108,44,0,2,2,-870
8251,59,-108,44,0,2,2,-870
8252,60,-108,44,0,2,2,-820
8253,61,-108,44,0,2,2,-820
8254,62,-108,44,0,2,0,-820
8255,63,-108,-56,-100,2,0,-820
8256,64,-108,-56,0,2,0,-820
8257,65,-108,-56,0,2,0,-820
8258,66,-108,-56,0,2,0,-820
8259,67,-108,-56,0,2,0,-820
8260,68,-108,-56,0,2,0,-820
8261,69,-108,-56,0,1,0,-820
8262,70,-108,-56,0,1,0,-820
8263,71,-108,-56,0,1,0,-820
8264,72,-108,-56,0,1,0,-820
8265,73,-108,-56,0,1,0,-820
8266,74,-108,-56,0,1,0,-820
8267,75,-108,-56,0,1,0,-820
8268,76,-108,-56,0,1,0,-820
8269,77,-108,-56,0,1,0,-820
8270,78,-108,-56,0,1,0,-820
8271,79,-108,-56,0,1,0,-820
8272,80,-108,-56,0,1,0,-820
8273,81,-108,-56,0,1,0,-820
8274,82,-108,-56,0,1,0,-820
8275,83,-108,-56,0,1,0,-820
8276,84,-108,-56,0,1,0,-820
8277,85,-108,44,100,1,0,-820
8278,86,-108,44,0,1,0,-820
8279,87,-108,44,0,1,0,-1020
8280,88,-108,44,0,1,0,-936
8281,89,-108,44,0,1,0,-916
8282,90,-110,0,-44,-1,-2,-916
8283,91,-110,-100,-100,0,-2,-916
8284,92,-110,-200,-100,0,-2,-916
8285,93,-110,-300,-100,0,-2,-916
8286,94,-110,-300,0,0,-2,-916
8287,95,-110,-300,0,0,-2,-916
8288,96,-110,-300,0,0,-2,-916
8289,97,-110,-300,0,0,-2,-916
8290,98,-110,-300,0,0,0,-916
8291,99,-110,-300,0,0,0,-916
8292,100,-110,-300,0,0,0,-916
8293,101,-110,-300,0,0,0,-916
8294,102,-110,-300,0,0,0,-916
8295,103,-110,-300,0,0,0,-916
8296,104,-110,-200,100,0,0,-916
8297,105,-110,-100,100,0,0,-916
8298,106,-110,-100,0,0,0,-916
8299,107,-110,-100,0,0,0,-916
8300,108,-110,0,100,0,0,-916
8301,109,-108,44,44,2,2,-916
8302,110,-108,44,0,2,2,-916
8303,111,-108,44,0,2,2,-916
8304,112,-108,44,0,2,2,-916
8305,113,-108,44,0,2,2,-916
8306,114,-108,44,0,2,2,-916
8307,115,-108,44,0,2,2,-916
8308,116,-108,44,0,2,2,-916
8309,117,-108,44,0,2,0,-916
8310,118,-108,44,0,2,0,-916
8311,119,-108,44,0,2,0,-916
8312,120,-108,44,0,2,0,-916
8313,121,-108,44,0,2,0,-916
8314,122,-108,44,0,2,0,-916
8315,123,-104,0,-44,6,4,-810
8316,124,-104,0,0,5,4,-810
8317,125,-104,0,0,5,4,-810
8318,126,-104,0,0,5,4,-810
8319,127,-104,0,0,4,4,-810
8320,128,-93,75,75,15,15,-810
8321,129,-93,75,0,14,15,-810
8322,130,-93,75,0,14,15,-810
8323,131,-93,75,0,13,11,-810
8324,132,-93,-25,-100,12,11,-810
8325,133,-93,-25,0,11,11,-810
8326,134,-93,-25,0,11,11,-810
8327,135,-93,-25,0,10,11,-810
8328,136,-93,-25,0,9,0,-810
8329,137,-93,-25,0,9,0,-810
8330,138,-93,-25,0,8,0,-810
8331,139,-93,-25,0,8,0,-810
8332,140,-93,-25,0,8,0,-810
8333,141,-93,-25,0,7,0,-810
8334,142,-93,-25,0,7,0,-810
8335,143,-93,-25,0,6,0,-810
8336,144,-93,-25,0,6,0,-810
8337,145,-93,-25,0,6,0,-810
8338,146,-93,-25,0,5,0,-810
8339,147,-93,-25,0,5,0,-810
8340,148,-93,-25,0,5,0,-810
8341,149,-93,-25,0,5,0,-810
8342,150,-93,-25,0,4,0,-810
8343,151,-93,-25,0,4,0,-810
8344,152,-93,-25,0,4,0,-810
8345,153,-93,-25,0,4,0,-810
8346,154,-93,-25,0,4,0,-810
8347,155,-93,-25,0,3,0,-810
8348,156,-93,-25,0,3,0,-810
8349,157,-93,-25,0,3,0,-810
8350,158,-93,-25,0,3,0,-810
8351,159,-93,-25,0,3,0,-810
8352,160,-93,-25,0,3,0,-810
8353,161,-93,-25,0,3,0,-810
8354,162,-93,-25,0,3,0,-810
8355,163,-93,-25,0,2,0,-810
8356,164,-93,-25,0,2,0,-810
8357,165,-93,-25,0,2,0,-810
8358,166,-93,-25,0,2,0,-810
8359,167,-93,-25,0,2,0,-810
8360,168,-93,-25,0,2,0,-810
8361,169,-93,-25,0,2,0,-860
8362,170,-95,0,25,0,-2,-860
8363,171,-95,-100,-100,0,-2,-860
8364,172,-95,-100,0,0,-2,-860
8365,173,-95,-100,0,0,-2,-860
8366,174,-95,-100,0,0,-2,-910
8367,175,-95,-100,0,0,-2,-910
8368,176,-97,0,100,-2,-4,-910
8369,177,-97,-100,-100,-1,-4,-910
8370,178,-97,-100,0,-1,-2,-910
8371,179,-97,-100,0,-1,-2,-910
8372,180,-97,-100,0,-1,-2,-910
8373,181,-97,-100,0,-1,-2,-910
8374,182,-97,0,100,-1,-2,-910
8375,183,-97,0,0,-1,-2,-910
8376,184,-97,0,0,-1,0,-910
8377,185,-97,0,0,0,0,-910
8378,186,-93,-25,-25,4,4,-910
8379,187,-93,-25,0,3,4,-910
8380,188,-93,-25,0,3,4,-910
8381,189,-93,-25,0,3,4,-910
8382,190,-93,-25,0,3,4,-910
8383,191,-93,-25,0,3,4,-910
8384,192,-93,-25,0,3,4,-910
8385,193,-93,-25,0,3,4,-910
8386,194,-93,75,100,3,0,-910
8387,195,-93,75,0,2,0,-910
8388,196,-93,75,0,2,0,-910
8389,197,-93,75,0,2,0,-910
8390,198,-93,75,0,2,0,-910
8391,199,-93,75,0,2,0,-910
8392,200,-93,75,0,2,0,-910
8393,201,-93,-25,-100,2,0,-910
8394,202,-93,-25,0,2,0,-910
8395,203,-93,-25,0,2,0,-910
8396,204,-93,-25,0,2,0,-910
8397,205,-93,-25,0,2,0,-910
8398,206,-93,-25,0,2,0,-910
8399,207,-93,-25,0,2,0,-910
8400,208,-93,-25,0,2,0,-910
8401,209,-93,-25,0,2,0,-910
8402,210,-93,-25,0,1,0,-910
8403,211,-93,-25,0,1,0,-910
8404,212,-93,-25,0,1,0,-910
8405,213,-93,-25,0,1,0,-1060
8406,214,-93,-25,0,1,0,-1060
8407,215,-93,-25,0,1,0,-1060
8408,216,-93,-25,0,1,0,-1060
8409,217,-93,-25,0,1,0,-1060
8410,218,-93,-25,0,1,0,-1060
8411,219,-93,-25,0,1,0,-1060
8412,220,-93,-25,0,1,0,-1060
8413,221,-93,-25,0,1,0,-1210
8414,222,-93,-25,0,1,0,-1310
8415,223,-93,-25,0,1,0,-1310
8416,224,-93,-25,0,1,0,-1410
8417,225,-93,-25,0,1,0,-1360
8418,226,-93,-25,0,1,0,-1440
8419,227,-93,-25,0,1,0,-1400
8420,228,-93,-25,0,1,0,-1102
8421,229,-93,-25,0,1,0,-1091
8422,230,-93,-25,0,1,0,-2011
8423,231,-93,-25,0,1,0,-2068
8424,232,-93,-25,0,1,0,-4468
8425,233,-93,-25,0,1,0,-4383
8426,234,-93,-25,0,1,0,-4358
8427,235,-93,-25,0,1,0,-4338
8428,236,-93,-25,0,1,0,-5788
8429,237,-95,0,25,-1,-2,-5788
8430,238,-95,-100,-100,0,-2,-5788
8431,239,-96,0,100,-1,-3,-5788
8432,240,-96,-100,-100,-1,-3,-5788
8433,241,-97,0,100,-2,-4,-5788
8434,242,-97,-100,-100,-2,-4,-5788
8435,243,-97,-200,-100,-2,-4,-5788
8436,244,-99,0,200,-4,-6,-5788
8437,245,-99,-100,-100,-3,-4,-5788
8438,246,-99,-200,-100,-3,-4,-5788
8439,247,-99,-200,0,-3,-3,-5788
8440,248,-99,-300,-100,-3,-3,-5788
8441,249,-99,-300,0,-2,-2,-5788
8442,250,-99,-400,-100,-2,-2,-5788
8443,251,-99,-500,-100,-2,-2,-5788
8444,252,-99,-600,-100,-2,0,-5788
8445,253,-99,-600,0,-2,0,-5788
8446,254,-99,-600,0,-1,0,-5838
8447,255,-99,-600,0,-1,0,-5838
8448,0,-103,0,600,-5,-4,-5838
8449,1,-103,-100,-100,-5,-4,-5838
8450,2,-103,-100,0,-4,-4,-5838
8451,3,-103,-200,-100,-4,-4,-5838
8452,4,-103,-200,0,-4,-4,-5838
8453,5,-107,0,200,-7,-8,-5838
8454,6,-107,0,0,-7,-8,-5838
8455,7,-107,0,0,-6,-8,-5838
8456,8,-107,0,0,-6,-4,-5838
8457,9,-107,0,0,-6,-4,-5838
8458,10,-107,0,0,-5,-4,-5838
8459,11,-107,0,0,-5,-4,-5838
8460,12,-107,0,0,-4,-4,-5838
8461,13,-107,0,0,-4,0,-5838
8462,14,-107,0,0,-4,0,-5838
8463,15,-107,0,0,-3,0,-5838
8464,16,-107,0,0,-3,0,-5838
8465,17,-107,0,0,-3,0,-5838
8466,18,-107,0,0,-3,0,-5838
8467,19,-104,-200,-200,1,3,-5538
8468,20,-104,-200,0,1,3,-5538
8469,21,-104,-200,0,1,3,-5538
8470,22,-104,-200,0,1,3,-5538
8471,23,-104,-200,0,1,3,-5538
8472,24,-104,-200,0,1,3,-5538
8473,25,-108,0,200,-3,-1,-5538
8474,26,-108,-100,-100,-3,-1,-5538
8475,27,-108,-100,0,-3,-4,-5538
8476,28,-108,-100,0,-3,-4,-5538
8477,29,-108,-100,0,-2,-4,-5538
8478,30,-108,-100,0,-2,-4,-5438
8479,31,-111,0,100,-5,-7,-5438
8480,32,-111,-100,-100,-5,-7,-5438
8481,33,-111,-200,-100,-4,-3,-5438
8482,34,-111,-200,0,-4,-3,-5438
8483,35,-111,-200,0,-4,-3,-5438
8484,36,-111,-100,100,-3,-3,-5438
8485,37,-111,-100,0,-3,-3,-5438
8486,38,-111,0,100,-3,-3,-5438
8487,39,-111,0,0,-3,0,-5438
8488,40,-111,0,0,-2,0,-5438
8489,41,-111,0,0,-2,0,-5438
8490,42,-111,0,0,-2,0,-5438
8491,43,-111,0,0,-2,0,-5438
8492,44,-111,0,0,-2,0,-5438
8493,45,-111,0,0,-1,0,-5438
8494,46,-111,0,0,-1,0,-5438
8495,47,-111,0,0,-1,0,-5438
8496,48,-111,0,0,-1,0,-5438
8497,49,-108,0,0,2,3,-5438
8498,50,-108,0,0,2,3,-5438
8499,51,-108,0,0,2,3,-5438
8500,52,-108,0,0,2,3,-5438
8501,53,-108,0,0,2,3,-5438
8502,54,-108,0,0,2,3,-5438
8503,55,-108,0,0,2,3,-5438
8504,56,-103,75,75,7,8,-5438
8505,57,-103,75,0,6,5,-5389
8506,58,-106,-200,-275,3,2,-5389
8507,59,-106,-200,0,3,2,-5389
8508,60,-106,-200,0,3,2,-5389
8509,61,-111,-200,0,-2,-3,-5389
8510,62,-111,-200,0,-2,-3,-5389
8511,63,-111,-200,0,-2,-3,-5389
8512,64,-111,-200,0,-2,-8,-5471
8513,65,-116,-200,0,-7,-13,-5471
8514,66,-116,-200,0,-6,-10,-5471
8515,67,-116,-200,0,-6,-10,-5471
8516,68,-116,-200,0,-5,-10,-5467
8517,69,-116,-200,0,-5,-5,-5476
8518,70,-116,-200,0,-5,-5,-5571
8519,71,-118,0,200,-6,-7,-5571
8520,72,-118,-100,-100,-6,-7,-5571
8521,73,-118,-400,-300,-5,-2,-5571
8522,74,-118,-400,0,-5,-2,-5571
8523,75,-118,-400,0,-5,-2,-5571
8524,76,-118,-300,100,-4,-2,-5571
8525,77,-118,-200,100,-4,-2,-5571
8526,78,-118,-200,0,-4,-2,-4671
8527,79,-120,0,200,-5,-2,-4671
8528,80,-120,-100,-100,-5,-2,-4671
8529,81,-120,-100,0,-5,-2,-4671
8530,82,-120,-100,0,-4,-2,-4671
8531,83,-120,-100,0,-4,-2,-4671
8532,84,-120,0,100,-4,-2,-4671
8533,85,-119,-200,-200,-2,-1,-4671
8534,86,-119,-200,0,-2,-1,-4770
8535,87,-121,0,200,-4,-1,-4770
8536,88,-121,-100,-100,-4,-1,-4770
8537,89,-121,-100,0,-3,-1,-4770
8538,90,-121,0,100,-3,-1,-4770
8539,91,-119,-200,-200,-1,1,-4770
8540,92,-120,-200,0,-2,0,-4770
8541,93,-120,-200,0,-1,-1,-4770
8542,94,-120,-200,0,-1,-1,-4770
8543,95,-120,-100,100,-1,1,-2170
8544,96,-120,-100,0,-1,1,-2170
8545,97,-120,-100,0,-1,1,-2170
8546,98,-120,-100,0,-1,1,-2170
8547,99,-120,-100,0,-1,-1,-2170
8548,100,-120,0,100,-1,0,-2055
8549,101,-120,0,0,0,0,-2055
8550,102,-120,0,0,0,0,-2055
8551,103,-103,-25,-25,17,17,-1930
8552,104,-103,-25,0,16,17,-1930
8553,105,-103,-25,0,15,17,-1930
8554,106,-103,-25,0,14,17,-1930
8555,107,-103,-25,0,13,17,-1930
8556,108,-103,-25,0,12,17,-1930
8557,109,-103,-25,0,12,17,-1930
8558,110,-103,-25,0,11,17,-1930
8559,111,-103,-25,0,10,0,-1930
8560,112,-103,-25,0,10,0,-1930
8561,113,-103,-25,0,9,0,-1930
8562,114,-103,-25,0,9,0,-1930
8563,115,-103,-25,0,8,0,-1930
8564,116,-103,-25,0,8,0,-1930
8565,117,-103,-25,0,7,0,-1930
8566,118,-103,-25,0,7,0,-1930
8567,119,-103,-25,0,7,0,-1930
8568,120,-103,-25,0,6,0,-1930
8569,121,-103,-25,0,6,0,-1930
8570,122,-103,-25,0,6,0,-1930
8571,123,-103,-25,0,5,0,-1930
8572,124,-103,-25,0,5,0,-1930
8573,125,-103,-25,0,5,0,-1930
8574,126,-103,-25,0,4,0,-1930
8575,127,-103,-25,0,4,0,-1930
8576,128,-103,-25,0,4,0,-1930
8577,129,-103,-25,0,4,0,-1930
8578,130,-103,-25,0,4,0,-1930
8579,131,-103,-25,0,3,0,-1930
8580,132,-107,24,49,-1,-4,-1930
8581,133,-107,24,0,-1,-4,-1930
8582,134,-107,24,0,0,-4,-1930
8583,135,-107,-76,-100,0,-4,-1930
8584,136,-107,-76,0,0,-4,-1930
8585,137,-107,-76,0,0,-4,-1930
8586,138,-107,-76,0,0,-4,-1930
8587,139,-110,0,76,-3,-7,-1930
8588,140,-110,-100,-100,-3,-3,-1930
8589,141,-110,-100,0,-3,-3,-1930
8590,142,-110,-100,0,-2,-3,-1930
8591,143,-110,-100,0,-2,-3,-1930
8592,144,-110,0,100,-2,-3,-1930
8593,145,-107,24,24,1,0,-1930
8594,146,-107,24,0,1,0,-1930
8595,147,-107,24,0,1,3,-1930
8596,148,-107,24,0,1,3,-1930
8597,149,-107,-76,-100,1,3,-1930
8598,150,-107,-76,0,1,3,-1930
8599,151,-107,-76,0,1,3,-1930
8600,152,-107,-76,0,1,3,-1930
8601,153,-107,-76,0,1,0,-1970
8602,154,-107,-76,0,1,0,-1970
8603,155,-107,24,100,1,0,-1970
8604,156,-107,24,0,1,0,-1970
8605,157,-107,24,0,1,0,-1970
8606,158,-107,24,0,1,0,-1970
8607,159,-107,24,0,1,0,-1970
8608,160,-107,24,0,1,0,-1970
8609,161,-107,24,0,1,0,-1970
8610,162,-107,24,0,1,0,-1970
8611,163,-107,24,0,1,0,-1970
8612,164,-107,24,0,1,0,-650
8613,165,-109,0,-24,-1,-2,-650
8614,166,-109,-100,-100,-1,-2,-650
8615,167,-109,-100,0,-1,-2,-650
8616,168,-109,-100,0,0,-2,-650
8617,169,-109,-100,0,0,-2,-650
8618,170,-109,-100,0,0,-2,-650
8619,171,-109,-100,0,0,-2,-650
8620,172,-109,-100,0,0,-2,-650
8621,173,-109,-100,0,0,0,-650
8622,174,-109,0,100,0,0,-650
8623,175,-108,0,0,1,1,-650
8624,176,-107,24,24,2,2,-650
8625,177,-107,24,0,2,2,-650
8626,178,-107,24,0,2,2,-650
8627,179,-107,24,0,2,2,-650
8628,180,-107,24,0,2,2,-650
8629,181,-107,24,0,2,2,-650
8630,182,-107,24,0,2,2,-650
8631,183,-107,24,0,2,1,-650
8632,184,-107,24,0,1,0,-650
8633,185,-107,24,0,1,0,-650
8634,186,-107,24,0,1,0,-650
8635,187,-107,24,0,1,0,-650
8636,188,-108,-300,-324,0,-1,-650
8637,189,-108,-300,0,0,-1,-650
8638,190,-108,-300,0,0,-1,-650
8639,191,-108,-300,0,0,-1,-650
8640,192,-108,-300,0,0,-1,-650
8641,193,-108,-300,0,0,-1,-650
8642,194,-108,-400,-100,0,-1,-650
8643,195,-108,-400,0,0,-1,-650
8644,196,-108,-300,100,0,0,-650
8645,197,-108,-300,0,0,0,-650
8646,198,-108,-300,0,0,0,-650
8647,199,-108,-300,0,0,0,-650
8648,200,-109,0,300,-1,-1,-650
8649,201,-109,0,0,0,-1,-650
8650,202,-109,0,0,0,-1,-650
8651,203,-109,0,0,0,-1,-650
8652,204,-109,0,0,0,-1,-650
8653,205,-108,-300,-300,1,0,-650
8654,206,-108,-300,0,1,0,-650
8655,207,-108,-300,0,1,0,-650
8656,208,-108,-300,0,1,1,-650
8657,209,-108,-280,20,1,1,-730
8658,210,-108,-280,0,1,1,-730
8659,211,-108,-280,0,1,1,-730
8660,212,-108,-280,0,1,1,-730
8661,213,-108,-280,0,1,0,-730
8662,214,-108,-280,0,1,0,-730
8663,215,-108,-280,0,1,0,-730
8664,216,-108,-280,0,1,0,-730
8665,217,-108,-280,0,1,0,-730
8666,218,-108,-280,0,1,0,-730
8667,219,-108,-280,0,1,0,-730
8668,220,-109,0,280,0,-1,-730
8669,221,-109,0,0,0,-1,-730
8670,222,-109,0,0,0,-1,-730
8671,223,-109,0,0,0,-1,-730
8672,224,-108,-280,-280,1,0,-730
8673,225,-108,-280,0,1,0,-730
8674,226,-109,0,280,0,-1,-730
8675,227,-109,0,0,0,-1,-730
8676,228,-109,0,0,0,0,-730
8677,229,-109,0,0,0,0,-730
8678,230,-109,0,0,0,0,-730
8679,231,-108,-280,-280,1,1,-730
8680,232,-108,-280,0,1,0,-730
8681,233,-108,-280,0,1,0,-730
8682,234,-108,-280,0,1,1,-829
8683,235,-109,0,280,0,0,-829
8684,236,-109,0,0,0,0,-829
8685,237,-108,-280,-280,1,1,-829
8686,238,-108,-280,0,1,1,-747
8687,239,-109,0,280,0,-1,-747
8688,240,-109,0,0,0,-1,-747
8689,241,-109,0,0,0,-1,-841
8690,242,-108,-280,-280,1,0,-841
8691,243,-108,-280,0,1,1,-841
8692,244,-108,-280,0,1,1,-930
8693,245,-109,0,280,0,-1,-930
8694,246,-109,0,0,0,-1,-930
8695,247,-108,-280,-280,1,1,-930
8696,248,-108,20,300,1,1,-530
8697,249,-108,20,0,1,1,-530
8698,250,-108,20,0,1,0,-530
8699,251,-108,20,0,1,0,-530
8700,252,-108,20,0,1,0,-530
8701,253,-108,20,0,1,1,-530
8702,254,-108,20,0,1,1,-530
8703,255,-108,20,0,1,0,-530
8704,0,-108,20,0,1,0,-530
8705,1,-108,20,0,1,0,-530
8706,2,-108,20,0,1,0,-530
8707,3,-107,24,4,2,1,-530
8708,4,-107,24,0,2,1,-530
8709,5,-107,24,0,2,1,-530
8710,6,-107,24,0,2,1,-530
8711,7,-107,24,0,2,1,-530
8712,8,-103,-25,-49,6,5,-354
8713,9,-103,-25,0,6,5,-354
8714,10,-103,-25,0,5,5,-354
8715,11,-103,-25,0,5,4,-354
8716,12,-103,-25,0,5,4,-354
8717,13,-103,-25,0,5,4,-354
8718,14,-103,75,100,4,4,-354
8719,15,-103,75,0,4,4,-354
8720,16,-103,75,0,4,0,-354
8721,17,-103,75,0,4,0,-354
8722,18,-103,75,0,4,0,-304
8723,19,-103,75,0,3,0,-304
8724,20,-103,75,0,3,0,-304
8725,21,-103,75,0,3,0,-304
8726,22,-103,75,0,3,0,-304
8727,23,-103,75,0,3,0,-304
8728,24,-103,75,0,3,0,-454
8729,25,-103,75,0,3,0,-654
8730,26,-104,0,-75,2,-1,-654
8731,27,-104,0,0,1,-1,-654
8732,28,-104,0,0,1,-1,-654
8733,29,-104,0,0,1,-1,-654
8734,30,-104,0,0,1,-1,-854
8735,31,-105,0,0,0,-2,-854
8736,32,-105,0,0,0,-2,-854
8737,33,-105,0,0,0,-2,-854
8738,34,-105,0,0,0,-1,-854
8739,35,-105,0,0,0,-1,-828
8740,36,-105,0,0,0,-1,-828
8741,37,-105,0,0,0,-1,-828
8742,38,-105,0,0,0,-1,-828
8743,39,-105,0,0,0,0,-828
8744,40,-103,-25,-25,2,2,-828
8745,41,-103,-25,0,2,2,-828
8746,42,-103,-25,0,2,2,-828
8747,43,-103,75,100,2,2,-828
8748,44,-103,75,0,2,2,-828
8749,45,-103,-25,-100,2,2,-828
8750,46,-103,-25,0,2,2,-828
8751,47,-103,-25,0,2,2,-828
8752,48,-103,-25,0,2,0,-828
8753,49,-103,-25,0,2,0,-828
8754,50,-103,-25,0,2,0,-828
8755,51,-103,-25,0,2,0,-828
8756,52,-103,-25,0,2,0,-828
8757,53,-103,-25,0,2,0,-828
8758,54,-103,-25,0,2,0,-828
8759,55,-103,-25,0,1,0,-828
8760,56,-103,-25,0,1,0,-828
8761,57,-103,75,100,1,0,-828
8762,58,-103,75,0,1,0,-828
8763,59,-103,75,0,1,0,-828
8764,60,-103,75,0,1,0,-828
8765,61,-103,75,0,1,0,-828
8766,62,-103,75,0,1,0,-828
8767,63,-103,75,0,1,0,-828
8768,64,-103,75,0,1,0,-828
8769,65,-103,75,0,1,0,-828
8770,66,-103,75,0,1,0,-828
8771,67,-103,-25,-100,1,0,-828
8772,68,-103,-25,0,1,0,-828
8773,69,-103,-25,0,1,0,-828
8774,70,-103,-25,0,1,0,-828
8775,71,-103,-25,0,1,0,-828
8776,72,-103,75,100,1,0,-828
8777,73,-103,75,0,1,0,-828
8778,74,-103,75,0,1,0,-828
8779,75,-103,75,0,1,0,-828
8780,76,-103,75,0,1,0,-658
8781,77,-103,75,0,1,0,-658
8782,78,-103,75,0,1,0,-658
8783,79,-103,75,0,1,0,-658
8784,80,-103,75,0,1,0,-658
8785,81,-103,75,0,1,0,-658
8786,82,-103,75,0,1,0,-658
8787,83,-103,75,0,1,0,-658
8788,84,-103,75,0,1,0,-658
8789,85,-103,75,0,1,0,-658
8790,86,-103,75,0,1,0,-658
8791,87,-104,0,-75,0,-1,-658
8792,88,-104,-100,-100,0,-1,-658
8793,89,-104,-100,0,0,-1,-658
8794,90,-104,-100,0,0,-1,-658
8795,91,-105,0,100,-1,-2,-658
8796,92,-105,0,0,0,-2,-778
8797,93,-106,0,0,-1,-3,-778
8798,94,-106,0,0,-1,-3,-778
8799,95,-106,0,0,-1,-2,-778
8800,96,-106,0,0,-1,-2,-778
8801,97,-106,0,0,-1,-2,-778
8802,98,-106,0,0,-1,-2,-778
8803,99,-106,0,0,-1,-1,-778
8804,100,-106,0,0,-1,-1,-778
8805,101,-106,0,0,0,0,-778
8806,102,-105,0,0,1,1,-778
8807,103,-104,0,0,2,2,-778
8808,104,-104,0,0,2,2,-778
8809,105,-104,0,0,1,2,-778
8810,106,-104,0,0,1,2,-778
8811,107,-104,0,0,1,2,-778
8812,108,-104,0,0,1,2,-778
8813,109,-105,0,0,0,1,-778
8814,110,-104,0,0,1,1,-778
8815,111,-104,0,0,1,0,-778
8816,112,-104,0,0,1,0,-778
8817,113,-104,0,0,1,0,-768
8818,114,-106,0,0,-1,-2,-768
8819,115,-106,-100,-100,0,-2,-768
8820,116,-106,-100,0,0,-2,-768
8821,117,-106,-100,0,0,-1,-768
8822,118,-106,-100,0,0,-2,-728
8823,119,-106,-100,0,0,-2,-728
8824,120,-106,0,100,0,-2,-728
8825,121,-106,0,0,0,-2,-728
8826,122,-103,75,75,3,3,-728
8827,123,-103,75,0,3,3,-728
8828,124,-103,75,0,3,3,-728
8829,125,-103,75,0,3,3,-728
8830,126,-103,75,0,2,3,-728
8831,127,-103,75,0,2,3,-728
8832,128,-103,75,0,2,3,-728
8833,129,-103,75,0,2,3,-728
8834,130,-103,75,0,2,0,-728
8835,131,-103,75,0,2,0,-728
8836,132,-103,75,0,2,0,-728
8837,133,-103,75,0,2,0,-728
8838,134,-103,75,0,2,0,-728
8839,135,-103,75,0,2,0,-728
8840,136,-103,75,0,2,0,-728
8841,137,-103,75,0,2,0,-728
8842,138,-103,75,0,2,0,-728
8843,139,-103,75,0,2,0,-728
8844,140,-103,75,0,2,0,-728
8845,141,-98,0,-75,6,5,-603
8846,142,-98,0,0,6,5,-603
8847,143,-98,0,0,6,5,-603
8848,144,-98,0,0,5,5,-603
8849,145,-98,0,0,5,5,-603
8850,146,-98,0,0,5,5,-603
8851,147,-98,0,0,5,5,-603
8852,148,-98,0,0,4,5,-603
8853,149,-98,0,0,4,0,-603
8854,150,-98,0,0,4,0,-603
8855,151,-98,0,0,4,0,-603
8856,152,-98,0,0,4,0,-603
8857,153,-98,0,0,3,0,-603
8858,154,-98,0,0,3,0,-603
8859,155,-98,0,0,3,0,-603
8860,156,-98,0,0,3,0,-603
8861,157,-98,0,0,3,0,-603
8862,158,-98,0,0,3,0,-603
8863,159,-98,0,0,3,0,-603
8864,160,-98,-100,-100,3,0,-603
8865,161,-98,-100,0,2,0,-603
8866,162,-98,-100,0,2,0,-603
8867,163,-98,0,100,2,0,-403
8868,164,-94,-100,-100,6,4,-403
8869,165,-94,-200,-100,6,4,-403
8870,166,-94,-200,0,6,4,-403
8871,167,-94,-200,0,5,4,-403
8872,168,-94,-200,0,5,4,-403
8873,169,-94,-200,0,5,4,-403
8874,170,-94,-200,0,5,4,-403
8875,171,-94,-200,0,4,4,-403
8876,172,-94,-200,0,4,0,-403
8877,173,-94,-200,0,4,0,-403
8878,174,-94,-200,0,4,0,-403
8879,175,-94,-100,100,4,0,-403
8880,176,-94,-100,0,3,0,-403
8881,177,-94,-100,0,3,0,-403
8882,178,-94,-100,0,3,0,-403
8883,179,-94,-100,0,3,0,-403
8884,180,-94,-100,0,3,0,-403
8885,181,-94,-100,0,3,0,-403
8886,182,-94,-100,0,3,0,-403
8887,183,-94,-100,0,2,0,-403
8888,184,-94,-100,0,2,0,-403
8889,185,-94,-100,0,2,0,-403
8890,186,-102,0,100,-6,-8,-403
8891,187,-102,0,0,-5,-8,-403
8892,188,-94,-100,-100,3,0,-603
8893,189,-94,-100,0,3,0,-603
8894,190,-94,-100,0,3,0,-603
8895,191,-94,-100,0,3,0,-603
8896,192,-94,-100,0,3,0,-603
8897,193,-94,-100,0,2,0,-603
8898,194,-94,-100,0,2,8,-603
8899,195,-94,-100,0,2,8,-603
8900,196,-94,-100,0,2,0,-603
8901,197,-94,-100,0,2,0,-603
8902,198,-94,-100,0,2,0,-603
8903,199,-94,-100,0,2,0,-603
8904,200,-94,-100,0,2,0,-603
8905,201,-94,-100,0,2,0,-603
8906,202,-94,-100,0,2,0,-603
8907,203,-94,-100,0,2,0,-603
8908,204,-94,-100,0,2,0,-603
8909,205,-94,-100,0,2,0,-603
8910,206,-94,-100,0,2,0,-603
8911,207,-94,-200,-100,2,0,-603
8912,208,-94,-200,0,1,0,-603
8913,209,-94,-200,0,1,0,-603
8914,210,-94,-200,0,1,0,-603
8915,211,-94,-200,0,1,0,-603
8916,212,-94,-200,0,1,0,-603
8917,213,-94,-100,100,1,0,-603
8918,214,-93,15,115,2,1,-479
8919,215,-93,15,0,2,1,-479
8920,216,-93,15,0,2,1,-479
8921,217,-93,15,0,2,1,-479
8922,218,-93,15,0,2,1,-479
8923,219,-93,15,0,2,1,-479
8924,220,-93,15,0,2,1,-479
8925,221,-93,15,0,2,1,-479
8926,222,-93,15,0,2,0,-479
8927,223,-93,15,0,2,0,-479
8928,224,-93,15,0,2,0,-479
8929,225,-93,15,0,2,0,-479
8930,226,-93,15,0,2,0,-479
8931,227,-93,15,0,2,0,-479
8932,228,-93,15,0,2,0,-479
8933,229,-93,15,0,1,0,-479
8934,230,-93,15,0,1,0,-479
8935,231,-93,-85,-100,1,0,-479
8936,232,-93,-85,0,1,0,-479
8937,233,-93,-85,0,1,0,-479
8938,234,-93,-85,0,1,0,-479
8939,235,-93,-85,0,1,0,-479
8940,236,-93,-82,3,1,0,-426
8941,237,-93,-82,0,1,0,-426
8942,238,-93,-82,0,1,0,-426
8943,239,-93,-82,0,1,0,-426
8944,240,-93,-82,0,1,0,-426
8945,241,-93,-82,0,1,0,-426
8946,242,-93,-82,0,1,0,-426
8947,243,-93,-82,0,1,0,-426
8948,244,-93,-82,0,1,0,-426
8949,245,-93,-82,0,1,0,-426
8950,246,-93,-82,0,1,0,-426
8951,247,-93,-82,0,1,0,-426
8952,248,-93,-82,0,1,0,-426
8953,249,-93,18,100,1,0,-426
8954,250,-93,18,0,1,0,-426
8955,251,-93,40,22,1,0,-354
8956,252,-85,0,-40,9,8,-194
8957,253,-85,0,0,9,8,-194
8958,254,-85,0,0,8,8,-194
8959,255,-85,0,0,8,8,-194
8960,0,-85,0,0,8,8,-194
8961,1,-85,0,0,7,8,-194
8962,2,-84,-579,-579,8,9,-194
8963,3,-84,-579,0,7,9,-194
8964,4,-84,-579,0,7,1,-194
8965,5,-84,-579,0,7,1,-194
8966,6,-84,-579,0,6,1,-194
8967,7,-84,-579,0,6,1,-194
8968,8,-84,-579,0,6,1,-194
8969,9,-84,-579,0,5,1,-194
8970,10,-84,-579,0,5,0,-194
8971,11,-84,-579,0,5,0,-194
8972,12,-84,-579,0,4,0,-212
8973,13,-84,-579,0,4,0,-250
8974,14,-84,-579,0,4,0,-250
8975,15,-84,-579,0,4,0,-250
8976,16,-84,-579,0,4,0,-250
8977,17,-84,-579,0,3,0,-250
8978,18,-84,-579,0,3,0,-258
8979,19,-84,-579,0,3,0,-240
8980,20,-84,-579,0,3,0,-240
8981,21,-84,-579,0,3,0,-240
8982,22,-84,-579,0,3,0,-240
8983,23,-84,-579,0,3,0,-240
8984,24,-84,-579,0,3,0,-240
8985,25,-84,-579,0,2,0,-240
8986,26,-84,-579,0,2,0,-240
8987,27,-84,-579,0,2,0,-240
8988,28,-84,-579,0,2,0,-240
8989,29,-84,-579,0,2,0,-158
8990,30,-84,-579,0,2,0,-157
8991,31,-84,-579,0,2,0,-58
8992,32,-84,-579,0,2,0,-58
8993,33,-84,-579,0,2,0,-58
8994,34,-84,-579,0,2,0,-58
8995,35,-84,-579,0,2,0,-58
8996,36,-84,-579,0,2,0,-58
8997,37,-84,-579,0,2,0,22
8998,38,-84,-579,0,2,0,22
8999,39,-84,-579,0,2,0,22
9000,40,-84,-579,0,1,0,22
9001,41,-84,-579,0,1,0,22
9002,42,-84,-579,0,1,0,22
9003,43,-84,-579,0,1,0,22
9004,44,-84,-579,0,1,0,22
9005,45,-84,-579,0,1,0,22
9006,46,-84,-579,0,1,0,22
9007,47,-84,-579,0,1,0,22
9008,48,-84,-579,0,1,0,22
9009,49,-84,-579,0,1,0,22
9010,50,-84,-679,-100,1,0,22
9011,51,-84,-679,0,1,0,22
9012,52,-84,-679,0,1,0,22
9013,53,-84,-679,0,1,0,22
9014,54,-84,-679,0,1,0,22
9015,55,-84,-679,0,1,0,22
9016,56,-84,-579,100,1,0,22
9017,57,-84,-579,0,1,0,22
9018,58,-84,-579,0,1,0,22
9019,59,-84,-579,0,1,0,22
9020,60,-84,-579,0,1,0,22
9021,61,-84,-579,0,1,0,22
9022,62,-84,-579,0,1,0,22
9023,63,-84,-579,0,1,0,22
9024,64,-84,-679,-100,1,0,22
9025,65,-84,-679,0,1,0,22
9026,66,-84,-679,0,1,0,22
9027,67,-84,-679,0,1,0,22
9028,68,-84,-679,0,1,0,22
9029,69,-84,-679,0,1,0,22
9030,70,-84,-679,0,1,0,22
9031,71,-84,-679,0,1,0,22
9032,72,-84,-579,100,1,0,22
9033,73,-84,-579,0,1,0,22
9034,74,-84,-579,0,1,0,22
9035,75,-84,-579,0,1,0,22
9036,76,-84,-579,0,1,0,22
9037,77,-84,-579,0,1,0,22
9038,78,-84,-579,0,1,0,22
9039,79,-84,-579,0,1,0,22
9040,80,-84,-559,20,1,0,102
9041,81,-84,-559,0,1,0,102
9042,82,-84,-559,0,1,0,102
9043,83,-84,-559,0,1,0,102
9044,84,-84,-559,0,1,0,102
9045,85,-84,-559,0,1,0,102
9046,86,-84,-559,0,1,0,102
9047,87,-84,-559,0,1,0,102
9048,88,-84,-559,0,1,0,102
9049,89,-84,-559,0,1,0,102
9050,90,-84,-559,0,1,0,102
9051,91,-84,-559,0,1,0,102
9052,92,-84,-559,0,1,0,102
9053,93,-84,-559,0,1,0,102
9054,94,-84,-559,0,1,0,102
9055,95,-84,-559,0,1,0,102
9056,96,-84,-559,0,1,0,102
9057,97,-84,-559,0,1,0,102
9058,98,-84,-559,0,1,0,102
9059,99,-84,-559,0,1,0,102
9060,100,-84,-559,0,1,0,102
9061,101,-84,-559,0,1,0,102
9062,102,-84,-559,0,1,0,102
9063,103,-84,-559,0,1,0,102
9064,104,-84,-559,0,1,0,102
9065,105,-84,-559,0,1,0,102
9066,106,-84,-559,0,1,0,102
9067,107,-84,-559,0,1,0,102
9068,108,-84,-559,0,1,0,102
9069,109,-84,-559,0,1,0,102
9070,110,-84,-559,0,1,0,102
9071,111,-84,-559,0,1,0,102
9072,112,-84,-559,0,1,0,102
9073,113,-84,-559,0,1,0,102
9074,114,-84,-559,0,1,0,102
9075,115,-84,-559,0,1,0,102
9076,116,-84,-559,0,1,0,102
9077,117,-84,-559,0,1,0,102
9078,118,-84,-559,0,1,0,-98
9079,119,-84,-559,0,1,0,-98
9080,120,-84,-559,0,1,0,-98
9081,121,-84,-559,0,1,0,-98
9082,122,-84,-559,0,1,0,-98
9083,123,-84,-559,0,1,0,-98
9084,124,-84,-559,0,1,0,-98
9085,125,-84,-559,0,1,0,-98
9086,126,-84,-559,0,1,0,-98
9087,127,-84,-559,0,1,0,-98
9088,128,-84,-559,0,1,0,-98
9089,129,-84,-559,0,1,0,-98
9090,130,-84,-559,0,1,0,-98
9091,131,-84,-559,0,1,0,-98
9092,132,-84,-559,0,1,0,-98
9093,133,-84,-559,0,1,0,-98
9094,134,-84,-559,0,1,0,-98
9095,135,-84,-559,0,1,0,-98
9096,136,-84,-559,0,1,0,-98
9097,137,-84,-559,0,1,0,-98
9098,138,-84,-559,0,1,0,-98
9099,139,-84,-559,0,1,0,-98
9100,140,-84,-559,0,1,0,-98
9101,141,-84,-559,0,1,0,-98
9102,142,-84,-559,0,1,0,-98
9103,143,-84,-559,0,1,0,-98
9104,144,-84,-559,0,1,0,-98
9105,145,-84,-559,0,1,0,-98
9106,146,-84,-559,0,1,0,-98
9107,147,-84,-559,0,1,0,-98
9108,148,-84,-559,0,1,0,-198
9109,149,-84,-559,0,1,0,-198
9110,150,-84,-559,0,1,0,-198
9111,151,-84,-559,0,1,0,-198
9112,152,-84,-559,0,1,0,-101
9113,153,-84,-559,0,1,0,-101
9114,154,-84,-559,0,1,0,-101
9115,155,-84,-559,0,1,0,-282
9116,156,-84,-559,0,1,0,-282
9117,157,-84,-559,0,1,0,-282
9118,158,-84,-559,0,1,0,-282
9119,159,-84,-559,0,1,0,-242
9120,160,-84,-559,0,1,0,-242
9121,161,-84,-559,0,1,0,-242
9122,162,-84,-559,0,1,0,-242
9123,163,-84,-559,0,1,0,-242
9124,164,-84,-559,0,1,0,-242
9125,165,-84,-559,0,1,0,-242
9126,166,-84,-559,0,1,0,-242
9127,167,-84,-559,0,1,0,-242
9128,168,-84,-559,0,1,0,-242
9129,169,-84,-559,0,1,0,-242
9130,170,-84,-559,0,1,0,-242
9131,171,-84,-559,0,1,0,-165
9132,172,-84,-559,0,1,0,-165
9133,173,-84,-559,0,1,0,-165
9134,174,-84,-559,0,1,0,-165
9135,175,-84,-559,0,1,0,-165
9136,176,-84,-559,0,1,0,-165
9137,177,-84,-559,0,1,0,-165
9138,178,-84,-559,0,1,0,-165
9139,179,-84,-559,0,1,0,-165
9140,180,-84,-559,0,1,0,-165
9141,181,-84,-559,0,1,0,-165
9142,182,-84,-559,0,1,0,-165
9143,183,-84,-559,0,1,0,-165
9144,184,-84,-559,0,1,0,-165
9145,185,-84,-559,0,1,0,-165
9146,186,-84,-559,0,1,0,-165
9147,187,-84,-559,0,1,0,-165
9148,188,-84,-559,0,1,0,-165
9149,189,-84,-559,0,1,0,-165
9150,190,-84,-559,0,1,0,-165
9151,191,-84,-559,0,1,0,-165
9152,192,-85,0,559,0,-1,-165
9153,193,-84,-559,-559,1,0,17
9154,194,-84,-559,0,1,0,17
9155,195,-85,0,559,0,-1,17
9156,196,-85,0,0,0,-1,17
9157,197,-85,0,0,0,-1,17
9158,198,-84,-559,-559,1,0,135
9159,199,-84,-559,0,1,0,135
9160,200,-85,0,559,0,0,135
9161,201,-85,0,0,0,-1,135
9162,202,-85,0,0,0,-1,135
9163,203,-84,-559,-559,1,1,317
9164,204,-84,-559,0,1,1,317
9165,205,-84,-559,0,1,1,317
9166,206,-85,0,559,0,-1,317
9167,207,-85,0,0,0,-1,317
9168,208,-85,0,0,0,0,317
9169,209,-85,0,0,0,0,317
9170,210,-85,0,0,0,0,317
9171,211,-85,0,0,0,-1,317
9172,212,-85,0,0,0,-1,317
9173,213,-85,50,50,0,-1,385
9174,214,-85,-50,-100,0,0,385
9175,215,-85,-50,0,0,0,385
9176,216,-85,-50,0,0,0,417
9177,217,-86,0,50,-1,-1,417
9178,218,-86,0,0,0,-1,417
9179,219,-86,0,0,0,-1,417
9180,220,-85,-50,-50,1,0,417
9181,221,-85,-50,0,1,0,417
9182,222,-85,-50,0,1,0,417
9183,223,-85,-50,0,1,0,417
9184,224,-85,50,100,1,0,417
9185,225,-84,-559,-609,2,2,417
9186,226,-84,-559,0,2,2,417
9187,227,-84,-559,0,2,2,417
9188,228,-84,-559,0,1,1,417
9189,229,-84,-559,0,1,1,417
9190,230,-84,-559,0,1,1,417
9191,231,-84,-559,0,1,1,417
9192,232,-84,-559,0,1,1,417
9193,233,-84,-559,0,1,0,417
9194,234,-84,-559,0,1,0,417
9195,235,-84,-559,0,1,0,417
9196,236,-84,-559,0,1,0,417
9197,237,-84,-559,0,1,0,417
9198,238,-84,-559,0,1,0,417
9199,239,-84,-559,0,1,0,417
9200,240,-84,-559,0,1,0,417
9201,241,-84,-559,0,1,0,318
9202,242,-84,-559,0,1,0,318
9203,243,-84,-559,0,1,0,318
9204,244,-84,-559,0,1,0,318
9205,245,-84,-559,0,1,0,318
9206,246,-84,-559,0,1,0,318
9207,247,-84,-559,0,1,0,318
9208,248,-84,-559,0,1,0,318
9209,249,-84,-559,0,1,0,318
9210,250,-84,-559,0,1,0,318
9211,251,-84,-559,0,1,0,318
9212,252,-84,-559,0,1,0,318
9213,253,-84,-559,0,1,0,318
9214,254,-84,-559,0,1,0,318
9215,255,-84,-559,0,1,0,318
9216,0,-84,-559,0,1,0,318
9217,1,-84,-559,0,1,0,318
9218,2,-84,-559,0,1,0,318
9219,3,-86,0,559,-1,-2,318
9220,4,-86,0,0,0,-2,318
9221,5,-86,0,0,0,-2,318
9222,6,-86,0,0,0,-2,318
9223,7,-86,0,0,0,-2,318
9224,8,-84,-559,-559,2,0,428
9225,9,-84,-559,0,2,0,428
9226,10,-84,-559,0,2,0,428
9227,11,-84,-559,0,2,2,428
9228,12,-84,-559,0,2,2,428
9229,13,-84,-559,0,1,2,428
9230,14,-84,-559,0,1,2,428
9231,15,-84,-559,0,1,2,428
9232,16,-84,-559,0,1,0,428
9233,17,-84,-559,0,1,0,428
9234,18,-84,-559,0,1,0,428
9235,19,-84,-559,0,1,0,428
9236,20,-84,-559,0,1,0,428
9237,21,-84,-559,0,1,0,428
9238,22,-84,-559,0,1,0,428
9239,23,-84,-559,0,1,0,428
9240,24,-84,-559,0,1,0,428
9241,25,-87,0,559,-2,-3,428
9242,26,-87,0,0,-1,-3,428
9243,27,-87,0,0,-1,-3,428
9244,28,-87,0,0,-1,-3,428
9245,29,-87,0,0,-1,-3,428
9246,30,-84,-559,-559,2,0,428
9247,31,-84,-559,0,2,0,428
9248,32,-84,-559,0,2,0,428
9249,33,-84,-559,0,2,3,428
9250,34,-84,-559,0,2,3,428
9251,35,-84,-559,0,2,3,428
9252,36,-88,0,559,-2,-1,428
9253,37,-88,0,0,-2,-1,428
9254,38,-88,0,0,-2,-4,428
9255,39,-88,0,0,-2,-4,428
9256,40,-88,0,0,-2,-4,428
9257,41,-84,-559,-559,3,0,428
9258,42,-84,-559,0,2,0,428
9259,43,-84,-559,0,2,0,428
9260,44,-84,-559,0,2,4,428
9261,45,-84,-559,0,2,4,308
9262,46,-84,-559,0,2,4,308
9263,47,-84,-559,0,2,4,308
9264,48,-84,-559,0,2,4,308
9265,49,-84,-559,0,2,0,308
9266,50,-84,-559,0,2,0,308
9267,51,-84,-559,0,2,0,308
9268,52,-84,-559,0,2,0,308
9269,53,-84,-559,0,2,0,308
9270,54,-84,-559,0,2,0,308
9271,55,-84,-559,0,2,0,233
9272,56,-84,-559,0,2,0,233
9273,57,-84,-559,0,1,0,233
9274,58,-84,-559,0,1,0,233
9275,59,-84,-559,0,1,0,233
9276,60,-84,-559,0,1,0,233
9277,61,-84,-559,0,1,0,233
9278,62,-84,-559,0,1,0,233
9279,63,-84,-559,0,1,0,233
9280,64,-84,-559,0,1,0,233
9281,65,-84,-559,0,1,0,233
9282,66,-84,-559,0,1,0,233
9283,67,-85,98,657,0,-1,233
9284,68,-91,0,-98,-6,-7,233
9285,69,-91,0,0,-5,-7,233
9286,70,-85,98,98,1,-1,433
9287,71,-85,98,0,1,-1,433
9288,72,-85,98,0,1,-1,433
9289,73,-85,98,0,1,-1,433
9290,74,-85,98,0,1,-1,433
9291,75,-85,98,0,1,0,433
9292,76,-85,98,0,1,6,433
9293,77,-85,98,0,1,6,433
9294,78,-85,98,0,1,0,433
9295,79,-85,98,0,1,0,433
9296,80,-85,98,0,1,0,433
9297,81,-85,98,0,1,0,433
9298,82,-85,98,0,1,0,433
9299,83,-85,98,0,1,0,433
9300,84,-85,98,0,1,0,433
9301,85,-85,98,0,1,0,433
9302,86,-85,98,0,1,0,433
9303,87,-85,98,0,1,0,433
9304,88,-90,0,-98,-4,-5,433
9305,89,-90,0,0,-3,-5,433
9306,90,-86,0,0,1,-1,433
9307,91,-85,98,98,2,0,433
9308,92,-85,98,0,2,0,433
9309,93,-85,98,0,2,0,433
9310,94,-85,98,0,2,0,433
9311,95,-85,98,0,2,0,332
9312,96,-85,98,0,1,5,332
9313,97,-85,98,0,1,5,332
9314,98,-85,98,0,1,1,332
9315,99,-85,98,0,1,0,332
9316,100,-92,0,-98,-6,-7,332
9317,101,-92,0,0,-5,-7,332
9318,102,-92,0,0,-5,-7,332
9319,103,-92,0,0,-4,-7,332
9320,104,-92,0,0,-4,-7,332
9321,105,-85,98,98,3,0,332
9322,106,-85,98,0,3,0,332
9323,107,-85,98,0,3,0,332
9324,108,-85,98,0,3,7,332
9325,109,-85,98,0,3,7,332
9326,110,-85,98,0,3,7,332
9327,111,-85,98,0,2,7,332
9328,112,-85,98,0,2,7,332
9329,113,-85,98,0,2,0,207
9330,114,-85,98,0,2,0,207
9331,115,-85,98,0,2,0,207
9332,116,-85,98,0,2,0,207
9333,117,-85,-302,-400,2,0,207
9334,118,-85,-302,0,2,0,207
9335,119,-85,-302,0,2,0,316
9336,120,-85,-302,0,2,0,316
9337,121,-85,-302,0,2,0,191
9338,122,-85,-302,0,2,0,132
9339,123,-86,0,302,1,-1,132
9340,124,-86,-100,-100,1,-1,132
9341,125,-86,-100,0,1,-1,132
9342,126,-86,-100,0,1,-1,132
9343,127,-86,-100,0,1,-1,132
9344,128,-86,-100,0,1,-1,132
9345,129,-86,-100,0,1,-1,132
9346,130,-86,0,100,1,-1,132
9347,131,-86,0,0,1,0,132
9348,132,-86,0,0,1,0,132
9349,133,-85,-402,-402,2,1,132
9350,134,-85,-402,0,2,1,-61
9351,135,-85,-402,0,2,1,-61
9352,136,-85,-302,100,1,1,-61
9353,137,-85,-302,0,1,1,-61
9354,138,-85,-302,0,1,1,-61
9355,139,-85,-302,0,1,1,-61
9356,140,-85,-402,-100,1,1,-61
9357,141,-85,-402,0,1,0,-61
9358,142,-85,-302,100,1,0,-61
9359,143,-85,-302,0,1,0,-168
9360,144,-85,-302,0,1,0,-361
9361,145,-85,-402,-100,1,0,-361
9362,146,-85,-302,100,1,0,-361
9363,147,-85,-302,0,1,0,-361
9364,148,-85,-402,-100,1,0,-361
9365,149,-85,-402,0,1,0,-361
9366,150,-85,-402,0,1,0,-418
9367,151,-86,0,402,0,-1,-418
9368,152,-86,-100,-100,0,-1,-418
9369,153,-86,-100,0,0,-1,-418
9370,154,-86,-200,-100,0,-1,-418
9371,155,-86,-200,0,0,-1,-418
9372,156,-86,-100,100,0,-1,-418
9373,157,-86,-100,0,0,-1,-418
9374,158,-86,0,100,0,-1,-418
9375,159,-85,-302,-302,1,1,-418
9376,160,-85,-402,-100,1,1,-418
9377,161,-88,0,402,-2,-2,-418
9378,162,-88,-100,-100,-1,-2,-418
9379,163,-88,-100,0,-1,-2,-418
9380,164,-88,0,100,-1,-2,-418
9381,165,-85,-302,-302,2,1,-418
9382,166,-85,-402,-100,2,1,-418
9383,167,-85,-2,400,2,0,-418
9384,168,-93,-300,-298,-6,-8,-418
9385,169,-93,-300,0,-6,-5,-418
9386,170,-93,-300,0,-5,-5,-418
9387,171,-93,-300,0,-5,-5,-418
9388,172,-93,-300,0,-5,-5,-418
9389,173,-93,-300,0,-4,-8,-418
9390,174,-93,-300,0,-4,-8,-418
9391,175,-93,-300,0,-4,-8,-418
9392,176,-93,-300,0,-3,0,-418
9393,177,-93,-300,0,-3,0,-418
9394,178,-93,-300,0,-3,0,-418
9395,179,-93,-300,0,-3,0,-418
9396,180,-93,-92,208,-2,0,-143
9397,181,-93,-92,0,-2,0,-143
9398,182,-93,-92,0,-2,0,-143
9399,183,-93,-92,0,-2,0,-143
9400,184,-93,-92,0,-2,0,-143
9401,185,-93,-92,0,-1,0,-143
9402,186,-86,0,92,6,7,149
9403,187,-86,0,0,5,7,149
9404,188,-86,0,0,5,7,149
9405,189,-85,98,98,6,8,149
9406,190,-85,98,0,6,8,149
9407,191,-85,98,0,5,8,149
9408,192,-85,98,0,5,8,149
9409,193,-85,98,0,5,8,149
9410,194,-85,98,0,5,1,149
9411,195,-85,98,0,4,1,149
9412,196,-85,98,0,4,1,149
9413,197,-85,98,0,4,0,149
9414,198,-85,98,0,4,0,149
9415,199,-85,98,0,4,0,149
9416,200,-89,0,-98,-1,-4,149
9417,201,-89,-100,-100,-1,-4,149
9418,202,-89,-100,0,0,-4,149
9419,203,-89,-100,0,0,-4,-51
9420,204,-91,0,100,-2,-6,-51
9421,205,-91,-100,-100,-2,-6,-51
9422,206,-91,-100,0,-2,-6,-51
9423,207,-91,-100,0,-2,-6,-51
9424,208,-93,0,100,-4,-4,-51
9425,209,-93,0,0,-3,-4,-51
9426,210,-93,-100,-100,-3,-4,-51
9427,211,-93,-100,0,-3,-4,-51
9428,212,-93,-100,0,-3,-2,-51
9429,213,-93,-100,0,-2,-2,-51
9430,214,-93,-100,0,-2,-2,-51
9431,215,-93,-100,0,-2,-2,-51
9432,216,-93,-100,0,-2,0,-101
9433,217,-94,0,100,-3,-1,-101
9434,218,-94,-100,-100,-2,-1,-101
9435,219,-94,-100,0,-2,-1,-101
9436,220,-94,-100,0,-2,-1,-101
9437,221,-94,0,100,-2,-1,-101
9438,222,-94,0,0,-2,-1,-101
9439,223,-94,0,0,-1,-1,-101
9440,224,-94,0,0,-1,-1,-101
9441,225,-98,0,0,-5,-4,-101
9442,226,-98,0,0,-5,-4,-226
9443,227,-99,0,0,-5,-5,-226
9444,228,-99,-100,-100,-5,-5,-226
9445,229,-99,-100,0,-5,-5,-226
9446,230,-99,0,100,-4,-5,-226
9447,231,-99,0,0,-4,-5,-226
9448,232,-99,0,0,-4,-5,-226
9449,233,-99,0,0,-3,-1,-226
9450,234,-99,0,0,-3,-1,-226
9451,235,-99,0,0,-3,0,-226
9452,236,-99,0,0,-3,0,-226
9453,237,-99,0,0,-2,0,-226
9454,238,-99,0,0,-2,0,-226
9455,239,-98,0,0,-1,1,-226
9456,240,-98,0,0,-1,1,-226
9457,241,-98,0,0,-1,1,-226
9458,242,-98,0,0,-1,1,-226
9459,243,-98,0,0,0,1,-226
9460,244,-98,0,0,0,1,-226
9461,245,-98,0,0,0,1,-226
9462,246,-98,0,0,0,1,-226
9463,247,-98,0,0,0,0,-425
9464,248,-98,0,0,0,0,-425
9465,249,-98,0,0,0,0,-425
9466,250,-98,0,0,0,0,-425
9467,251,-98,0,0,0,0,-425
9468,252,-98,0,0,0,0,-425
9469,253,-96,-50,-50,2,2,-425
9470,254,-96,-50,0,2,2,-425
9471,255,-96,-50,0,2,2,-425
9472,0,-96,-50,0,2,2,-425
9473,1,-96,-50,0,2,2,-425
9474,2,-96,50,100,2,2,-425
9475,3,-96,50,0,2,2,-425
9476,4,-96,-50,-100,2,2,-425
9477,5,-96,-50,0,2,0,-425
9478,6,-96,-50,0,2,0,-425
9479,7,-96,-50,0,2,0,-425
9480,8,-96,-50,0,1,0,-425
9481,9,-103,0,50,-6,-7,-425
9482,10,-103,2,2,-5,-7,-523
9483,11,-103,2,0,-5,-7,-523
9484,12,-103,2,0,-4,-7,-523
9485,13,-103,2,0,-4,-7,-523
9486,14,-96,-50,-52,3,0,-400
9487,15,-96,-50,0,3,0,-400
9488,16,-96,-50,0,3,0,-400
9489,17,-96,-50,0,3,7,-400
9490,18,-96,-50,0,3,7,-400
9491,19,-96,50,100,3,7,-400
9492,20,-96,50,0,2,7,-400
9493,21,-96,50,0,2,7,-400
9494,22,-96,50,0,2,0,-400
9495,23,-96,-50,-100,2,0,-400
9496,24,-96,50,100,2,0,-400
9497,25,-96,-50,-100,2,0,-400
9498,26,-96,50,100,2,0,-400
9499,27,-96,-50,-100,2,0,-400
9500,28,-96,-50,0,2,0,-400
9501,29,-96,50,100,2,0,-400
9502,30,-96,-50,-100,2,0,-400
9503,31,-96,-50,0,2,0,-400
9504,32,-96,-50,0,2,0,-400
9505,33,-96,0,50,2,0,-400
9506,34,-89,0,0,9,7,-400
9507,35,-89,0,0,8,7,-400
9508,36,-85,98,98,12,11,-400
9509,37,-85,98,0,11,11,-400
9510,38,-85,98,0,10,11,-400
9511,39,-91,0,-98,4,5,-400
9512,40,-91,0,0,4,5,-400
9513,41,-91,-100,-100,3,5,-400
9514,42,-91,0,100,3,-2,-400
9515,43,-85,98,98,9,4,-400
9516,44,-85,98,0,9,0,-400
9517,45,-89,0,-98,4,-4,-400
9518,46,-89,-100,-100,4,-4,-400
9519,47,-89,-100,0,4,2,-400
9520,48,-89,-100,0,4,2,-400
9521,49,-89,-100,0,3,2,-450
9522,50,-93,0,100,-1,-2,-450
9523,51,-93,-100,-100,-1,-8,-450
9524,52,-93,-100,0,-1,-8,-450
9525,53,-93,-200,-100,0,-4,-450
9526,54,-93,-200,0,0,-4,-450
9527,55,-93,-200,0,0,-4,-450
9528,56,-93,-200,0,0,-4,-450
9529,57,-93,-100,100,0,-4,-450
9530,58,-93,-100,0,0,0,-450
9531,59,-93,-100,0,0,0,-450
9532,60,-93,-100,0,0,0,-450
9533,61,-93,-102,-2,0,0,-450
9534,62,-93,-2,100,0,0,-450
9535,63,-93,-2,0,0,0,-450
9536,64,-93,-2,0,0,0,-450
9537,65,-93,-2,0,0,0,-450
9538,66,-100,0,2,-7,-7,-450
9539,67,-100,0,0,-6,-7,-450
9540,68,-100,0,0,-6,-7,-450
9541,69,-96,0,0,-1,-3,-450
9542,70,-93,98,98,2,0,-450
9543,71,-93,98,0,2,0,-450
9544,72,-93,98,0,2,0,-450
9545,73,-100,0,-98,-5,-7,-450
9546,74,-100,0,0,-5,0,-450
9547,75,-100,0,0,-5,0,-450
9548,76,-99,0,0,-3,1,-450
9549,77,-93,98,98,3,3,-450
9550,78,-100,0,-98,-4,-7,-450
9551,79,-100,0,0,-4,-7,-450
9552,80,-99,0,0,-2,-6,-450
9553,81,-93,98,98,4,7,-450
9554,82,-93,98,0,4,7,-450
9555,83,-104,0,-98,-8,-4,-450
9556,84,-104,0,0,-7,-5,-450
9557,85,-104,0,0,-7,-11,-450
9558,86,-104,0,0,-6,-4,-450
9559,87,-104,0,0,-6,-4,-450
9560,88,-100,0,0,-1,-1,-450
9561,89,-93,98,98,6,0,-450
9562,90,-104,0,-98,-5,-11,-450
9563,91,-104,0,0,-5,0,-450
9564,92,-99,0,0,0,5,-450
9565,93,-93,98,98,6,11,-450
9566,94,-93,98,0,6,11,-450
9567,95,-93,98,0,6,11,-450
9568,96,-93,98,0,5,7,-450
9569,97,-93,98,0,5,0,-490
9570,98,-93,98,0,5,11,-490
9571,99,-93,98,0,5,11,-425
9572,100,-93,98,0,4,6,-432
9573,101,-96,0,-98,1,-3,-432
9574,102,-96,-100,-100,1,-3,-432
9575,103,-96,-200,-100,1,-3,-432
9576,104,-96,-200,0,1,-3,-432
9577,105,-96,-100,100,1,-3,-432
9578,106,-96,0,100,1,-3,-432
9579,107,-93,98,98,4,0,-432
9580,108,-93,98,0,4,0,-432
9581,109,-93,98,0,4,3,-432
9582,110,-93,98,0,4,3,-435
9583,111,-93,98,0,3,3,-442
9584,112,-96,0,-98,0,0,-442
9585,113,-96,-100,-100,0,0,-442
9586,114,-96,-200,-100,0,0,-442
9587,115,-101,0,200,-5,-8,-442
9588,116,-101,-100,-100,-4,-8,-442
9589,117,-101,-100,0,-4,-8,-442
9590,118,-101,-100,0,-4,-8,-442
9591,119,-101,0,100,-3,-8,-442
9592,120,-96,0,0,2,0,-442
9593,121,-96,0,0,2,0,-442
9594,122,-96,-100,-100,2,0,-442
9595,123,-96,-100,0,2,5,-442
9596,124,-96,-100,0,2,5,-442
9597,125,-96,-100,0,2,5,-442
9598,126,-96,0,100,2,5,-442
9599,127,-93,98,98,5,8,-442
9600,128,-93,98,0,4,3,-442
9601,129,-93,98,0,4,3,-442
9602,130,-93,98,0,4,3,-442
9603,131,-93,98,0,4,3,-442
9604,132,-93,98,0,4,3,-442
9605,133,-93,98,0,3,3,-442
9606,134,-99,-175,-273,-3,-3,-442
9607,135,-99,-175,0,-3,-6,-442
9608,136,-99,-175,0,-2,-6,-442
9609,137,-99,-275,-100,-2,-6,-442
9610,138,-99,-275,0,-2,-6,-442
9611,139,-99,-275,0,-2,-6,-442
9612,140,-99,-275,0,-2,-6,-442
9613,141,-99,-275,0,-1,-6,-442
9614,142,-99,-275,0,-1,0,-442
9615,143,-99,-175,100,-1,0,-442
9616,144,-99,-175,0,-1,0,-442
9617,145,-99,-175,0,-1,0,-442
9618,146,-99,-175,0,-1,0,-442
9619,147,-99,-175,0,-1,0,-442
9620,148,-99,-275,-100,-1,0,-442
9621,149,-99,-275,0,0,0,-442
9622,150,-102,0,275,-3,-3,-442
9623,151,-102,0,0,-3,-3,-442
9624,152,-102,0,0,-3,-3,-442
9625,153,-101,0,0,-2,-2,-442
9626,154,-99,-175,-175,1,0,-442
9627,155,-99,-275,-100,1,0,-442
9628,156,-99,-275,0,1,0,-442
9629,157,-99,-275,0,1,0,-535
9630,158,-101,0,275,-1,1,-535
9631,159,-101,-100,-100,-1,1,-535
9632,160,-101,-100,0,-1,1,-535
9633,161,-101,-200,-100,-1,0,-535
9634,162,-101,-200,0,-1,-2,-535
9635,163,-101,-100,100,-1,-2,-535
9636,164,-101,-100,0,-1,-2,-843
9637,165,-103,0,100,-3,-4,-843
9638,166,-103,-100,-100,-2,-2,-843
9639,167,-103,0,100,-2,-2,-843
9640,168,-101,-100,-100,0,0,-843
9641,169,-101,0,100,0,0,-843
9642,170,-99,-175,-175,2,2,-843
9643,171,-99,-275,-100,2,2,-843
9644,172,-99,-275,0,2,2,-843
9645,173,-99,-175,100,2,4,-843
9646,174,-99,-175,0,2,4,-843
9647,175,-99,-175,0,2,4,-843
9648,176,-99,-175,0,2,2,-843
9649,177,-99,-175,0,2,2,-843
9650,178,-93,-2,173,8,6,-760
9651,179,-93,-2,0,7,6,-760
9652,180,-93,-2,0,7,6,-760
9653,181,-93,-2,0,6,6,-760
9654,182,-93,-2,0,6,6,-760
9655,183,-93,-2,0,6,6,-760
9656,184,-93,-102,-100,5,6,-760
9657,185,-93,-102,0,5,6,-760
9658,186,-98,-100,2,0,-5,-760
9659,187,-98,-100,0,0,-5,-760
9660,188,-98,-100,0,0,-5,-760
9661,189,-98,-100,0,0,-5,-760
9662,190,-100,0,100,-2,-7,-760
9663,191,-100,-100,-100,-2,-7,-760
9664,192,-100,-500,-400,-1,-7,-760
9665,193,-100,-500,0,-1,-7,-760
9666,194,-100,-500,0,-1,-2,-760
9667,195,-100,-400,100,-1,-2,-560
9668,196,-100,-300,100,-1,-2,-435
9669,197,-95,0,300,4,3,165
9670,198,-95,0,0,4,5,165
9671,199,-95,0,0,4,5,165
9672,200,-95,0,0,4,5,165
9673,201,-103,0,0,-5,-3,165
9674,202,-103,0,0,-4,-3,165
9675,203,-103,0,0,-4,-3,165
9676,204,-103,0,0,-4,-3,165
9677,205,-103,0,0,-3,-8,165
9678,206,-103,0,0,-3,-8,165
9679,207,-95,0,0,5,0,263
9680,208,-95,0,0,5,0,263
9681,209,-95,0,0,5,8,263
9682,210,-95,0,0,4,8,263
9683,211,-95,0,0,4,8,263
9684,212,-93,-2,-2,6,10,263
9685,213,-93,-102,-100,6,10,263
9686,214,-93,-102,0,5,10,263
9687,215,-93,-102,0,5,2,263
9688,216,-93,-102,0,5,2,263
9689,217,-102,0,102,-4,-7,263
9690,218,-102,0,0,-4,-7,65
9691,219,-102,0,0,-4,-7,65
9692,220,-102,-100,-100,-3,-9,65
9693,221,-103,0,100,-4,-10,65
9694,222,-103,-100,-100,-4,-10,65
9695,223,-103,-100,0,-4,-10,65
9696,224,-103,-100,0,-3,-10,65
9697,225,-103,-100,0,-3,-1,30
9698,226,-103,-100,0,-3,-1,30
9699,227,-104,0,100,-4,-2,30
9700,228,-104,-100,-100,-3,-2,30
9701,229,-104,-100,0,-3,-1,30
9702,230,-104,-340,-240,-3,-1,30
9703,231,-104,-340,0,-3,-1,30
9704,232,-104,-340,0,-2,-1,30
9705,233,-104,-240,100,-2,-1,165
9706,234,-104,-140,100,-2,-1,365
9707,235,-103,-100,40,-1,1,615
9708,236,-103,0,100,-1,1,815
9709,237,-103,60,60,-1,1,975
9710,238,-103,60,0,0,1,975
9711,239,-103,60,0,0,1,975
9712,240,-103,60,0,0,1,600
9713,241,-103,60,0,0,1,600
9714,242,-103,60,0,0,1,600
9715,243,-103,60,0,0,0,600
9716,244,-103,60,0,0,0,600
9717,245,-104,0,-60,-1,-1,600
9718,246,-104,0,0,-1,-1,600
9719,247,-103,60,60,0,0,800
9720,248,-103,60,0,0,0,800
9721,249,-103,60,0,0,0,800
9722,250,-103,60,0,0,0,800
9723,251,-103,60,0,0,0,800
9724,252,-103,60,0,0,0,600
9725,253,-103,60,0,0,1,400
9726,254,-104,0,-60,-1,0,400
9727,255,-104,-100,-100,0,-1,400
9728,0,-104,-200,-100,0,-1,400
9729,1,-104,-200,0,0,-1,400
9730,2,-105,0,200,-1,-2,400
9731,3,-105,-600,-600,-1,-2,400
9732,4,-105,-600,0,-1,-2,-100
9733,5,-105,-600,0,-1,-2,-100
9734,6,-105,-600,0,-1,-1,-100
9735,7,-105,-600,0,-1,-1,-100
9736,8,-105,-500,100,-1,-1,-100
9737,9,-104,-200,300,1,0,-100
9738,10,-104,-700,-500,1,1,-100
9739,11,-104,-700,0,1,1,-100
9740,12,-104,-700,0,1,1,-100
9741,13,-105,0,700,0,0,-100
9742,14,-105,-500,-500,0,0,-100
9743,15,-105,-500,0,0,0,-100
9744,16,-105,0,500,0,0,-100
9745,17,-105,-300,-300,0,-1,-100
9746,18,-105,-300,0,0,-1,-100
9747,19,-105,0,300,0,-1,-100
9748,20,-105,0,0,0,-1,-100
9749,21,-105,-400,-400,0,0,-100
9750,22,-105,0,400,0,0,-100
9751,23,-105,-340,-340,0,0,-100
9752,24,-105,0,340,0,0,-100
9753,25,-105,-240,-240,0,0,-100
9754,26,-105,0,240,0,0,-100
9755,27,-105,-140,-140,0,0,-100
9756,28,-105,0,140,0,0,-100
9757,29,-105,-40,-40,0,0,-100
9758,30,-105,-40,0,0,0,-100
9759,31,-105,-40,0,0,0,-100
9760,32,-105,-40,0,0,0,-100
9761,33,-105,-40,0,0,0,-100
9762,34,-105,-40,0,0,0,-280
9763,35,-105,-40,0,0,0,-280
9764,36,-105,-40,0,0,0,-300
9765,37,-106,0,40,-1,-1,-300
9766,38,-106,-100,-100,0,-1,-300
9767,39,-106,-100,0,0,-1,-300
9768,40,-106,-290,-190,0,-1,-300
9769,41,-106,-290,0,0,-1,-300
9770,42,-106,-290,0,0,-1,-300
9771,43,-106,-190,100,0,-1,-300
9772,44,-106,-190,0,0,-1,-300
9773,45,-106,-190,0,0,0,-300
9774,46,-106,-90,100,0,0,-300
9775,47,-106,-90,0,0,0,-300
9776,48,-106,-90,0,0,0,-269
9777,49,-106,-90,0,0,0,-269
9778,50,-106,-90,0,0,0,-269
9779,51,-106,-90,0,0,0,-200
9780,52,-106,-90,0,0,0,-369
9781,53,-106,-90,0,0,0,-369
9782,54,-106,-90,0,0,0,-500
9783,55,-106,-90,0,0,0,-809
9784,56,-106,-90,0,0,0,-809
9785,57,-106,-90,0,0,0,-809
9786,58,-106,-90,0,0,0,-940
9787,59,-107,0,90,-1,-1,-940
9788,60,-107,-190,-190,0,-1,-940
9789,61,-107,-190,0,0,-1,-940
9790,62,-107,-90,100,0,-1,-940
9791,63,-107,-90,0,0,-1,-1020
9792,64,-107,-90,0,0,-1,-945
9793,65,-109,0,90,-2,-3,-945
9794,66,-109,-100,-100,-2,-3,-945
9795,67,-109,-290,-190,-2,-2,-945
9796,68,-109,-290,0,-2,-2,-945
9797,69,-109,-190,100,-1,-2,-945
9798,70,-109,-190,0,-1,-2,-945
9799,71,-110,0,190,-2,-3,-945
9800,72,-110,-190,-190,-2,-3,-945
9801,73,-110,-190,0,-2,-1,-945
9802,74,-110,-190,0,-2,-1,-945
9803,75,-110,-190,0,-1,-1,-945
9804,76,-110,-190,0,-1,-1,-945
9805,77,-110,-190,0,-1,-1,-945
9806,78,-110,-190,0,-1,-1,-945
9807,79,-110,-190,0,-1,0,-945
9808,80,-110,-90,100,-1,0,-945
9809,81,-110,-90,0,-1,0,-945
9810,82,-110,-90,0,-1,0,-945
9811,83,-110,-90,0,0,0,-945
9812,84,-113,-90,0,-3,-3,-945
9813,85,-113,-90,0,-3,-3,-945
9814,86,-113,-90,0,-3,-3,-945
9815,87,-113,-90,0,-3,-3,-945
9816,88,-113,-90,0,-2,-3,-945
9817,89,-113,-90,0,-2,-3,-945
9818,90,-113,-85,5,-2,-3,-1040
9819,91,-113,-85,0,-2,-3,-1040
9820,92,-113,-85,0,-2,0,-1040
9821,93,-113,-85,0,-1,0,-1040
9822,94,-113,-85,0,-1,0,-1040
9823,95,-113,-85,0,-1,0,-980
9824,96,-113,-85,0,-1,0,-980
9825,97,-113,-85,0,-1,0,-980
9826,98,-113,-85,0,-1,0,-980
9827,99,-113,-85,0,-1,0,-980
9828,100,-116,0,85,-4,-3,-980
9829,101,-116,-185,-185,-3,-3,-980
9830,102,-116,-185,0,-3,-3,-980
9831,103,-116,-185,0,-3,-3,-980
9832,104,-116,-185,0,-3,-3,-980
9833,105,-116,-185,0,-2,-3,-980
9834,106,-116,-185,0,-2,-3,-980
9835,107,-116,-185,0,-2,-3,-980
9836,108,-116,-185,0,-2,0,-980
9837,109,-116,-185,0,-2,0,-980
9838,110,-116,-185,0,-1,0,-980
9839,111,-116,-185,0,-1,0,-980
9840,112,-116,-185,0,-1,0,-980
9841,113,-116,-185,0,-1,0,-980
9842,114,-116,-185,0,-1,0,-980
9843,115,-116,-185,0,-1,0,-980
9844,116,-116,-185,0,-1,0,-980
9845,117,-116,-185,0,-1,0,-980
9846,118,-116,-85,100,0,0,-980
9847,119,-116,-35,50,0,0,-830
9848,120,-116,-35,0,0,0,-830
9849,121,-116,-35,0,0,0,-830
9850,122,-116,-35,0,0,0,-830
9851,123,-116,-30,5,0,0,-745
9852,124,-116,-30,0,0,0,-745
9853,125,-116,-30,0,0,0,-745
9854,126,-116,-30,0,0,0,-745
9855,127,-116,70,100,0,0,-525
9856,128,-108,0,-70,8,8,-426
9857,129,-108,0,0,8,8,-426
9858,130,-108,0,0,7,8,-426
9859,131,-108,0,0,7,8,-426
9860,132,-108,0,0,7,8,-426
9861,133,-108,0,0,6,8,-426
9862,134,-103,98,98,11,13,-426
9863,135,-103,98,0,10,13,-426
9864,136,-103,98,0,10,5,-426
9865,137,-103,98,0,9,5,-426
9866,138,-103,98,0,9,5,-426
9867,139,-103,98,0,8,5,-426
9868,140,-103,98,0,8,5,-426
9869,141,-103,98,0,7,5,-426
9870,142,-103,98,0,7,0,-465
9871,143,-106,0,-98,3,-3,-465
9872,144,-106,-100,-100,3,-3,-465
9873,145,-106,-100,0,3,-3,-465
9874,146,-106,-200,-100,3,-3,-465
9875,147,-106,-200,0,3,-3,-465
9876,148,-106,-200,0,3,-3,-465
9877,149,-106,-200,0,3,-3,-465
9878,150,-106,-100,100,3,-3,-465
9879,151,-106,0,100,2,0,-465
9880,152,-103,98,98,5,3,-465
9881,153,-103,98,0,5,3,-465
9882,154,-103,98,0,5,3,-465
9883,155,-103,98,0,5,3,-465
9884,156,-103,98,0,4,3,-465
9885,157,-103,98,0,4,3,-465
9886,158,-103,98,0,4,3,-465
9887,159,-94,0,-98,13,12,-465
9888,160,-93,75,75,13,10,-465
9889,161,-93,-25,-100,12,10,-465
9890,162,-93,-25,0,12,10,-465
9891,163,-102,0,25,2,1,-465
9892,164,-102,0,0,2,1,-465
9893,165,-102,-100,-100,2,1,-465
9894,166,-102,-100,0,2,1,-465
9895,167,-102,-100,0,2,-8,-465
9896,168,-102,-100,0,2,-9,-465
9897,169,-102,0,100,2,-9,-465
9898,170,-102,0,0,1,-9,-465
9899,171,-102,0,0,1,0,-465
9900,172,-102,0,0,1,0,-465
9901,173,-102,0,0,1,0,-465
9902,174,-102,0,0,1,0,-465
9903,175,-102,0,0,1,0,-465
9904,176,-102,0,0,1,0,-465
9905,177,-102,0,0,1,0,-465
9906,178,-102,0,0,1,0,-465
9907,179,-102,0,0,1,0,-465
9908,180,-102,0,0,1,0,-465
9909,181,-102,0,0,1,0,-465
9910,182,-102,0,0,1,0,-465
9911,183,-102,0,0,1,0,-465
9912,184,-102,0,0,1,0,-465
9913,185,-102,0,0,1,0,-465
9914,186,-102,0,0,1,0,-465
9915,187,-102,0,0,1,0,-465
9916,188,-102,0,0,1,0,-465
9917,189,-102,0,0,1,0,-465
9918,190,-102,0,0,1,0,-465
9919,191,-101,0,0,2,1,-465
9920,192,-93,-25,-25,10,9,-465
9921,193,-93,-25,0,10,9,-465
9922,194,-93,-25,0,9,9,-465
9923,195,-93,-25,0,9,9,-465
9924,196,-93,-25,0,8,9,-465
9925,197,-93,-25,0,8,9,-465
9926,198,-93,-25,0,7,9,-465
9927,199,-93,-25,0,7,8,-465
9928,200,-93,-25,0,7,0,-465
9929,201,-93,-25,0,6,0,-465
9930,202,-93,-25,0,6,0,-465
9931,203,-93,-25,0,6,0,-465
9932,204,-93,-25,0,5,0,-465
9933,205,-93,-25,0,5,0,-465
9934,206,-93,-25,0,5,0,-465
9935,207,-93,-25,0,5,0,-496
9936,208,-97,0,25,0,-4,-496
9937,209,-97,-100,-100,0,-4,-496
9938,210,-97,-200,-100,0,-4,-496
9939,211,-97,-200,0,0,-4,-496
9940,212,-97,-200,0,0,-4,-496
9941,213,-97,-200,0,0,-4,-496
9942,214,-97,-100,100,0,-4,-496
9943,215,-97,-100,0,0,-4,-496
9944,216,-97,-100,0,0,0,-496
9945,217,-97,0,100,0,0,-496
9946,218,-93,75,75,4,4,-496
9947,219,-93,75,0,4,4,-496
9948,220,-93,75,0,4,4,-496
9949,221,-93,75,0,4,4,-496
9950,222,-93,-25,-100,4,4,-496
9951,223,-93,-25,0,3,4,-496
9952,224,-93,-25,0,3,4,-496
9953,225,-93,-25,0,3,4,-496
9954,226,-93,-25,0,3,0,-496
9955,227,-93,-25,0,3,0,-496
9956,228,-93,-25,0,3,0,-496
9957,229,-93,-25,0,3,0,-565
9958,230,-97,0,25,-1,-4,-565
9959,231,-97,-100,-100,-1,-4,-565
9960,232,-97,-100,0,-1,-4,-565
9961,233,-97,-200,-100,-1,-4,-565
9962,234,-97,-200,0,-1,-4,-565
9963,235,-106,0,200,-10,-13,-565
9964,236,-106,0,0,-9,-13,-565
9965,237,-106,0,0,-9,-13,-565
9966,238,-106,0,0,-8,-9,-783
9967,239,-106,0,0,-7,-9,-965
9968,240,-109,0,0,-10,-12,-965
9969,241,-109,0,0,-9,-12,-965
9970,242,-109,-100,-100,-9,-12,-965
9971,243,-116,0,100,-15,-10,-965
9972,244,-116,0,0,-14,-10,-965
9973,245,-116,0,0,-13,-10,-965
9974,246,-116,0,0,-12,-10,-965
9975,247,-116,0,0,-11,-10,-965
9976,248,-116,0,0,-11,-7,-965
9977,249,-116,0,0,-10,-7,-965
9978,250,-116,0,0,-9,-7,-965
9979,251,-116,0,0,-9,0,-965
9980,252,-116,0,0,-8,0,-965
9981,253,-116,0,0,-7,0,-965
9982,254,-116,0,0,-7,0,-965
9983,255,-116,0,0,-6,0,-965
9984,0,-116,0,0,-6,0,-965
9985,1,-116,0,0,-6,0,-1045
9986,2,-116,0,0,-5,0,-1045
9987,3,-116,0,0,-5,0,-1045
9988,4,-116,0,0,-4,0,-1045
9989,5,-116,0,0,-4,0,-1090
9990,6,-116,0,0,-4,0,-1090
9991,7,-116,0,0,-3,0,-1120
9992,8,-117,0,0,-4,-1,-1120
9993,9,-117,-100,-100,-4,-1,-1120
9994,10,-117,-100,0,-4,-1,-1120
9995,11,-117,0,100,-3,-1,-1120
9996,12,-117,0,0,-3,-1,-1120
9997,13,-116,0,0,-2,0,-1120
9998,14,-116,0,0,-2,0,-1120
9999,15,-116,0,0,-1,0,-1120
10000,16,-116,0,0,-1,1,-1120
10001,17,-116,0,0,-1,1,-1225
10002,18,-118,0,0,-3,-1,-1225
10003,19,-118,-100,-100,-3,-1,-1225
10004,20,-118,-100,0,-3,-1,-1225
10005,21,-118,-100,0,-2,-2,-1225
10006,22,-118,-100,0,-2,-2,-1225
10007,23,-118,-100,0,-2,-2,-1285
10008,24,-118,-100,0,-2,-2,-1285
10009,25,-118,-100,0,-2,-2,-1210
10010,26,-118,-100,0,-1,0,-1360
10011,27,-119,0,100,-2,-1,-1360
10012,28,-119,-100,-100,-2,-1,-1360
10013,29,-119,-100,0,-2,-1,-1360
10014,30,-119,-100,0,-2,-1,-1360
10015,31,-119,-100,0,-2,-1,-1360
10016,32,-119,-100,0,-1,-1,-1465
10017,33,-119,-100,0,-1,-1,-1465
10018,34,-120,0,100,-2,-2,-1465
10019,35,-120,0,0,-2,-1,-1465
10020,36,-120,0,0,-2,-1,-1465
10021,37,-120,0,0,-2,-1,-1465
10022,38,-120,0,0,-1,-1,-1625
10023,39,-120,0,0,-1,-1,-1625
10024,40,-120,0,0,-1,-1,-1625
10025,41,-119,0,0,0,0,-1625
10026,42,-119,0,0,0,1,-1625
10027,43,-119,0,0,0,1,-1625
10028,44,-119,0,0,0,1,-1625
10029,45,-119,0,0,0,1,-1625
10030,46,-116,0,0,3,4,-1625
10031,47,-116,0,0,3,4,-1625
10032,48,-116,0,0,3,4,-1625
10033,49,-116,0,0,3,3,-1755
10034,50,-118,0,0,1,1,-1755
10035,51,-118,-100,-100,1,1,-1755
10036,52,-118,-100,0,1,1,-1725
10037,53,-118,-100,0,1,1,-1725
10038,54,-119,0,100,0,-3,-1725
10039,55,-119,-100,-100,0,-3,-1725
10040,56,-119,-100,0,0,-3,-1725
10041,57,-119,-100,0,0,-3,-1725
10042,58,-119,-100,0,0,-1,-1725
10043,59,-119,-100,0,0,-1,-1725
10044,60,-119,-100,0,0,-1,-1725
10045,61,-119,0,100,0,-1,-1725
10046,62,-119,0,0,0,0,-1725
10047,63,-119,0,0,0,0,-1725
10048,64,-119,0,0,0,0,-1725
10049,65,-120,0,0,-1,-1,-1725
10050,66,-120,0,0,0,-1,-1725
10051,67,-119,0,0,1,0,-1725
10052,68,-119,0,0,1,0,-1538
10053,69,-120,0,0,0,-1,-1538
10054,70,-120,0,0,0,-1,-1538
10055,71,-119,0,0,1,0,-1538
10056,72,-119,0,0,1,0,-1538
10057,73,-119,0,0,1,1,-1538
10058,74,-119,0,0,1,1,-1538
10059,75,-116,0,0,4,3,-1538
10060,76,-116,0,0,4,3,-1538
10061,77,-116,0,0,3,4,-1538
10062,78,-116,-8,-8,3,4,-1538
10063,79,-116,-8,0,3,3,-1538
10064,80,-116,-8,0,3,3,-1415
10065,81,-116,-8,0,3,3,-1415
10066,82,-116,-8,0,3,3,-1415
10067,83,-116,-8,0,3,0,-1415
10068,84,-116,-8,0,2,0,-1325
10069,85,-116,-8,0,2,0,-1345
10070,86,-116,-8,0,2,0,-1345
10071,87,-116,-8,0,2,0,-1225
10072,88,-116,-8,0,2,0,-1225
10073,89,-118,0,8,0,-2,-1225
10074,90,-118,-100,-100,0,-2,-1225
10075,91,-118,-100,0,0,-2,-1225
10076,92,-118,-100,0,0,-2,-1225
10077,93,-118,-100,0,0,-2,-1225
10078,94,-118,-100,0,0,-2,-1225
10079,95,-118,-100,0,0,-2,-1225
10080,96,-118,-100,0,0,-2,-1225
10081,97,-118,0,100,0,0,-1225
10082,98,-118,0,0,0,0,-1225
10083,99,-118,0,0,0,0,-1225
10084,100,-118,0,0,0,0,-1075
10085,101,-118,0,0,0,0,-1075
10086,102,-118,0,0,0,0,-1085
10087,103,-116,-8,-8,2,2,-1085
10088,104,-116,-8,0,2,2,-1085
10089,105,-116,-8,0,2,2,-1085
10090,106,-116,-8,0,2,2,-1100
10091,107,-116,-8,0,2,2,-1060
10092,108,-116,-8,0,2,2,-1060
10093,109,-116,-8,0,2,2,-1060
10094,110,-116,-8,0,2,2,-1000
10095,111,-116,-8,0,2,0,-1000
10096,112,-116,-8,0,2,0,-1000
10097,113,-116,-8,0,2,0,-1000
10098,114,-116,-8,0,2,0,-1000
10099,115,-116,-8,0,2,0,-910
10100,116,-116,-8,0,2,0,-900
10101,117,-116,-8,0,2,0,-820
10102,118,-116,-8,0,1,0,-820
10103,119,-116,-8,0,1,0,-750
10104,120,-116,-8,0,1,0,-700
10105,121,-116,-8,0,1,0,-660
10106,122,-116,-8,0,1,0,-660
10107,123,-116,-8,0,1,0,-660
10108,124,-116,-8,0,1,0,-700
10109,125,-116,-8,0,1,0,-660
10110,126,-116,-8,0,1,0,-660
10111,127,-116,-8,0,1,0,-700
10112,128,-116,-8,0,1,0,-650
10113,129,-116,-8,0,1,0,-680
10114,130,-116,-8,0,1,0,-640
10115,131,-116,-8,0,1,0,-700
10116,132,-118,0,8,-1,-2,-700
10117,133,-118,-100,-100,0,-2,-700
10118,134,-118,-100,0,0,-2,-700
10119,135,-118,-100,0,0,-2,-700
10120,136,-118,-100,0,0,-2,-740
10121,137,-118,-100,0,0,-2,-800
10122,138,-119,0,100,-1,-3,-800
10123,139,-119,-100,-100,-1,-3,-800
10124,140,-119,-200,-100,-1,-1,-800
10125,141,-119,-200,0,-1,-1,-800
10126,142,-119,-200,0,-1,-1,-800
10127,143,-119,-100,100,-1,-1,-800
10128,144,-119,0,100,0,-1,-800
10129,145,-118,0,0,1,0,-800
10130,146,-116,-8,-8,3,3,-800
10131,147,-116,-8,0,2,3,-840
10132,148,-118,0,8,0,1,-840
10133,149,-118,-100,-100,0,1,-840
10134,150,-118,-100,0,0,1,-840
10135,151,-118,0,100,0,1,-840
10136,152,-116,-8,-8,2,3,-840
10137,153,-116,-8,0,2,2,-860
10138,154,-116,-8,0,2,0,-860
10139,155,-116,-8,0,2,0,-860
10140,156,-116,-8,0,2,2,-900
10141,157,-116,-8,0,2,2,-980
10142,158,-116,-8,0,2,2,-1150
10143,159,-118,0,8,0,0,-1150
10144,160,-118,-100,-100,0,-2,-1150
10145,161,-118,-100,0,0,-2,-1150
10146,162,-118,-100,0,0,-2,-1200
10147,163,-119,0,100,-1,-3,-1200
10148,164,-119,-100,-100,-1,-3,-1200
10149,165,-119,-100,0,-1,-3,-1200
10150,166,-119,-100,0,0,-3,-1240
10151,167,-119,-100,0,0,-1,-1240
10152,168,-119,0,100,0,-1,-1240
10153,169,-119,0,0,0,-1,-1200
10154,170,-120,0,0,-1,-2,-1200
10155,171,-120,0,0,-1,-1,-1200
10156,172,-120,0,0,-1,-1,-1200
10157,173,-116,-8,-8,3,3,-1200
10158,174,-116,-8,0,3,3,-1200
10159,175,-116,-8,0,3,3,-1200
10160,176,-116,-108,-100,3,3,-1200
10161,177,-116,-108,0,3,3,-1200
10162,178,-116,-108,0,3,4,-1200
10163,179,-116,-108,0,2,4,-1200
10164,180,-116,-108,0,2,4,-1250
10165,181,-118,0,108,0,-2,-1250
10166,182,-118,-100,-100,0,-2,-1250
10167,183,-118,-100,0,0,-2,-1250
10168,184,-118,-100,0,0,-2,-1250
10169,185,-118,-100,0,0,-2,-1250
10170,186,-118,-100,0,0,-2,-1250
10171,187,-118,-100,0,0,-2,-1250
10172,188,-118,0,100,0,-2,-1250
10173,189,-116,-8,-8,2,2,-1250
10174,190,-116,-8,0,2,2,-1250
10175,191,-116,-8,0,2,2,-1250
10176,192,-116,-8,0,2,2,-1250
10177,193,-116,-8,0,2,2,-1250
10178,194,-116,-108,-100,2,2,-1250
10179,195,-116,-108,0,2,2,-1250
10180,196,-116,-108,0,2,2,-1250
10181,197,-116,-108,0,2,0,-1250
10182,198,-116,-108,0,2,0,-1250
10183,199,-129,-100,8,-11,-13,-1250
10184,200,-129,-100,0,-10,-13,-1250
10185,201,-129,-100,0,-10,-13,-1250
10186,202,-129,-100,0,-9,-13,-1250
10187,203,-129,-100,0,-8,-13,-1250
10188,204,-129,-100,0,-8,-13,-1250
10189,205,-129,-100,0,-7,-13,-1250
10190,206,-129,-100,0,-7,-13,-1250
10191,207,-129,-100,0,-6,0,-1250
10192,208,-116,-100,0,7,13,-1000
10193,209,-116,-100,0,7,13,-1000
10194,210,-116,-100,0,6,13,-1000
10195,211,-116,-100,0,6,13,-1000
10196,212,-116,-100,0,6,13,-1000
10197,213,-116,-100,0,5,13,-1000
10198,214,-116,-100,0,5,13,-1000
10199,215,-116,0,100,5,13,-1000
10200,216,-116,0,0,5,0,-1000
10201,217,-116,0,0,4,0,-1000
10202,218,-116,0,0,4,0,-1000
10203,219,-116,0,0,4,0,-1000
10204,220,-118,96,96,2,-2,-1000
10205,221,-118,96,0,2,-2,-1000
10206,222,-118,96,0,2,-2,-1000
10207,223,-118,96,0,2,-2,-1000
10208,224,-118,96,0,2,-2,-1000
10209,225,-118,96,0,2,-2,-1000
10210,226,-118,96,0,1,-2,-1000
10211,227,-118,96,0,1,-2,-1050
10212,228,-119,0,-96,0,-1,-1050
10213,229,-119,-100,-100,0,-1,-1050
10214,230,-119,-100,0,0,-1,-1050
10215,231,-119,-100,0,0,-1,-1050
10216,232,-119,-100,0,0,-1,-1050
10217,233,-120,0,100,-1,-2,-1050
10218,234,-119,-100,-100,1,-1,-1050
10219,235,-119,-100,0,1,-1,-1050
10220,236,-119,-100,0,1,0,-1110
10221,237,-120,0,100,0,-1,-1110
10222,238,-120,0,0,0,-1,-1110
10223,239,-119,0,0,1,0,-1110
10224,240,-118,96,96,2,1,-1110
10225,241,-118,96,0,2,2,-1110
10226,242,-118,96,0,2,1,-1110
10227,243,-118,96,0,1,1,-1110
10228,244,-111,0,-96,8,8,-1096
10229,245,-111,0,0,8,9,-1096
10230,246,-111,0,0,8,9,-1096
10231,247,-111,0,0,7,8,-1096
10232,248,-103,75,75,15,15,-1096
10233,249,-103,75,0,14,15,-1096
10234,250,-103,75,0,13,15,-1096
10235,251,-103,75,0,12,15,-1096
10236,252,-103,75,0,12,8,-1096
10237,253,-103,75,0,11,8,-1096
10238,254,-103,75,0,10,8,-1096
10239,255,-103,75,0,10,8,-1096
10240,0,-103,-25,-100,9,0,-1096
10241,1,-103,-25,0,9,0,-1096
10242,2,-103,-25,0,8,0,-1096
10243,3,-103,-25,0,8,0,-1096
10244,4,-103,-25,0,7,0,-1096
10245,5,-103,-25,0,7,0,-1096
10246,6,-103,-25,0,7,0,-1096
10247,7,-117,80,105,-8,-14,-1096
10248,8,-117,80,0,-7,-14,-1096
10249,9,-117,77,-3,-7,-14,-1096
10250,10,-117,77,0,-6,-14,-1096
10251,11,-117,77,0,-6,-14,-1096
10252,12,-117,77,0,-5,-14,-1096
10253,13,-118,92,15,-6,-15,-1096
10254,14,-118,-8,-100,-6,-15,-1096
10255,15,-118,-8,0,-5,-1,-1096
10256,16,-118,-8,0,-5,-1,-1096
10257,17,-118,-8,0,-4,-1,-1096
10258,18,-118,-8,0,-4,-1,-1096
10259,19,-120,0,8,-6,-3,-1096
10260,20,-120,-100,-100,-5,-3,-1096
10261,21,-120,-100,0,-5,-2,-1096
10262,22,-120,-100,0,-5,-2,-1096
10263,23,-120,-100,0,-4,-2,-1096
10264,24,-120,-100,0,-4,-2,-1096
10265,25,-120,-100,0,-4,-2,-1096
10266,26,-120,-100,0,-3,-2,-1096
10267,27,-122,0,100,-5,-2,-1096
10268,28,-122,-100,-100,-5,-2,-1096
10269,29,-122,-200,-100,-4,-2,-1096
10270,30,-122,-200,0,-4,-2,-1096
10271,31,-122,-200,0,-4,-2,-1096
10272,32,-122,-100,100,-3,-2,-1096
10273,33,-122,-100,0,-3,-2,-1096
10274,34,-122,-100,0,-3,-2,-1096
10275,35,-122,-100,0,-3,0,-1096
10276,36,-122,-100,0,-2,0,-1096
10277,37,-122,-100,0,-2,0,-1096
10278,38,-122,-100,0,-2,0,-1096
10279,39,-122,0,100,-2,0,-1096
10280,40,-122,0,0,-2,0,-1096
10281,41,-122,0,0,-1,0,-1096
10282,42,-122,0,0,-1,0,-1006
10283,43,-122,0,0,-1,0,-1106
10284,44,-124,0,0,-3,-2,-1106
10285,45,-124,-100,-100,-3,-2,-1106
10286,46,-124,-200,-100,-3,-2,-1106
10287,47,-124,-200,0,-2,-2,-1106
10288,48,-124,-100,100,-2,-2,-1106
10289,49,-124,-100,0,-2,-2,-1106
10290,50,-124,0,100,-2,-2,-1106
10291,51,-124,0,0,-2,-2,-1106
10292,52,-124,0,0,-1,0,-1106
10293,53,-124,0,0,-1,0,-1106
10294,54,-124,0,0,-1,0,-1106
10295,55,-118,-8,-8,5,6,-1106
10296,56,-118,-8,0,5,6,-1106
10297,57,-118,-8,0,4,6,-1106
10298,58,-118,-8,0,4,6,-1106
10299,59,-118,-8,0,4,6,-1106
10300,60,-118,-8,0,4,6,-1106
10301,61,-118,-8,0,4,6,-1106
10302,62,-118,-8,0,3,6,-1106
10303,63,-118,-8,0,3,0,-1106
10304,64,-118,-8,0,3,0,-1106
10305,65,-118,-8,0,3,0,-1106
10306,66,-118,0,8,3,0,-1106
10307,67,-118,0,0,3,0,-1106
10308,68,-118,0,0,3,0,-1106
10309,69,-118,0,0,3,0,-1106
10310,70,-118,0,0,2,0,-1176
10311,71,-118,0,0,2,0,-1152
10312,72,-121,0,0,-1,-3,-1152
10313,73,-121,0,0,-1,-3,-1152
10314,74,-121,0,0,0,-3,-1152
10315,75,-122,54,54,-1,-4,-1152
10316,76,-122,54,0,-1,-4,-1152
10317,77,-122,54,0,-1,-4,-1152
10318,78,-122,54,0,-1,-4,-1152
10319,79,-122,54,0,-1,-4,-1152
10320,80,-122,54,0,-1,-1,-1152
10321,81,-122,54,0,-1,-1,-1152
10322,82,-124,0,-54,-3,-3,-1152
10323,83,-124,0,0,-2,-2,-1152
10324,84,-124,0,0,-2,-2,-1152
10325,85,-124,0,0,-2,-2,-1152
10326,86,-126,0,0,-4,-4,-1152
10327,87,-126,-100,-100,-3,-4,-1152
10328,88,-126,-100,0,-3,-4,-1152
10329,89,-126,-100,0,-3,-4,-1152
10330,90,-126,0,100,-3,-2,-1152
10331,91,-123,-46,-46,1,1,-1152
10332,92,-123,-146,-100,1,1,-1152
10333,93,-123,-266,-120,1,1,-1152
10334,94,-123,-146,120,1,3,-1152
10335,95,-123,-146,0,1,3,-1152
10336,96,-123,-146,0,1,3,-1152
10337,97,-123,-146,0,1,3,-1152
10338,98,-126,-46,100,-2,0,-1152
10339,99,-126,-46,0,-2,-3,-1152
10340,100,-126,-46,0,-2,-3,-1152
10341,101,-126,-46,0,-2,-3,-1152
10342,102,-130,-46,0,-6,-7,-1152
10343,103,-130,-46,0,-5,-7,-1152
10344,104,-132,-332,-286,-7,-9,-1152
10345,105,-132,-332,0,-6,-9,-977
10346,106,-132,-332,0,-6,-6,-897
10347,107,-132,-332,0,-6,-6,-897
10348,108,-132,-332,0,-5,-6,-897
10349,109,-133,45,377,-6,-7,-897
10350,110,-133,45,0,-5,-3,-897
10351,111,-133,45,0,-5,-3,-812
10352,112,-133,45,0,-5,-1,-812
10353,113,-133,45,0,-4,-1,-812
10354,114,-133,45,0,-4,-1,-817
10355,115,-133,45,0,-4,-1,-802
10356,116,-134,0,-45,-4,-2,-802
10357,117,-134,0,0,-4,-1,-802
10358,118,-134,0,0,-4,-1,-802
10359,119,-134,0,0,-3,-1,-802
10360,120,-134,0,0,-3,-1,-802
10361,121,-134,0,0,-3,-1,-802
10362,122,-133,45,45,-2,0,-802
10363,123,-133,45,0,-1,0,-1017
10364,124,-133,45,0,-1,1,-1002
10365,125,-133,45,0,-1,1,-1002
10366,126,-133,-101,-146,-1,1,-1002
10367,127,-133,-101,0,-1,1,-1002
10368,128,-133,-101,0,-1,1,-1002
10369,129,-133,-101,0,-1,1,-1002
10370,130,-133,-101,0,-1,0,-917
10371,131,-133,-101,0,0,0,-1006
10372,132,-133,-101,0,0,0,-1006
10373,133,-133,-101,0,0,0,-921
10374,134,-134,0,101,-1,-1,-921
10375,135,-134,-146,-146,-1,-1,-921
10376,136,-134,-146,0,-1,-1,-921
10377,137,-134,-46,100,-1,-1,-921
10378,138,-134,-46,0,-1,-1,-921
10379,139,-135,0,46,-2,-2,-921
10380,140,-135,0,0,-1,-2,-921
10381,141,-135,0,0,-1,-2,-921
10382,142,-135,0,0,-1,-1,-1011
10383,143,-136,0,0,-2,-2,-1011
10384,144,-136,0,0,-2,-2,-1011
10385,145,-136,0,0,-2,-2,-1011
10386,146,-134,-46,-46,0,0,-1011
10387,147,-138,-100,-54,-4,-3,-1011
10388,148,-138,11,111,-3,-3,-700
10389,149,-138,-189,-200,-3,-3,-700
10390,150,-138,-100,89,-3,-3,-511
10391,151,-138,-89,11,-3,-2,-454
10392,152,-138,-89,0,-2,-2,-454
10393,153,-138,-89,0,-2,-2,-454
10394,154,-138,-89,0,-2,-4,-454
10395,155,-136,-46,43,0,2,-454
10396,156,-136,-46,0,0,2,-454
10397,157,-137,0,46,-1,1,-454
10398,158,-136,-46,-46,0,2,-454
10399,159,-136,-46,0,0,2,-454
10400,160,-136,-46,0,0,2,-454
10401,161,-136,-46,0,0,2,-454
10402,162,-136,-46,0,0,2,-454
10403,163,-137,-46,0,-1,-1,-454
10404,164,-137,-46,0,0,-1,-454
10405,165,-137,-46,0,0,0,-454
10406,166,-137,-46,0,0,-1,-529
10407,167,-137,-46,0,0,-1,-519
10408,168,-138,0,46,-1,-2,-519
10409,169,-138,-100,-100,-1,-2,-519
10410,170,-138,-200,-100,-1,-2,-519
10411,171,-138,-100,100,-1,-1,-519
10412,172,-138,0,100,-1,-1,-519
10413,173,-137,-46,-46,0,0,-519
10414,174,-138,-46,0,-1,-1,-519
10415,175,-138,-46,0,0,-1,-519
10416,176,-138,-46,0,0,0,-519
10417,177,-138,-46,0,0,0,-614
10418,178,-139,0,46,-1,-1,-614
10419,179,-138,-46,-46,0,0,-614
10420,180,-138,-46,0,0,0,-614
10421,181,-138,-46,0,0,-1,-614
10422,182,-138,54,100,0,0,-499
10423,183,-138,54,0,0,0,-499
10424,184,-138,54,0,0,0,-484
10425,185,-138,54,0,0,0,-494
10426,186,-139,0,-54,-1,0,-494
10427,187,-139,-100,-100,-1,-1,-494
10428,188,-139,-146,-46,0,-1,-494
10429,189,-139,-146,0,0,-1,-494
10430,190,-139,-146,0,0,-1,-494
10431,191,-139,-46,100,0,-1,-494
10432,192,-139,-46,0,0,-1,-413
10433,193,-139,-46,0,0,-1,-413
10434,194,-139,54,100,0,0,-413
10435,195,-139,54,0,0,0,-413
10436,196,-139,54,0,0,0,-494
10437,197,-139,54,0,0,0,-509
10438,198,-140,0,-54,-1,-1,-509
10439,199,-141,0,0,-2,-2,-509
10440,200,-141,-100,-100,-2,-2,-509
10441,201,-141,-100,0,-1,-2,-509
10442,202,-141,-100,0,-1,-2,-509
10443,203,-141,-100,0,-1,-2,-509
10444,204,-141,-100,0,-1,-2,-509
10445,205,-141,0,100,-1,-2,-509
10446,206,-141,0,0,-1,-1,-509
10447,207,-141,0,0,-1,0,-509
10448,208,-141,0,0,-1,0,-509
10449,209,-141,0,0,0,0,-509
10450,210,-140,54,54,1,1,-509
10451,211,-140,54,0,1,1,-509
10452,212,-140,54,0,1,1,-509
10453,213,-141,54,0,0,0,-509
10454,214,-141,54,0,0,0,-509
10455,215,-143,50,-4,-2,-2,-509
10456,216,-143,97,47,-2,-2,-447
10457,217,-143,97,0,-2,-2,-447
10458,218,-143,97,0,-2,-3,-447
10459,219,-143,97,0,-2,-3,-447
10460,220,-143,97,0,-1,-3,-447
10461,221,-143,97,0,-1,-2,-447
10462,222,-143,97,0,-1,-2,-447
10463,223,-143,97,0,-1,0,-447
10464,224,-141,54,-43,1,2,-344
10465,225,-141,54,0,1,2,-344
10466,226,-141,54,0,1,2,-344
10467,227,-141,54,0,1,2,-344
10468,228,-141,54,0,1,2,-344
10469,229,-141,94,40,1,2,-204
10470,230,-141,94,0,1,2,-204
10471,231,-141,94,0,1,2,-204
10472,232,-141,94,0,1,0,-204
10473,233,-141,94,0,1,0,-204
10474,234,-141,94,0,1,0,-204
10475,235,-141,94,0,1,0,-373
10476,236,-141,94,0,1,0,-373
10477,237,-141,94,0,1,0,-373
10478,238,-141,94,0,1,0,-533
10479,239,-141,94,0,1,0,-533
10480,240,-141,94,0,1,0,-533
10481,241,-141,94,0,1,0,-533
10482,242,-141,94,0,1,0,-533
10483,243,-141,94,0,1,0,-533
10484,244,-141,94,0,1,0,-533
10485,245,-141,94,0,1,0,-554
10486,246,-141,94,0,1,0,-483
10487,247,-141,94,0,1,0,-393
10488,248,-141,94,0,1,0,-484
10489,249,-141,94,0,1,0,-484
10490,250,-141,94,0,1,0,-484
10491,251,-141,94,0,1,0,-484
10492,252,-141,94,0,1,0,-484
10493,253,-141,94,0,1,0,-484
10494,254,-141,94,0,1,0,-484
10495,255,-141,94,0,1,0,-484
10496,0,-141,94,0,1,0,-484
10497,1,-141,94,0,1,0,-484
10498,2,-141,94,0,1,0,-484
10499,3,-141,94,0,1,0,-484
10500,4,-142,-17,-111,0,-1,-484
10501,5,-142,-17,0,0,-1,-484
10502,6,-142,8,25,0,-1,-359
10503,7,-141,94,86,1,0,-367
10504,8,-133,-60,-154,9,8,-291
10505,9,-133,-60,0,9,8,-291
10506,10,-133,-60,0,8,8,-291
10507,11,-133,-60,0,8,8,-291
10508,12,-133,-160,-100,7,9,-291
10509,13,-133,-160,0,7,9,-291
10510,14,-133,-160,0,7,9,-291
10511,15,-133,-160,0,6,8,-291
10512,16,-133,-160,0,6,0,-291
10513,17,-133,-160,0,6,0,-366
10514,18,-133,-160,0,5,0,-462
10515,19,-135,0,160,3,-2,-462
10516,20,-135,-100,-100,3,-2,-462
10517,21,-140,0,100,-2,-7,-462
10518,22,-140,0,0,-2,-7,-462
10519,23,-140,0,0,-2,-7,-462
10520,24,-133,-160,-160,5,0,-462
10521,25,-133,-160,0,5,0,-462
10522,26,-133,-160,0,5,0,-462
10523,27,-133,-160,0,5,2,-462
10524,28,-133,-160,0,4,2,-416
10525,29,-133,-160,0,4,7,-416
10526,30,-135,0,160,2,5,-416
10527,31,-135,-100,-100,2,5,-416
10528,32,-135,-100,0,2,-2,-416
10529,33,-135,0,100,2,-2,-416
10530,34,-133,-160,-160,4,0,-416
10531,35,-133,-160,0,4,0,-563
10532,36,-135,0,160,1,-2,-563
10533,37,-135,-100,-100,1,-2,-563
10534,38,-140,0,100,-4,-5,-563
10535,39,-135,-100,-100,2,0,-563
10536,40,-143,-300,-200,-6,-8,-563
10537,41,-143,-300,0,-6,-8,-563
10538,42,-143,-300,0,-5,-10,-563
10539,43,-143,-200,100,-5,-10,-466
10540,44,-143,-200,0,-5,-8,-466
10541,45,-143,-100,100,-4,-8,-406
10542,46,-143,0,100,-4,-3,-248
10543,47,-133,-160,-160,6,2,-77
10544,48,-143,-300,-140,-4,0,-77
10545,49,-143,-300,0,-4,0,-77
10546,50,-143,-200,100,-3,0,33
10547,51,-143,-100,100,-3,0,162
10548,52,-143,0,100,-3,0,272
10549,53,-143,0,0,-3,0,273
10550,54,-133,-160,-160,8,10,348
10551,55,-133,-160,0,7,0,348
10552,56,-143,-300,-140,-3,0,348
10553,57,-143,-300,0,-3,0,348
10554,58,-143,-200,100,-3,0,356
10555,59,-143,-200,0,-2,0,356
10556,60,-143,-200,0,-2,0,356
10557,61,-143,-200,0,-2,0,270
10558,62,-143,-200,0,-2,-10,270
10559,63,-143,-200,0,-2,-10,270
10560,64,-143,-200,0,-2,0,270
10561,65,-143,-200,0,-1,0,270
10562,66,-143,-100,100,-1,0,470
10563,67,-143,-100,0,-1,0,550
10564,68,-144,0,100,-2,-1,550
10565,69,-143,-100,-100,-1,0,550
10566,70,-143,-100,0,-1,0,550
10567,71,-143,-100,0,-1,0,550
10568,72,-143,-100,0,0,0,550
10569,73,-143,-100,0,0,0,550
10570,74,-143,-100,0,0,0,550
10571,75,-143,-100,0,0,0,550
10572,76,-143,-100,0,0,1,500
10573,77,-144,0,100,-1,-1,500
10574,78,-144,-100,-100,-1,-1,500
10575,79,-144,-100,0,-1,-1,500
10576,80,-144,-100,0,-1,-1,500
10577,81,-144,0,100,-1,-1,500
10578,82,-143,-100,-100,0,0,500
10579,83,-143,-100,0,0,0,500
10580,84,-144,0,100,-1,-1,500
10581,85,-144,0,0,0,0,500
10582,86,-143,-100,-100,1,1,500
10583,87,-143,-100,0,1,1,500
10584,88,-144,0,100,0,0,500
10585,89,-143,-100,-100,1,1,500
10586,90,-143,-100,0,1,0,500
10587,91,-147,0,100,-3,-4,500
10588,92,-147,0,0,-3,-3,500
10589,93,-147,0,0,-3,-3,500
10590,94,-147,0,0,-3,-4,300
10591,95,-147,0,0,-2,-4,100
10592,96,-147,0,0,-2,-3,100
10593,97,-147,0,0,-2,-4,-100
10594,98,-147,0,0,-2,-4,-100
10595,99,-147,0,0,-2,0,-300
10596,100,-147,0,0,-1,0,-300
10597,101,-147,0,0,-1,0,-300
10598,102,-147,0,0,-1,0,-410
10599,103,-147,0,0,-1,0,-410
10600,104,-147,0,0,-1,0,-410
10601,105,-143,-100,-100,3,4,-410
10602,106,-147,0,100,-1,0,-410
10603,107,-143,-100,-100,3,4,-410
10604,108,-147,0,100,-1,0,-410
10605,109,-143,-100,-100,3,4,-210
10606,110,-147,0,100,-1,0,-210
10607,111,-143,-100,-100,3,4,-210
10608,112,-137,0,100,9,10,-210
10609,113,-137,0,0,9,6,-400
10610,114,-137,0,0,8,10,-420
10611,115,-137,0,0,8,6,-620
10612,116,-140,0,0,4,7,-620
10613,117,-140,0,0,4,3,-620
10614,118,-140,-100,-100,4,7,-620
10615,119,-140,-100,0,4,3,-620
10616,120,-140,-100,0,3,-3,-620
10617,121,-140,-200,-100,3,-3,-620
10618,122,-140,-200,0,3,-3,-620
10619,123,-140,-200,0,3,-3,-620
10620,124,-140,-200,0,3,0,-620
10621,125,-140,-200,0,3,0,-620
10622,126,-140,-200,0,3,0,-620
10623,127,-140,-200,0,3,0,-700
10624,128,-142,0,200,0,-2,-700
10625,129,-142,-100,-100,0,-2,-700
10626,130,-142,-100,0,0,-2,-700
10627,131,-142,-100,0,0,-2,-700
10628,132,-142,0,100,0,-2,-700
10629,133,-142,0,0,0,-2,-700
10630,134,-142,0,0,0,-2,-700
10631,135,-140,0,0,2,0,-700
10632,136,-137,0,0,5,5,-700
10633,137,-133,-160,-160,9,9,-700
10634,138,-133,-160,0,9,9,-700
10635,139,-133,-160,0,8,9,-700
10636,140,-133,-160,0,8,9,-700
10637,141,-136,0,160,4,6,-700
10638,142,-136,-100,-100,4,6,-700
10639,143,-136,-100,0,4,4,-700
10640,144,-136,-200,-100,4,1,-700
10641,145,-136,-200,0,3,-3,-700
10642,146,-136,-100,100,3,-3,-700
10643,147,-136,-100,0,3,-3,-700
10644,148,-139,0,100,0,-6,-700
10645,149,-139,-100,-100,0,-3,-700
10646,150,-139,-100,0,0,-3,-700
10647,151,-139,-200,-100,0,-3,-700
10648,152,-139,-200,0,0,-3,-700
10649,153,-139,-200,0,0,-3,-700
10650,154,-139,-200,0,0,-3,-700
10651,155,-139,-200,0,0,-3,-700
10652,156,-141,0,200,-2,-2,-700
10653,157,-141,-100,-100,-1,-2,-700
10654,158,-141,-100,0,-1,-2,-700
10655,159,-141,-200,-100,-1,-2,-700
10656,160,-141,-200,0,-1,-2,-700
10657,161,-141,-200,0,-1,-2,-700
10658,162,-141,-100,100,-1,-2,-700
10659,163,-141,-100,0,-1,-2,-700
10660,164,-141,0,100,-1,0,-700
10661,165,-141,0,0,0,0,-700
10662,166,-133,-60,-60,8,8,-700
10663,167,-133,-60,0,7,8,-700
10664,168,-133,-60,0,7,8,-700
10665,169,-148,-9079,-9019,-9,-7,-700
10666,170,-148,-9079,0,-8,-7,-700
10667,171,-148,-9079,0,-7,-7,-700
10668,172,-148,-9079,0,-7,-7,-700
10669,173,-148,-9079,0,-6,-7,-700
10670,174,-148,-9079,0,-6,-15,-700
10671,175,-148,-9079,0,-6,-15,-700
10672,176,-148,-9079,0,-5,-15,-700
10673,177,-148,-9079,0,-5,0,-700
10674,178,-148,-9079,0,-4,0,-700
10675,179,-148,-9079,0,-4,0,-800
10676,180,-148,-9079,0,-4,0,-810
10677,181,-149,0,9079,-4,-1,-810
10678,182,-148,-9079,-9079,-3,0,-810
10679,183,-148,-9079,0,-3,0,-810
10680,184,-148,-9079,0,-3,0,-1010
10681,185,-148,-9079,0,-2,0,-1010
10682,186,-148,-9079,0,-2,0,-1010
10683,187,-148,-9079,0,-2,0,-1265
10684,188,-148,-9079,0,-2,0,-1265
10685,189,-148,-9079,0,-2,1,-1265
10686,190,-148,-9079,0,-1,0,-1465
10687,191,-149,0,9079,-2,-1,-1465
10688,192,-149,0,0,-2,-1,-1465
10689,193,-149,0,0,-2,-1,-1465
10690,194,-148,-9079,-9079,-1,0,-1465
10691,195,-148,-9079,0,-1,0,-1765
10692,196,-148,-9079,0,-1,0,-1765
10693,197,-148,-9079,0,0,0,-1720
10694,198,-148,-9079,0,0,0,-1665
10695,199,-148,-9079,0,0,1,-1665
10696,200,-148,-9079,0,0,1,-1665
10697,201,-148,-9079,0,0,1,-1665
10698,202,-148,-9079,0,0,0,-1665
10699,203,-148,-9079,0,0,0,-1665
10700,204,-148,-9079,0,0,0,-1665
10701,205,-148,-9079,0,0,0,-1645
10702,206,-148,-9079,0,0,0,-1645
10703,207,-148,-9079,0,0,0,-1645
10704,208,-148,-9079,0,0,0,-1620
10705,209,-148,-9079,0,0,0,-1545
10706,210,-148,-9079,0,0,0,-1545
10707,211,-148,-9079,0,0,0,-1545
10708,212,-148,-9079,0,0,0,-1520
10709,213,-149,0,9079,-1,-1,-1520
10710,214,-149,0,0,0,-1,-1520
10711,215,-148,-9079,-9079,1,0,-1520
10712,216,-152,75,9154,-3,-4,-1520
10713,217,-152,-25,-100,-3,-4,-1520
10714,218,-152,-25,0,-3,-4,-1520
10715,219,-152,-25,0,-3,-4,-1445
10716,220,-152,-25,0,-2,-4,-1445
10717,221,-152,-25,0,-2,-3,-1445
10718,222,-152,-25,0,-2,-3,-1445
10719,223,-152,-25,0,-2,-4,-1445
10720,224,-152,-25,0,-2,0,-1445
10721,225,-152,-25,0,-1,0,-1345
10722,226,-152,-25,0,-1,0,-1425
10723,227,-152,-25,0,-1,0,-1425
10724,228,-152,-25,0,-1,0,-1425
10725,229,-152,-25,0,-1,0,-1403
10726,230,-152,-25,0,-1,0,-1270
10727,231,-152,-25,0,-1,0,-1270
10728,232,-152,-25,0,-1,0,-1270
10729,233,-152,-25,0,0,0,-1270
10730,234,-152,0,25,0,0,-1270
10731,235,-148,-9079,-9079,4,4,-1270
10732,236,-148,-9079,0,3,4,-1270
10733,237,-148,-9079,0,3,4,-1220
10734,238,-148,-9079,0,3,4,-1070
10735,239,-149,0,9079,2,3,-1070
10736,240,-149,-100,-100,2,3,-1070
10737,241,-149,0,100,2,3,-1070
10738,242,-148,-9079,-9079,3,4,-1070
10739,243,-148,-9079,0,3,0,-1070
10740,244,-148,-9079,0,3,0,-1070
10741,245,-148,-9079,0,2,0,-1125
10742,246,-148,-9079,0,2,0,-1180
10743,247,-150,0,9079,0,-1,-1180
10744,248,-150,-100,-100,0,-1,-1180
10745,249,-150,-100,0,0,-1,-1180
10746,250,-150,-100,0,0,-2,-1180
10747,251,-154,0,100,-4,-6,-1180
10748,252,-155,0,0,-4,-7,-1180
10749,253,-155,0,0,-4,-7,-1180
10750,254,-155,0,0,-4,-7,-1180
10751,255,-155,0,0,-3,-5,-1180
10752,0,-155,0,0,-3,-5,-1180
10753,1,-148,-9079,-9079,4,2,-1180
10754,2,-148,-9079,0,4,2,-1180
10755,3,-150,0,9079,2,4,-1180
10756,4,-150,-100,-100,2,5,-1180
10757,5,-150,-100,0,2,5,-1180
10758,6,-150,-100,0,2,5,-1180
10759,7,-150,-100,0,2,5,-1180
10760,8,-150,-100,0,1,5,-1180
10761,9,-152,0,100,-1,-4,-1180
10762,10,-152,-100,-100,0,-4,-1180
10763,11,-152,-100,0,0,-2,-1180
10764,12,-152,0,100,0,-2,-1180
10765,13,-152,0,0,0,-2,-1180
10766,14,-152,0,0,0,-2,-1200
10767,15,-152,0,0,0,-2,-1225
10768,16,-152,0,0,0,-2,-1300
10769,17,-152,0,0,0,0,-1295
10770,18,-152,0,0,0,0,-1300
10771,19,-152,0,0,0,0,-1250
10772,20,-154,0,0,-2,-2,-1250
10773,21,-154,-100,-100,-2,-2,-1250
10774,22,-155,0,100,-2,-3,-1250
10775,23,-154,-100,-100,-1,-2,-1250
10776,24,-154,-100,0,-1,-2,-1250
10777,25,-154,-100,0,-1,-2,-1250
10778,26,-156,0,100,-3,-4,-1250
10779,27,-156,-100,-100,-3,-4,-1250
10780,28,-156,-100,0,-2,-2,-1250
10781,29,-156,-100,0,-2,-2,-1250
10782,30,-156,-100,0,-2,-1,-1250
10783,31,-156,-100,0,-2,-2,-1250
10784,32,-156,-100,0,-2,-2,-1182
10785,33,-156,-100,0,-1,-2,-1250
10786,34,-156,-100,0,-1,0,-1204
10787,35,-156,-100,0,-1,0,-1204
10788,36,-156,-100,0,-1,0,-1204
10789,37,-156,-100,0,-1,0,-1204
10790,38,-156,0,100,-1,0,-1204
10791,39,-148,-9079,-9079,7,8,-1204
10792,40,-148,-9179,-100,7,8,-1204
10793,41,-148,-9179,0,7,8,-1204
10794,42,-148,-9179,0,6,8,-1260
10795,43,-148,-9179,0,6,8,-1260
10796,44,-148,-9179,0,6,8,-1244
10797,45,-155,0,9179,-2,1,-1244
10798,46,-148,-9179,-9179,5,8,-1244
10799,47,-148,-9179,0,5,0,-1244
10800,48,-158,-332,8847,-5,-10,-1244
10801,49,-158,-332,0,-5,-10,-1244
10802,50,-158,-332,0,-4,-10,-1244
10803,51,-158,-232,100,-4,-10,-1044
10804,52,-158,68,300,-4,-10,-644
10805,53,-148,-9179,-9247,7,7,-512
10806,54,-148,-9179,0,6,0,-512
10807,55,-148,-9079,100,6,0,-512
10808,56,-148,-9079,0,6,10,-512
10809,57,-148,-9079,0,5,10,-512
10810,58,-148,-9079,0,5,10,-512
10811,59,-148,-9079,0,5,10,-512
10812,60,-148,-9079,0,5,10,-512
10813,61,-148,-9079,0,4,0,-512
10814,62,-148,-9079,0,4,0,-512
10815,63,-148,-9079,0,4,0,-512
10816,64,-148,-9079,0,4,0,-512
10817,65,-148,-9079,0,4,0,-480
10818,66,-148,-9079,0,3,0,-430
10819,67,-158,68,9147,-7,-10,-430
10820,68,-158,68,0,-6,-10,-430
10821,69,-158,68,0,-6,-10,-430
10822,70,-150,-100,-168,3,-2,-430
10823,71,-150,0,100,2,-2,-430
10824,72,-148,-9079,-9079,4,0,-430
10825,73,-148,-9079,0,4,0,-430
10826,74,-148,-9079,0,4,0,-430
10827,75,-148,-9079,0,4,10,-430
10828,76,-148,-9079,0,4,10,-360
10829,77,-148,-9079,0,3,10,-360
10830,78,-148,-9079,0,3,2,-360
10831,79,-148,-9079,0,3,2,-360
10832,80,-148,-9079,0,3,0,-360
10833,81,-148,-9079,0,3,0,-360
10834,82,-148,-9079,0,3,0,-360
10835,83,-148,-9079,0,3,0,-360
10836,84,-148,-9079,0,3,0,-360
10837,85,-148,-9079,0,2,0,-360
10838,86,-148,-9079,0,2,0,-360
10839,87,-148,-9079,0,2,0,-360
10840,88,-148,-9079,0,2,0,-360
10841,89,-148,-9079,0,2,0,-360
10842,90,-148,-9079,0,2,0,-360
10843,91,-148,-9079,0,2,0,-360
10844,92,-148,-9079,0,2,0,-360
10845,93,-148,-9079,0,2,0,-360
10846,94,-148,-9079,0,2,0,-360
10847,95,-150,0,9079,0,-2,-360
10848,96,-150,0,0,0,-2,-360
10849,97,-150,0,0,0,-2,-360
10850,98,-150,0,0,0,-2,-360
10851,99,-150,0,0,0,-2,-360
10852,100,-150,0,0,0,-2,-360
10853,101,-150,0,0,0,-2,-360
10854,102,-150,0,0,0,-2,-360
10855,103,-148,-9079,-9079,2,2,-190
10856,104,-148,-9079,0,2,2,-190
10857,105,-148,-9079,0,2,2,-190
10858,106,-148,-9079,0,2,2,-190
10859,107,-148,-9079,0,2,2,-190
10860,108,-148,-9079,0,2,2,-190
10861,109,-148,-9079,0,2,2,-190
10862,110,-148,-9079,0,2,2,-190
10863,111,-148,-9079,0,2,0,-190
10864,112,-148,-9079,0,2,0,-190
10865,113,-148,-9079,0,2,0,-190
10866,114,-148,-9079,0,2,0,-190
10867,115,-148,-9079,0,2,0,-190
10868,116,-148,-9079,0,1,0,-190
10869,117,-148,-9079,0,1,0,-190
10870,118,-148,-9079,0,1,0,-190
10871,119,-148,-9079,0,1,0,-190
10872,120,-148,-9079,0,1,0,-190
10873,121,-148,-9079,0,1,0,-190
10874,122,-148,-9079,0,1,0,-190
10875,123,-148,-9079,0,1,0,-190
10876,124,-148,-9079,0,1,0,-190
10877,125,-148,-9079,0,1,0,-190
10878,126,-148,-9079,0,1,0,-190
10879,127,-148,-9079,0,1,0,-190
10880,128,-148,-9079,0,1,0,-190
10881,129,-148,-9079,0,1,0,-190
10882,130,-148,-9079,0,1,0,-190
10883,131,-148,-9079,0,1,0,-190
10884,132,-148,-9079,0,1,0,-190
10885,133,-148,-9079,0,1,0,-190
10886,134,-148,-9079,0,1,0,-190
10887,135,-148,-9079,0,1,0,-190
10888,136,-148,-9079,0,1,0,-190
10889,137,-148,-9079,0,1,0,-190
10890,138,-148,-9079,0,1,0,-190
10891,139,-148,-9079,0,1,0,-190
10892,140,-148,-9079,0,1,0,-190
10893,141,-148,-9079,0,1,0,-190
10894,142,-148,-9079,0,1,0,-190
10895,143,-148,-9079,0,1,0,-190
10896,144,-148,-9079,0,1,0,-190
10897,145,-148,-9079,0,1,0,-190
10898,146,-148,-9079,0,1,0,-190
10899,147,-148,-9079,0,1,0,-190
10900,148,-148,-9079,0,1,0,-190
10901,149,-148,-9079,0,1,0,-190
10902,150,-148,-9079,0,1,0,-190
10903,151,-148,-9079,0,1,0,-190
10904,152,-148,-9079,0,1,0,-190
10905,153,-148,-9079,0,1,0,-190
10906,154,-148,-9079,0,1,0,-190
10907,155,-148,-9079,0,1,0,-190
10908,156,-148,-9079,0,1,0,-60
10909,157,-148,-9079,0,1,0,-60
10910,158,-148,-9079,0,1,0,-60
10911,159,-148,-9079,0,1,0,-60
10912,160,-148,-9079,0,1,0,-60
10913,161,-148,-9079,0,1,0,-60
10914,162,-148,-9079,0,1,0,-60
10915,163,-148,-9079,0,1,0,-60
10916,164,-148,-9079,0,1,0,-60
10917,165,-148,-9079,0,1,0,-60
10918,166,-148,-9079,0,1,0,-60
10919,167,-148,-9079,0,1,0,-60
10920,168,-148,-9079,0,1,0,-60
10921,169,-148,-9079,0,1,0,-60
10922,170,-148,-9079,0,1,0,-60
10923,171,-148,-9079,0,1,0,-60
10924,172,-148,-9079,0,1,0,-60
10925,173,-148,-9079,0,1,0,-60
10926,174,-148,-9079,0,1,0,-60
10927,175,-148,-9079,0,1,0,-60
10928,176,-148,-9079,0,1,0,-60
10929,177,-148,-9079,0,1,0,-60
10930,178,-148,-9079,0,1,0,-60
10931,179,-148,-9079,0,1,0,-60
10932,180,-148,-9079,0,1,0,-60
10933,181,-148,-9079,0,1,0,-60
10934,182,-148,-9079,0,1,0,-60
10935,183,-148,-9079,0,1,0,-60
10936,184,-148,-9079,0,1,0,-60
10937,185,-148,-9079,0,1,0,-60
10938,186,-148,-9079,0,1,0,-60
10939,187,-148,-9079,0,1,0,-60
10940,188,-148,-9079,0,1,0,-60
10941,189,-148,-9079,0,1,0,-60
10942,190,-148,-9079,0,1,0,-60
10943,191,-148,-9079,0,1,0,-60
10944,192,-148,-9079,0,1,0,-60
10945,193,-148,-9079,0,1,0,-60
10946,194,-148,-9079,0,1,0,-60
10947,195,-148,-9079,0,1,0,-60
10948,196,-148,-9079,0,1,0,-60
10949,197,-148,-9079,0,1,0,-60
10950,198,-148,-9079,0,1,0,-60
10951,199,-148,-9079,0,1,0,-60
10952,200,-148,-9079,0,1,0,-60
10953,201,-148,-9079,0,1,0,-60
10954,202,-148,-9079,0,1,0,-60
10955,203,-148,-9079,0,1,0,-60
10956,204,-148,-9079,0,1,0,-60
10957,205,-148,-9079,0,1,0,-60
10958,206,-148,-9079,0,1,0,15
10959,207,-148,-9079,0,1,0,315
10960,208,-148,-9079,0,1,0,315
10961,209,-148,-9079,0,1,0,315
10962,210,-148,-9079,0,1,0,315
10963,211,-148,-9079,0,1,0,315
10964,212,-148,-9079,0,1,0,315
10965,213,-148,-9079,0,1,0,315
10966,214,-148,-9079,0,1,0,315
10967,215,-148,-9079,0,1,0,315
10968,216,-148,-9079,0,1,0,315
10969,217,-148,-9079,0,1,0,315
10970,218,-148,-9079,0,1,0,315
10971,219,-148,-9079,0,1,0,315
10972,220,-148,-9079,0,1,0,315
10973,221,-148,-9079,0,1,0,315
10974,222,-148,-9079,0,1,0,315
10975,223,-148,-9079,0,1,0,315
10976,224,-148,-9079,0,1,0,315
10977,225,-148,-9079,0,1,0,315
10978,226,-148,-9079,0,1,0,315
10979,227,-148,-9079,0,1,0,315
10980,228,-148,-9079,0,1,0,315
10981,229,-148,-9079,0,1,0,315
10982,230,-148,-9079,0,1,0,315
10983,231,-148,-9079,0,1,0,315
10984,232,-148,-9079,0,1,0,315
10985,233,-148,-9079,0,1,0,315
10986,234,-148,-9079,0,1,0,315
10987,235,-148,-9079,0,1,0,327
10988,236,-148,-9079,0,1,0,327
10989,237,-148,-9079,0,1,0,327
10990,238,-148,-9079,0,1,0,327
10991,239,-148,-9079,0,1,0,327
10992,240,-148,-9079,0,1,0,327
10993,241,-148,-9079,0,1,0,327
10994,242,-148,-9079,0,1,0,327
10995,243,-148,-9079,0,1,0,327
10996,244,-148,-9079,0,1,0,327
10997,245,-148,-9079,0,1,0,327
10998,246,-148,-9079,0,1,0,327
10999,247,-148,-9079,0,1,0,327
11000,248,-148,-9079,0,1,0,327
11001,249,-148,-9079,0,1,0,327
11002,250,-148,-9079,0,1,0,327
11003,251,-148,-9079,0,1,0,327
11004,252,-148,-9079,0,1,0,327
11005,253,-148,-9079,0,1,0,327
11006,254,-148,-9079,0,1,0,327
11007,255,-148,-9079,0,1,0,327
11008,0,-148,-9079,0,1,0,367
11009,1,-148,-9079,0,1,0,367
11010,2,-148,-9079,0,1,0,367
11011,3,-148,-9079,0,1,0,367
11012,4,-148,-9079,0,1,0,321
11013,5,-148,-9079,0,1,0,377
11014,6,-148,-9079,0,1,0,377
11015,7,-148,-9079,0,1,0,377
11016,8,-148,-9079,0,1,0,427
11017,9,-148,-9079,0,1,0,411
11018,10,-148,-9079,0,1,0,411
11019,11,-148,-9079,0,1,0,411
11020,12,-148,-9079,0,1,0,411
11021,13,-148,-9079,0,1,0,411
11022,14,-148,-9079,0,1,0,411
11023,15,-148,-9079,0,1,0,211
11024,16,-148,-9079,0,1,0,211
11025,17,-148,-9079,0,1,0,211
11026,18,-148,-9079,0,1,0,211
11027,19,-148,-9079,0,1,0,-189
11028,20,-148,-9079,0,1,0,-189
11029,21,-148,-9079,0,1,0,-189
11030,22,-148,-9079,0,1,0,-321
11031,23,-148,-9079,0,1,0,-321
11032,24,-148,-9079,0,1,0,-321
11033,25,-148,-9079,0,1,0,-321
11034,26,-148,-9079,0,1,0,-321
11035,27,-148,-9079,0,1,0,-321
11036,28,-148,-9079,0,1,0,-275
11037,29,-148,-9079,0,1,0,-275
11038,30,-148,-9079,0,1,0,-275
11039,31,-148,-9079,0,1,0,-275
11040,32,-148,-9079,0,1,0,-275
11041,33,-148,-9079,0,1,0,-275
11042,34,-148,-9079,0,1,0,-275
11043,35,-148,-9079,0,1,0,-273
11044,36,-148,-9079,0,1,0,-445
11045,37,-148,-9079,0,1,0,-445
11046,38,-148,-9079,0,1,0,-445
11047,39,-148,-9079,0,1,0,-445
11048,40,-148,-9079,0,1,0,-445
11049,41,-148,-9079,0,1,0,-573
11050,42,-148,-9079,0,1,0,-698
11051,43,-148,-9079,0,1,0,-698
11052,44,-148,-9079,0,1,0,-698
11053,45,-148,-9079,0,1,0,-698
11054,46,-148,-9079,0,1,0,-698
11055,47,-148,-9079,0,1,0,-698
11056,48,-148,-9079,0,1,0,-698
11057,49,-148,-9079,0,1,0,-698
11058,50,-148,-9079,0,1,0,-698
11059,51,-148,-9079,0,1,0,-698
11060,52,-148,-9079,0,1,0,-698
11061,53,-148,-9079,0,1,0,-698
11062,54,-148,-9079,0,1,0,-698
11063,55,-148,-9079,0,1,0,-698
11064,56,-148,-9079,0,1,0,-799
11065,57,-148,-9079,0,1,0,-799
11066,58,-148,-9079,0,1,0,-799
11067,59,-148,-9079,0,1,0,-799
11068,60,-148,-9079,0,1,0,-799
11069,61,-148,-9079,0,1,0,-799
11070,62,-148,-9079,0,1,0,-799
11071,63,-148,-9079,0,1,0,-799
11072,64,-148,-9079,0,1,0,-799
11073,65,-148,-9079,0,1,0,-799
11074,66,-148,-9079,0,1,0,-799
11075,67,-148,-9079,0,1,0,-799
11076,68,-148,-9079,0,1,0,-799
11077,69,-148,-9079,0,1,0,-799
11078,70,-148,-9079,0,1,0,-799
11079,71,-148,-9079,0,1,0,-799
11080,72,-148,-9079,0,1,0,-649
11081,73,-148,-9079,0,1,0,-649
11082,74,-148,-9079,0,1,0,-649
11083,75,-148,-9079,0,1,0,-649
11084,76,-148,-9079,0,1,0,-649
11085,77,-148,-9079,0,1,0,-649
11086,78,-148,-9079,0,1,0,-649
11087,79,-148,-9079,0,1,0,-649
11088,80,-148,-9079,0,1,0,-649
11089,81,-148,-9079,0,1,0,-649
11090,82,-148,-9079,0,1,0,-799
11091,83,-148,-9079,0,1,0,-799
11092,84,-148,-9079,0,1,0,-799
11093,85,-148,-9079,0,1,0,-799
11094,86,-148,-9079,0,1,0,-799
11095,87,-148,-9079,0,1,0,-799
11096,88,-148,-9079,0,1,0,-799
11097,89,-148,-9079,0,1,0,-799
11098,90,-148,-9079,0,1,0,-799
11099,91,-148,-9079,0,1,0,-799
11100,92,-148,-9079,0,1,0,-799
11101,93,-148,-9079,0,1,0,-799
11102,94,-148,-9079,0,1,0,-799
11103,95,-148,-9079,0,1,0,-799
11104,96,-148,-9079,0,1,0,-799
11105,97,-148,-9079,0,1,0,-799
11106,98,-148,-9079,0,1,0,-799
11107,99,-148,-9079,0,1,0,-799
11108,100,-148,-9079,0,1,0,-799
11109,101,-148,-9079,0,1,0,-799
11110,102,-148,-9079,0,1,0,-799
11111,103,-148,-9079,0,1,0,-799
11112,104,-148,-9079,0,1,0,-799
11113,105,-148,-9079,0,1,0,-799
11114,106,-148,-9079,0,1,0,-849
11115,107,-148,-9079,0,1,0,-849
11116,108,-148,-9079,0,1,0,-849
11117,109,-148,-9079,0,1,0,-849
11118,110,-148,-9079,0,1,0,-849
11119,111,-148,-9079,0,1,0,-849
11120,112,-148,-9079,0,1,0,-849
11121,113,-148,-9079,0,1,0,-849
11122,114,-148,-9079,0,1,0,-849
11123,115,-148,-9079,0,1,0,-699
11124,116,-148,-9079,0,1,0,-574
11125,117,-148,-9079,0,1,0,-354
11126,118,-148,-9079,0,1,0,-354
11127,119,-148,-9079,0,1,0,-354
11128,120,-148,-9079,0,1,0,-354
11129,121,-148,-9079,0,1,0,-354
11130,122,-148,-9079,0,1,0,-354
11131,123,-148,-9079,0,1,0,-354
11132,124,-148,-9079,0,1,0,-354
11133,125,-148,-9079,0,1,0,-354
11134,126,-148,-9079,0,1,0,-354
11135,127,-148,-9079,0,1,0,-354
11136,128,-148,-9079,0,1,0,-354
11137,129,-148,-9079,0,1,0,-354
11138,130,-148,-9079,0,1,0,-354
11139,131,-148,-9079,0,1,0,-201
11140,132,-148,-9079,0,1,0,-201
11141,133,-148,-9079,0,1,0,-201
11142,134,-148,-9079,0,1,0,-201
11143,135,-148,-9079,0,1,0,-201
11144,136,-148,-9079,0,1,0,-201
11145,137,-148,-9079,0,1,0,-201
11146,138,-148,-9079,0,1,0,-201
11147,139,-148,-9079,0,1,0,-201
11148,140,-148,-9079,0,1,0,-201
11149,141,-148,-9079,0,1,0,-279
11150,142,-148,-9079,0,1,0,-279
11151,143,-148,-9079,0,1,0,-279
11152,144,-148,-9079,0,1,0,-279
11153,145,-148,-9079,0,1,0,-279
11154,146,-148,-9079,0,1,0,-279
11155,147,-148,-9079,0,1,0,-279
11156,148,-148,-9079,0,1,0,-279
11157,149,-148,-9079,0,1,0,-279
11158,150,-148,-9079,0,1,0,-279
11159,151,-148,-9079,0,1,0,-279
11160,152,-148,-9079,0,1,0,-279
11161,153,-148,-9079,0,1,0,-279
11162,154,-148,-9079,0,1,0,-279
11163,155,-148,-9079,0,1,0,-279
11164,156,-148,-9079,0,1,0,-279
11165,157,-148,-9079,0,1,0,-279
11166,158,-148,-9079,0,1,0,-279
11167,159,-148,-9079,0,1,0,-279
11168,160,-148,-9079,0,1,0,-296
11169,161,-148,-9079,0,1,0,-296
11170,162,-148,-9079,0,1,0,-168
11171,163,-148,-9079,0,1,0,-168
11172,164,-148,-9079,0,1,0,-168
11173,165,-148,-9079,0,1,0,-129
11174,166,-148,-9079,0,1,0,-106
11175,167,-148,-9079,0,1,0,-106
11176,168,-148,-9079,0,1,0,-106
11177,169,-148,-9079,0,1,0,-106
11178,170,-148,-9079,0,1,0,-101
11179,171,-148,-9079,0,1,0,-300
11180,172,-148,-9079,0,1,0,-300
11181,173,-148,-9079,0,1,0,-300
11182,174,-148,-9079,0,1,0,-300
11183,175,-148,-9079,0,1,0,-300
11184,176,-148,-9079,0,1,0,-300
11185,177,-148,-9079,0,1,0,-300
11186,178,-148,-9079,0,1,0,-300
11187,179,-148,-9079,0,1,0,-300
11188,180,-148,-9079,0,1,0,-300
11189,181,-148,-9079,0,1,0,-300
11190,182,-148,-9079,0,1,0,-300
11191,183,-148,-9079,0,1,0,-402
11192,184,-148,-9079,0,1,0,-402
11193,185,-148,-9079,0,1,0,-402
11194,186,-148,-9079,0,1,0,-402
11195,187,-148,-9079,0,1,0,-602
11196,188,-148,-9079,0,1,0,-602
11197,189,-148,-9079,0,1,0,-602
11198,190,-148,-9079,0,1,0,-602
11199,191,-148,-9079,0,1,0,-602
11200,192,-148,-9079,0,1,0,-602
11201,193,-148,-9079,0,1,0,-602
11202,194,-148,-9079,0,1,0,-602
11203,195,-148,-9079,0,1,0,-602
11204,196,-148,-9079,0,1,0,-602
11205,197,-148,-9079,0,1,0,-602
11206,198,-148,-9079,0,1,0,-602
11207,199,-148,-9079,0,1,0,-602
11208,200,-148,-9079,0,1,0,-602
11209,201,-148,-9079,0,1,0,-602
11210,202,-148,-9079,0,1,0,-602
11211,203,-148,-9079,0,1,0,-602
11212,204,-148,-9079,0,1,0,-602
11213,205,-148,-9079,0,1,0,-602
11214,206,-148,-9079,0,1,0,-602
11215,207,-148,-9079,0,1,0,-355
11216,208,-148,-9079,0,1,0,-355
11217,209,-148,-9079,0,1,0,-355
11218,210,-148,-9079,0,1,0,-355
11219,211,-148,-9079,0,1,0,-355
11220,212,-148,-9079,0,1,0,-355
11221,213,-148,-9079,0,1,0,-355
11222,214,-148,-9079,0,1,0,-355
11223,215,-148,-9079,0,1,0,-355
11224,216,-148,-9079,0,1,0,-355
11225,217,-148,-9079,0,1,0,-355
11226,218,-148,-9079,0,1,0,-355
11227,219,-148,-9079,0,1,0,-355
11228,220,-148,-9079,0,1,0,-355
11229,221,-148,-9079,0,1,0,-355
11230,222,-148,-9079,0,1,0,-355
11231,223,-148,-9079,0,1,0,-355
11232,224,-148,-9079,0,1,0,-355
11233,225,-148,-9079,0,1,0,-355
11234,226,-148,-9079,0,1,0,-355
11235,227,-148,-9079,0,1,0,-355
11236,228,-148,-9079,0,1,0,-355
11237,229,-148,-9079,0,1,0,-355
11238,230,-148,-9079,0,1,0,-355
11239,231,-148,-9079,0,1,0,-355
11240,232,-148,-9079,0,1,0,-355
11241,233,-148,-9079,0,1,0,-355
11242,234,-148,-9079,0,1,0,-355
11243,235,-148,-9079,0,1,0,-355
11244,236,-148,-9079,0,1,0,-355
11245,237,-148,-9079,0,1,0,-355
11246,238,-148,-9079,0,1,0,-355
11247,239,-148,-9079,0,1,0,-355
11248,240,-148,-9079,0,1,0,-355
11249,241,-148,-9079,0,1,0,-355
11250,242,-148,-9079,0,1,0,-355
11251,243,-148,-9079,0,1,0,-355
11252,244,-148,-9079,0,1,0,-355
11253,245,-148,-9079,0,1,0,-355
11254,246,-148,-9079,0,1,0,-355
11255,247,-148,-9079,0,1,0,-355
11256,248,-148,-9079,0,1,0,-355
11257,249,-148,-9079,0,1,0,-355
11258,250,-148,-9079,0,1,0,-355
11259,251,-148,-9079,0,1,0,-355
11260,252,-148,-9079,0,1,0,-355
11261,253,-148,-9079,0,1,0,-355
11262,254,-148,-9079,0,1,0,-355
11263,255,-148,-9079,0,1,0,-355
11264,0,-148,-9079,0,1,0,-355
11265,1,-148,-9079,0,1,0,-355
11266,2,-148,-9079,0,1,0,-355
11267,3,-148,-9079,0,1,0,-355
11268,4,-148,-9079,0,1,0,-355
11269,5,-148,-9079,0,1,0,-355
11270,6,-148,-9079,0,1,0,-355
11271,7,-148,-9079,0,1,0,-355
11272,8,-148,-9079,0,1,0,-355
11273,9,-148,-9079,0,1,0,-355
11274,10,-148,-9079,0,1,0,-355
11275,11,-148,-9079,0,1,0,-355
11276,12,-148,-9079,0,1,0,-355
11277,13,-148,-9079,0,1,0,-355
11278,14,-148,-9079,0,1,0,-355
11279,15,-148,-9079,0,1,0,-355
11280,16,-148,-9079,0,1,0,-355
11281,17,-148,-9079,0,1,0,-355
11282,18,-148,-9079,0,1,0,-235
11283,19,-148,-9079,0,1,0,-332
11284,20,-148,-9079,0,1,0,-332
11285,21,-148,-9079,0,1,0,-332
11286,22,-148,-9079,0,1,0,-332
11287,23,-148,-9079,0,1,0,-332
11288,24,-148,-9079,0,1,0,-332
11289,25,-148,-9079,0,1,0,-332
11290,26,-148,-9079,0,1,0,-332
11291,27,-148,-9079,0,1,0,-332
11292,28,-148,-9079,0,1,0,-332
11293,29,-148,-9079,0,1,0,-332
11294,30,-148,-9079,0,1,0,-332
11295,31,-148,-9079,0,1,0,-332
11296,32,-148,-9079,0,1,0,-332
11297,33,-148,-9079,0,1,0,-332
11298,34,-148,-9079,0,1,0,-332
11299,35,-148,-9079,0,1,0,-332
11300,36,-148,-9079,0,1,0,-332
11301,37,-148,-9079,0,1,0,-332
11302,38,-148,-9079,0,1,0,-332
11303,39,-148,-9079,0,1,0,-332
11304,40,-148,-9079,0,1,0,-332
11305,41,-148,-9079,0,1,0,-332
11306,42,-148,-9079,0,1,0,-332
11307,43,-148,-9079,0,1,0,-332
11308,44,-148,-9079,0,1,0,-332
11309,45,-148,-9079,0,1,0,-332
11310,46,-148,-9079,0,1,0,-332
11311,47,-148,-9079,0,1,0,-332
11312,48,-148,-9079,0,1,0,-332
11313,49,-148,-9079,0,1,0,-332
11314,50,-148,-9079,0,1,0,-332
11315,51,-148,-9079,0,1,0,-332
11316,52,-148,-9079,0,1,0,-332
11317,53,-148,-9079,0,1,0,-332
11318,54,-148,-9079,0,1,0,-332
11319,55,-148,-9079,0,1,0,-332
11320,56,-148,-9079,0,1,0,-332
11321,57,-148,-9079,0,1,0,-332
11322,58,-148,-9079,0,1,0,-332
11323,59,-148,-9079,0,1,0,-332
11324,60,-148,-9079,0,1,0,-332
11325,61,-148,-9079,0,1,0,-332
11326,62,-148,-9079,0,1,0,-332
11327,63,-148,-9079,0,1,0,-332
11328,64,-148,-9079,0,1,0,-332
11329,65,-148,-9079,0,1,0,-332
11330,66,-148,-9079,0,1,0,-332
11331,67,-148,-9079,0,1,0,-332
11332,68,-148,-9079,0,1,0,-332
11333,69,-148,-9079,0,1,0,-332
11334,70,-148,-9079,0,1,0,-332
11335,71,-148,-9079,0,1,0,-332
11336,72,-148,-9079,0,1,0,-332
11337,73,-148,-9079,0,1,0,-332
11338,74,-148,-9079,0,1,0,-332
11339,75,-148,-9079,0,1,0,-332
11340,76,-148,-9079,0,1,0,-332
11341,77,-148,-9079,0,1,0,-332
11342,78,-148,-9079,0,1,0,-552
11343,79,-148,-9079,0,1,0,-552
11344,80,-148,-9079,0,1,0,-552
11345,81,-148,-9079,0,1,0,-552
11346,82,-148,-9079,0,1,0,-552
11347,83,-148,-9079,0,1,0,-552
11348,84,-148,-9079,0,1,0,-552
11349,85,-148,-9079,0,1,0,-552
11350,86,-148,-9079,0,1,0,-552
11351,87,-148,-9079,0,1,0,-552
11352,88,-148,-9079,0,1,0,-552
11353,89,-148,-9079,0,1,0,-552
11354,90,-148,-9079,0,1,0,-552
11355,91,-148,-9079,0,1,0,-552
11356,92,-148,-9079,0,1,0,-523
11357,93,-148,-9079,0,1,0,-523
11358,94,-148,-9079,0,1,0,-523
11359,95,-148,-9079,0,1,0,-523
11360,96,-148,-9079,0,1,0,-523
11361,97,-148,-9079,0,1,0,-523
11362,98,-148,-9079,0,1,0,-523
11363,99,-148,-9079,0,1,0,-523
11364,100,-148,-9079,0,1,0,-523
11365,101,-148,-9079,0,1,0,-523
11366,102,-148,-9079,0,1,0,-523
11367,103,-148,-9079,0,1,0,-523
11368,104,-148,-9079,0,1,0,-523
11369,105,-148,-9079,0,1,0,-523
11370,106,-148,-9079,0,1,0,-523
11371,107,-148,-9079,0,1,0,-523
11372,108,-148,-9079,0,1,0,-523
11373,109,-148,-9079,0,1,0,-523
11374,110,-148,-9079,0,1,0,-523
11375,111,-148,-9079,0,1,0,-521
11376,112,-148,-9079,0,1,0,-521
11377,113,-148,-9079,0,1,0,-521
11378,114,-148,-9079,0,1,0,-521
11379,115,-148,-9079,0,1,0,-521
11380,116,-148,-9079,0,1,0,-521
11381,117,-148,-9079,0,1,0,-521
11382,118,-148,-9079,0,1,0,-521
11383,119,-148,-9079,0,1,0,-521
11384,120,-148,-9079,0,1,0,-521
11385,121,-148,-9079,0,1,0,-521
11386,122,-148,-9079,0,1,0,-521
11387,123,-148,-9079,0,1,0,-521
11388,124,-148,-9079,0,1,0,-521
11389,125,-148,-9079,0,1,0,-521
11390,126,-148,-9079,0,1,0,-521
11391,127,-148,-9079,0,1,0,-406
11392,128,-148,-9079,0,1,0,-406
11393,129,-148,-9079,0,1,0,-406
11394,130,-148,-9079,0,1,0,-406
11395,131,-148,-9079,0,1,0,-406
11396,132,-148,-9079,0,1,0,-373
11397,133,-148,-9079,0,1,0,-373
11398,134,-148,-9079,0,1,0,-373
11399,135,-148,-9079,0,1,0,-373
11400,136,-148,-9079,0,1,0,-373
11401,137,-148,-9079,0,1,0,-273
11402,138,-148,-9079,0,1,0,-215
11403,139,-148,-9079,0,1,0,-215
11404,140,-148,-9079,0,1,0,-215
11405,141,-148,-9079,0,1,0,-110
11406,142,-148,-9079,0,1,0,-110
11407,143,-148,-9079,0,1,0,-110
11408,144,-148,-9079,0,1,0,-110
11409,145,-148,-9079,0,1,0,-110
11410,146,-148,-9079,0,1,0,-110
11411,147,-148,-9079,0,1,0,-110
11412,148,-148,-9079,0,1,0,-110
11413,149,-148,-9079,0,1,0,-110
11414,150,-148,-9079,0,1,0,-110
11415,151,-148,-9079,0,1,0,-110
11416,152,-148,-9079,0,1,0,-110
11417,153,-148,-9079,0,1,0,-110
11418,154,-148,-9079,0,1,0,-110
11419,155,-148,-9079,0,1,0,-110
11420,156,-148,-9079,0,1,0,-110
11421,157,-148,-9079,0,1,0,-110
11422,158,-148,-9079,0,1,0,-110
11423,159,-148,-9079,0,1,0,85
11424,160,-148,-9079,0,1,0,85
11425,161,-148,-9079,0,1,0,85
11426,162,-148,-9079,0,1,0,85
11427,163,-148,-9079,0,1,0,85
11428,164,-148,-9079,0,1,0,85
11429,165,-148,-9079,0,1,0,85
11430,166,-148,-9079,0,1,0,85
11431,167,-148,-9079,0,1,0,139
11432,168,-148,-9079,0,1,0,139
11433,169,-148,-9079,0,1,0,139
11434,170,-148,-9079,0,1,0,185
11435,171,-148,-9079,0,1,0,239
11436,172,-148,-9079,0,1,0,239
11437,173,-148,-9079,0,1,0,138
11438,174,-148,-9079,0,1,0,72
11439,175,-148,-9079,0,1,0,72
11440,176,-148,-9079,0,1,0,15
11441,177,-148,-9079,0,1,0,-110
11442,178,-148,-9079,0,1,0,-110
11443,179,-148,-9079,0,1,0,-110
11444,180,-148,-9079,0,1,0,-110
11445,181,-148,-9079,0,1,0,-110
11446,182,-148,-9079,0,1,0,-110
11447,183,-148,-9079,0,1,0,-110
11448,184,-148,-9079,0,1,0,-110
11449,185,-148,-9079,0,1,0,-110
11450,186,-148,-9079,0,1,0,-110
11451,187,-148,-9079,0,1,0,-110
11452,188,-148,-9079,0,1,0,-110
11453,189,-148,-9079,0,1,0,-110
11454,190,-148,-9079,0,1,0,90
11455,191,-148,-9079,0,1,0,90
11456,192,-148,-9079,0,1,0,90
11457,193,-148,-9079,0,1,0,90
11458,194,-148,-9079,0,1,0,108
11459,195,-148,-9079,0,1,0,108
11460,196,-148,-9079,0,1,0,108
11461,197,-148,-9079,0,1,0,108
11462,198,-148,-9079,0,1,0,108
11463,199,-148,-9079,0,1,0,108
11464,200,-148,-9079,0,1,0,108
11465,201,-148,-9079,0,1,0,108
11466,202,-148,-9079,0,1,0,306
11467,203,-148,-9079,0,1,0,306
11468,204,-148,-9079,0,1,0,306
11469,205,-148,-9079,0,1,0,306
11470,206,-148,-9079,0,1,0,306
11471,207,-148,-9079,0,1,0,306
11472,208,-148,-9079,0,1,0,391
11473,209,-148,-9079,0,1,0,391
11474,210,-148,-9079,0,1,0,391
11475,211,-148,-9079,0,1,0,391
11476,212,-148,-9079,0,1,0,391
11477,213,-148,-9079,0,1,0,391
11478,214,-148,-9079,0,1,0,391
11479,215,-148,-9079,0,1,0,391
11480,216,-148,-9079,0,1,0,391
11481,217,-148,-9079,0,1,0,391
11482,218,-148,-9079,0,1,0,391
11483,219,-148,-9079,0,1,0,825
11484,220,-148,-9079,0,1,0,675
11485,221,-148,-9079,0,1,0,550
11486,222,-148,-9079,0,1,0,550
11487,223,-148,-9079,0,1,0,550
11488,224,-148,-9079,0,1,0,550
11489,225,-148,-9079,0,1,0,550
11490,226,-148,-9079,0,1,0,550
11491,227,-148,-9079,0,1,0,550
11492,228,-148,-9079,0,1,0,550
11493,229,-148,-9079,0,1,0,425
11494,230,-148,-9079,0,1,0,396
11495,231,-148,-9079,0,1,0,396
11496,232,-148,-9079,0,1,0,396
11497,233,-148,-9079,0,1,0,396
11498,234,-148,-9079,0,1,0,396
11499,235,-148,-9079,0,1,0,425
11500,236,-148,-9079,0,1,0,396
11501,237,-148,-9079,0,1,0,425
11502,238,-148,-9079,0,1,0,405
11503,239,-148,-9079,0,1,0,359
11504,240,-148,-9079,0,1,0,453
11505,241,-148,-9079,0,1,0,453
11506,242,-148,-9079,0,1,0,453
11507,243,-148,-9079,0,1,0,453
11508,244,-148,-9079,0,1,0,453
11509,245,-148,-9079,0,1,0,268
11510,246,-148,-9079,0,1,0,268
11511,247,-148,-9079,0,1,0,268
11512,248,-148,-9079,0,1,0,68
11513,249,-148,-9079,0,1,0,68
11514,250,-148,-9079,0,1,0,68
11515,251,-148,-9079,0,1,0,68
11516,252,-148,-9079,0,1,0,-132
11517,253,-148,-9079,0,1,0,-132
11518,254,-148,-9079,0,1,0,-132
11519,255,-148,-9079,0,1,0,-132
11520,0,-148,-9079,0,1,0,-332
11521,1,-148,-9079,0,1,0,-332
11522,2,-148,-9079,0,1,0,-332
11523,3,-148,-9079,0,1,0,-332
11524,4,-148,-9079,0,1,0,-832
11525,5,-148,-9079,0,1,0,-832
11526,6,-148,-9079,0,1,0,-832
11527,7,-148,-9079,0,1,0,-832
11528,8,-148,-9079,0,1,0,-982
11529,9,-148,-9079,0,1,0,-982
11530,10,-148,-9079,0,1,0,-982
11531,11,-148,-9079,0,1,0,-956
11532,12,-148,-9079,0,1,0,-956
11533,13,-148,-9079,0,1,0,-956
11534,14,-148,-9079,0,1,0,-956
11535,15,-148,-9079,0,1,0,-956
11536,16,-148,-9079,0,1,0,-956
11537,17,-148,-9079,0,1,0,-1082
11538,18,-148,-9079,0,1,0,-1131
11539,19,-148,-9079,0,1,0,-1131
11540,20,-148,-9079,0,1,0,-1081
11541,21,-148,-9079,0,1,0,-1057
11542,22,-148,-9079,0,1,0,-1081
11543,23,-148,-9079,0,1,0,-1057
11544,24,-148,-9079,0,1,0,-1057
11545,25,-148,-9079,0,1,0,-1057
11546,26,-148,-9079,0,1,0,-1091
11547,27,-148,-9079,0,1,0,-1091
11548,28,-148,-9079,0,1,0,-1185
11549,29,-148,-9079,0,1,0,-1185
11550,30,-148,-9079,0,1,0,-1200
11551,31,-148,-9079,0,1,0,-1200
11552,32,-148,-9079,0,1,0,-1200
11553,33,-148,-9079,0,1,0,-1300
11554,34,-148,-9079,0,1,0,-1300
11555,35,-148,-9079,0,1,0,-1300
11556,36,-148,-9079,0,1,0,-1300
11557,37,-148,-9079,0,1,0,-1300
11558,38,-148,-9079,0,1,0,-1300
11559,39,-148,-9079,0,1,0,-1300
11560,40,-148,-9079,0,1,0,-1300
11561,41,-148,-9079,0,1,0,-1300
11562,42,-148,-9079,0,1,0,-1300
11563,43,-148,-9079,0,1,0,-1300
11564,44,-148,-9079,0,1,0,-1300
11565,45,-148,-9079,0,1,0,-1300
11566,46,-148,-9079,0,1,0,-1300
11567,47,-148,-9079,0,1,0,-1300
11568,48,-148,-9079,0,1,0,-1224
11569,49,-148,-9079,0,1,0,-1200
11570,50,-148,-9079,0,1,0,-1200
11571,51,-148,-9079,0,1,0,-1200
11572,52,-148,-9079,0,1,0,-1200
11573,53,-148,-9079,0,1,0,-1200
11574,54,-148,-9079,0,1,0,-1200
11575,55,-148,-9079,0,1,0,-1200
11576,56,-148,-9079,0,1,0,-1200
11577,57,-148,-9079,0,1,0,-1050
11578,58,-148,-9079,0,1,0,-1050
11579,59,-148,-9079,0,1,0,-1050
11580,60,-148,-9079,0,1,0,-1050
11581,61,-148,-9079,0,1,0,-1050
11582,62,-148,-9079,0,1,0,-1050
11583,63,-148,-9079,0,1,0,-1050
11584,64,-148,-9079,0,1,0,-1050
11585,65,-148,-9079,0,1,0,-1050
11586,66,-148,-9079,0,1,0,-1050
11587,67,-148,-9079,0,1,0,-1050
11588,68,-148,-9079,0,1,0,-1050
11589,69,-148,-9079,0,1,0,-1050
11590,70,-148,-9079,0,1,0,-1050
11591,71,-148,-9079,0,1,0,-1050
11592,72,-148,-9079,0,1,0,-1000
11593,73,-148,-9079,0,1,0,-1000
11594,74,-148,-9079,0,1,0,-1000
11595,75,-148,-9079,0,1,0,-1000
11596,76,-148,-9079,0,1,0,-1000
11597,77,-148,-9079,0,1,0,-1000
11598,78,-148,-9079,0,1,0,-1000
11599,79,-148,-9079,0,1,0,-1000
11600,80,-148,-9079,0,1,0,-951
11601,81,-148,-9079,0,1,0,-951
11602,82,-148,-9079,0,1,0,-950
11603,83,-148,-9079,0,1,0,-976
11604,84,-148,-9079,0,1,0,-976
11605,85,-148,-9079,0,1,0,-976
11606,86,-148,-9079,0,1,0,-976
11607,87,-148,-9079,0,1,0,-976
11608,88,-148,-9079,0,1,0,-976
11609,89,-148,-9079,0,1,0,-976
11610,90,-148,-9079,0,1,0,-976
11611,91,-148,-9079,0,1,0,-976
11612,92,-148,-9079,0,1,0,-976
11613,93,-148,-9079,0,1,0,-976
11614,94,-148,-9079,0,1,0,-976
11615,95,-148,-9079,0,1,0,-1051
11616,96,-148,-9079,0,1,0,-1051
11617,97,-148,-9079,0,1,0,-1051
11618,98,-148,-9079,0,1,0,-1051
11619,99,-148,-9079,0,1,0,-1051
11620,100,-148,-9079,0,1,0,-1051
11621,101,-148,-9079,0,1,0,-1051
11622,102,-148,-9079,0,1,0,-1051
11623,103,-148,-9079,0,1,0,-1051
11624,104,-148,-9079,0,1,0,-1051
11625,105,-148,-9079,0,1,0,-1051
11626,106,-148,-9079,0,1,0,-1051
11627,107,-148,-9079,0,1,0,-1000
11628,108,-148,-9079,0,1,0,-1000
11629,109,-148,-9079,0,1,0,-1000
11630,110,-148,-9079,0,1,0,-1000
11631,111,-148,-9079,0,1,0,-1000
11632,112,-148,-9079,0,1,0,-1000
11633,113,-148,-9079,0,1,0,-1000
11634,114,-148,-9079,0,1,0,-1000
11635,115,-148,-9079,0,1,0,-1000
11636,116,-148,-9079,0,1,0,-1000
11637,117,-148,-9079,0,1,0,-1000
11638,118,-148,-9079,0,1,0,-1000
11639,119,-148,-9079,0,1,0,-1000
11640,120,-148,-9079,0,1,0,-886
11641,121,-148,-9079,0,1,0,-860
11642,122,-148,-9079,0,1,0,-860
11643,123,-148,-9079,0,1,0,-860
11644,124,-148,-9079,0,1,0,-860
11645,125,-148,-9079,0,1,0,-860
11646,126,-148,-9079,0,1,0,-860
11647,127,-148,-9079,0,1,0,-860
11648,128,-148,-9079,0,1,0,-860
11649,129,-148,-9079,0,1,0,-860
11650,130,-148,-9079,0,1,0,-860
11651,131,-148,-9079,0,1,0,-860
11652,132,-148,-9079,0,1,0,-860
11653,133,-148,-9079,0,1,0,-860
11654,134,-148,-9079,0,1,0,-860
11655,135,-148,-9079,0,1,0,-860
11656,136,-148,-9079,0,1,0,-860
11657,137,-148,-9079,0,1,0,-860
11658,138,-148,-9079,0,1,0,-860
11659,139,-148,-9079,0,1,0,-860
11660,140,-148,-9079,0,1,0,-860
11661,141,-148,-9079,0,1,0,-860
11662,142,-148,-9079,0,1,0,-860
11663,143,-148,-9079,0,1,0,-735
11664,144,-148,-9079,0,1,0,-735
11665,145,-148,-9079,0,1,0,-735
11666,146,-148,-9079,0,1,0,-735
11667,147,-148,-9079,0,1,0,-735
11668,148,-148,-9079,0,1,0,-735
11669,149,-148,-9079,0,1,0,-735
11670,150,-148,-9079,0,1,0,-735
11671,151,-148,-9079,0,1,0,-735
11672,152,-148,-9079,0,1,0,-735
11673,153,-148,-9079,0,1,0,-735
11674,154,-148,-9079,0,1,0,-735
11675,155,-148,-9079,0,1,0,-735
11676,156,-148,-9079,0,1,0,-610
11677,157,-148,-9079,0,1,0,-110
11678,158,-148,-9079,0,1,0,-110
11679,159,-148,-9079,0,1,0,-110
11680,160,-148,-9079,0,1,0,-110
11681,161,-148,-9079,0,1,0,90
11682,162,-148,-9079,0,1,0,90
11683,163,-148,-9079,0,1,0,90
11684,164,-148,-9079,0,1,0,90
11685,165,-148,-9079,0,1,0,90
11686,166,-148,-9079,0,1,0,90
11687,167,-148,-9079,0,1,0,390
11688,168,-148,-9079,0,1,0,390
11689,169,-148,-9079,0,1,0,390
11690,170,-148,-9079,0,1,0,390
11691,171,-148,-9079,0,1,0,390
11692,172,-148,-9079,0,1,0,390
11693,173,-148,-9079,0,1,0,390
11694,174,-148,-9079,0,1,0,390
11695,175,-148,-9079,0,1,0,514
11696,176,-148,-9079,0,1,0,514
11697,177,-148,-9079,0,1,0,514
11698,178,-148,-9079,0,1,0,514
11699,179,-148,-9079,0,1,0,514
11700,180,-148,-9079,0,1,0,514
11701,181,-148,-9079,0,1,0,514
11702,182,-148,-9079,0,1,0,514
11703,183,-148,-9079,0,1,0,514
11704,184,-148,-9079,0,1,0,514
11705,185,-148,-9079,0,1,0,514
11706,186,-148,-9079,0,1,0,514
11707,187,-148,-9079,0,1,0,514
11708,188,-148,-9079,0,1,0,690
11709,189,-148,-9079,0,1,0,690
11710,190,-148,-9079,0,1,0,690
11711,191,-148,-9079,0,1,0,690
11712,192,-148,-9079,0,1,0,690
11713,193,-148,-9079,0,1,0,690
11714,194,-148,-9079,0,1,0,690
11715,195,-148,-9079,0,1,0,690
11716,196,-148,-9079,0,1,0,690
11717,197,-148,-9079,0,1,0,690
11718,198,-148,-9079,0,1,0,690
11719,199,-148,-9079,0,1,0,690
11720,200,-148,-9079,0,1,0,690
11721,201,-148,-9079,0,1,0,690
11722,202,-148,-9079,0,1,0,740
11723,203,-148,-9079,0,1,0,740
11724,204,-148,-9079,0,1,0,740
11725,205,-148,-9079,0,1,0,740
11726,206,-148,-9079,0,1,0,740
11727,207,-148,-9079,0,1,0,740
11728,208,-148,-9079,0,1,0,740
11729,209,-148,-9079,0,1,0,740
11730,210,-148,-9079,0,1,0,890
11731,211,-148,-9079,0,1,0,890
11732,212,-148,-9079,0,1,0,890
11733,213,-148,-9079,0,1,0,890
11734,214,-148,-9079,0,1,0,890
11735,215,-148,-9079,0,1,0,890
11736,216,-148,-9079,0,1,0,890
11737,217,-148,-9079,0,1,0,890
11738,218,-148,-9079,0,1,0,890
11739,219,-148,-9079,0,1,0,1015
11740,220,-148,-9079,0,1,0,1015
11741,221,-148,-9079,0,1,0,1015
11742,222,-148,-9079,0,1,0,1015
11743,223,-148,-9079,0,1,0,1140
11744,224,-148,-9079,0,1,0,1140
11745,225,-148,-9079,0,1,0,1140
11746,226,-148,-9079,0,1,0,1140
11747,227,-148,-9079,0,1,0,1260
11748,228,-148,-9079,0,1,0,1260
11749,229,-148,-9079,0,1,0,1260
11750,230,-148,-9079,0,1,0,1260
11751,231,-148,-9079,0,1,0,1260
11752,232,-148,-9079,0,1,0,1370
11753,233,-148,-9079,0,1,0,1370
11754,234,-148,-9079,0,1,0,1390
11755,235,-148,-9079,0,1,0,1475
11756,236,-148,-9079,0,1,0,1680
11757,237,-148,-9079,0,1,0,1680
11758,238,-148,-9079,0,1,0,1725
11759,239,-148,-9079,0,1,0,1800
11760,240,-148,-9079,0,1,0,1800
11761,241,-148,-9079,0,1,0,1800
11762,242,-148,-9079,0,1,0,1800
11763,243,-148,-9079,0,1,0,1800
11764,244,-148,-9079,0,1,0,1300
11765,245,-148,-9079,0,1,0,1300
11766,246,-148,-9079,0,1,0,1300
11767,247,-148,-9079,0,1,0,1300
11768,248,-148,-9079,0,1,0,1300
11769,249,-148,-9079,0,1,0,1100
11770,250,-148,-9079,0,1,0,1100
11771,251,-148,-9079,0,1,0,1100
11772,252,-148,-9079,0,1,0,1100
11773,253,-148,-9079,0,1,0,1100
11774,254,-148,-9079,0,1,0,1100
11775,255,-148,-9079,0,1,0,900
11776,0,-148,-9079,0,1,0,900
11777,1,-148,-9079,0,1,0,900
11778,2,-148,-9079,0,1,0,900
11779,3,-148,-9079,0,1,0,700
11780,4,-148,-9079,0,1,0,700
11781,5,-148,-9079,0,1,0,700
11782,6,-148,-9079,0,1,0,500
11783,7,-148,-9079,0,1,0,500
11784,8,-148,-9079,0,1,0,500
11785,9,-148,-9079,0,1,0,500
11786,10,-148,-9079,0,1,0,500
11787,11,-148,-9079,0,1,0,300
11788,12,-148,-9079,0,1,0,300
11789,13,-148,-9079,0,1,0,300
11790,14,-148,-9079,0,1,0,300
11791,15,-148,-9079,0,1,0,170
11792,16,-148,-9079,0,1,0,170
11793,17,-148,-9079,0,1,0,170
11794,18,-148,-9079,0,1,0,0
11795,19,-148,-9079,0,1,0,0
11796,20,-148,-9079,0,1,0,0
11797,21,-148,-9079,0,1,0,0
11798,22,-148,-9079,0,1,0,0
11799,23,-148,-9079,0,1,0,-70
11800,24,-148,-9079,0,1,0,-70
11801,25,-148,-9079,0,1,0,-70
11802,26,-148,-9079,0,1,0,-70
11803,27,-148,-9079,0,1,0,-70
11804,28,-148,-9079,0,1,0,-20
11805,29,-148,-9079,0,1,0,-20
11806,30,-148,-9079,0,1,0,-20
11807,31,-148,-9079,0,1,0,-20
11808,32,-148,-9079,0,1,0,-20
11809,33,-148,-9079,0,1,0,-20
11810,34,-148,-9079,0,1,0,-20
11811,35,-148,-9079,0,1,0,-20
11812,36,-148,-9079,0,1,0,-130
11813,37,-148,-9079,0,1,0,-130
11814,38,-148,-9079,0,1,0,-130
11815,39,-148,-9079,0,1,0,-130
11816,40,-148,-9079,0,1,0,-130
11817,41,-148,-9079,0,1,0,-130
11818,42,-148,-9079,0,1,0,-150
11819,43,-148,-9079,0,1,0,-150
11820,44,-148,-9079,0,1,0,-249
11821,45,-148,-9079,0,1,0,-579
11822,46,-148,-9079,0,1,0,-579
11823,47,-148,-9079,0,1,0,-579
11824,48,-148,-9079,0,1,0,-579
11825,49,-148,-9079,0,1,0,-579
11826,50,-148,-9079,0,1,0,-579
11827,51,-148,-9079,0,1,0,-674
11828,52,-148,-9079,0,1,0,-674
11829,53,-148,-9079,0,1,0,-674
11830,54,-148,-9079,0,1,0,-674
11831,55,-148,-9079,0,1,0,-874
11832,56,-148,-9079,0,1,0,-874
11833,57,-148,-9079,0,1,0,-874
11834,58,-148,-9079,0,1,0,-874
11835,59,-148,-9079,0,1,0,-778
11836,60,-148,-9079,0,1,0,-778
11837,61,-148,-9079,0,1,0,-778
11838,62,-148,-9079,0,1,0,-778
11839,63,-148,-9079,0,1,0,-778
11840,64,-148,-9079,0,1,0,-778
11841,65,-148,-9079,0,1,0,-778
11842,66,-148,-9079,0,1,0,-778
11843,67,-148,-9079,0,1,0,-778
11844,68,-148,-9079,0,1,0,-778
11845,69,-148,-9079,0,1,0,-778
11846,70,-148,-9079,0,1,0,-778
11847,71,-148,-9079,0,1,0,-778
11848,72,-148,-9079,0,1,0,-778
11849,73,-148,-9079,0,1,0,-778
11850,74,-148,-9079,0,1,0,-778
11851,75,-148,-9079,0,1,0,-778
11852,76,-148,-9079,0,1,0,-778
11853,77,-148,-9079,0,1,0,-778
11854,78,-148,-9079,0,1,0,-778
11855,79,-148,-9079,0,1,0,-778
11856,80,-148,-9079,0,1,0,-778
11857,81,-148,-9079,0,1,0,-685
11858,82,-148,-9079,0,1,0,-685
11859,83,-148,-9079,0,1,0,-685
11860,84,-148,-9079,0,1,0,-685
11861,85,-148,-9079,0,1,0,-685
11862,86,-148,-9079,0,1,0,-685
11863,87,-148,-9079,0,1,0,-685
11864,88,-148,-9079,0,1,0,-685
11865,89,-148,-9079,0,1,0,-685
11866,90,-148,-9079,0,1,0,-685
11867,91,-148,-9079,0,1,0,-685
11868,92,-148,-9079,0,1,0,-685
11869,93,-148,-9079,0,1,0,-685
11870,94,-148,-9079,0,1,0,-685
11871,95,-148,-9079,0,1,0,-685
11872,96,-148,-9079,0,1,0,-685
11873,97,-148,-9079,0,1,0,-685
11874,98,-148,-9079,0,1,0,-685
11875,99,-148,-9079,0,1,0,-685
11876,100,-148,-9079,0,1,0,-685
11877,101,-148,-9079,0,1,0,-685
11878,102,-148,-9079,0,1,0,-685
11879,103,-148,-9079,0,1,0,-685
11880,104,-148,-9079,0,1,0,-685
11881,105,-148,-9079,0,1,0,-685
11882,106,-148,-9079,0,1,0,-685
11883,107,-148,-9079,0,1,0,-685
11884,108,-148,-9079,0,1,0,-635
11885,109,-148,-9079,0,1,0,-635
11886,110,-148,-9079,0,1,0,-635
11887,111,-148,-9079,0,1,0,-635
11888,112,-148,-9079,0,1,0,-635
11889,113,-148,-9079,0,1,0,-635
11890,114,-148,-9079,0,1,0,-635
11891,115,-148,-9079,0,1,0,-590
11892,116,-148,-9079,0,1,0,-590
11893,117,-148,-9079,0,1,0,-590
11894,118,-148,-9079,0,1,0,-590
11895,119,-148,-9079,0,1,0,-590
11896,120,-148,-9079,0,1,0,-590
11897,121,-148,-9079,0,1,0,-590
11898,122,-148,-9079,0,1,0,-390
11899,123,-148,-9079,0,1,0,-390
11900,124,-148,-9079,0,1,0,-390
11901,125,-148,-9079,0,1,0,-390
11902,126,-148,-9079,0,1,0,-390
11903,127,-148,-9079,0,1,0,-390
11904,128,-148,-9079,0,1,0,-390
11905,129,-148,-9079,0,1,0,-390
11906,130,-148,-9079,0,1,0,-390
11907,131,-148,-9079,0,1,0,-390
11908,132,-148,-9079,0,1,0,-390
11909,133,-148,-9079,0,1,0,-390
11910,134,-148,-9079,0,1,0,-390
11911,135,-148,-9079,0,1,0,-390
11912,136,-148,-9079,0,1,0,-390
11913,137,-148,-9079,0,1,0,-390
11914,138,-148,-9079,0,1,0,-390
11915,139,-148,-9079,0,1,0,-369
11916,140,-148,-9079,0,1,0,-369
11917,141,-148,-9079,0,1,0,-369
11918,142,-148,-9079,0,1,0,-369
11919,143,-148,-9079,0,1,0,-369
11920,144,-148,-9079,0,1,0,-274
11921,145,-148,-9079,0,1,0,-154
11922,146,-148,-9079,0,1,0,-154
11923,147,-148,-9079,0,1,0,-154
11924,148,-148,-9079,0,1,0,-154
11925,149,-148,-9079,0,1,0,-154
11926,150,-148,-9079,0,1,0,-154
11927,151,-148,-9079,0,1,0,-154
11928,152,-148,-9079,0,1,0,-154
11929,153,-148,-9079,0,1,0,-154
11930,154,-148,-9079,0,1,0,-154
11931,155,-148,-9079,0,1,0,-154
11932,156,-148,-9079,0,1,0,-154
11933,157,-148,-9079,0,1,0,-154
11934,158,-148,-9079,0,1,0,-154
11935,159,-148,-9079,0,1,0,-194
11936,160,-148,-9079,0,1,0,6
11937,161,-148,-9079,0,1,0,6
11938,162,-148,-9079,0,1,0,6
11939,163,-148,-9079,0,1,0,6
11940,164,-148,-9079,0,1,0,6
11941,165,-148,-9079,0,1,0,6
11942,166,-148,-9079,0,1,0,6
11943,167,-148,-9079,0,1,0,6
11944,168,-148,-9079,0,1,0,6
11945,169,-148,-9079,0,1,0,6
11946,170,-148,-9079,0,1,0,6
11947,171,-148,-9079,0,1,0,6
11948,172,-148,-9079,0,1,0,6
11949,173,-148,-9079,0,1,0,6
11950,174,-148,-9079,0,1,0,6
11951,175,-148,-9079,0,1,0,6
11952,176,-148,-9079,0,1,0,6
11953,177,-148,-9079,0,1,0,6
11954,178,-148,-9079,0,1,0,6
11955,179,-148,-9079,0,1,0,6
11956,180,-148,-9079,0,1,0,6
11957,181,-148,-9079,0,1,0,6
11958,182,-148,-9079,0,1,0,-19
11959,183,-148,-9079,0,1,0,-19
11960,184,-148,-9079,0,1,0,-19
11961,185,-148,-9079,0,1,0,-19
11962,186,-148,-9079,0,1,0,-19
11963,187,-148,-9079,0,1,0,-19
11964,188,-148,-9079,0,1,0,-19
11965,189,-148,-9079,0,1,0,-19
11966,190,-148,-9079,0,1,0,-19
11967,191,-148,-9079,0,1,0,-19
11968,192,-148,-9079,0,1,0,-19
11969,193,-148,-9079,0,1,0,-19
11970,194,-148,-9079,0,1,0,-19
11971,195,-148,-9079,0,1,0,-19
11972,196,-148,-9079,0,1,0,-19
11973,197,-148,-9079,0,1,0,-19
11974,198,-148,-9079,0,1,0,-19
11975,199,-148,-9079,0,1,0,-19
11976,200,-148,-9079,0,1,0,-19
11977,201,-148,-9079,0,1,0,-19
11978,202,-148,-9079,0,1,0,-19
11979,203,-148,-9079,0,1,0,-19
11980,204,-148,-9079,0,1,0,-19
11981,205,-148,-9079,0,1,0,-19
11982,206,-148,-9079,0,1,0,-19
11983,207,-148,-9079,0,1,0,-19
11984,208,-148,-9079,0,1,0,180
11985,209,-148,-9079,0,1,0,180
11986,210,-148,-9079,0,1,0,180
11987,211,-148,-9079,0,1,0,580
11988,212,-148,-9079,0,1,0,580
11989,213,-148,-9079,0,1,0,580
11990,214,-148,-9079,0,1,0,580
11991,215,-148,-9079,0,1,0,794
11992,216,-148,-9079,0,1,0,794
11993,217,-148,-9079,0,1,0,1005
11994,218,-148,-9079,0,1,0,1005
11995,219,-148,-9079,0,1,0,1005
11996,220,-148,-9079,0,1,0,1005
11997,221,-148,-9079,0,1,0,1005
11998,222,-148,-9079,0,1,0,1005
11999,223,-148,-9079,0,1,0,1005
12000,224,-148,-9079,0,1,0,1005
12001,225,-148,-9079,0,1,0,909
12002,226,-148,-9079,0,1,0,909
12003,227,-148,-9079,0,1,0,909
12004,228,-148,-9079,0,1,0,909
12005,229,-148,-9079,0,1,0,909
12006,230,-148,-9079,0,1,0,909
12007,231,-148,-9079,0,1,0,909
12008,232,-148,-9079,0,1,0,909
12009,233,-148,-9079,0,1,0,909
12010,234,-148,-9079,0,1,0,909
12011,235,-148,-9079,0,1,0,909
12012,236,-148,-9079,0,1,0,909
12013,237,-148,-9079,0,1,0,909
12014,238,-148,-9079,0,1,0,909
12015,239,-148,-9079,0,1,0,909
12016,240,-148,-9079,0,1,0,909
12017,241,-148,-9079,0,1,0,891
12018,242,-148,-9079,0,1,0,891
12019,243,-148,-9079,0,1,0,891
12020,244,-148,-9079,0,1,0,866
12021,245,-148,-9079,0,1,0,821
12022,246,-148,-9079,0,1,0,821
12023,247,-148,-9079,0,1,0,821
12024,248,-148,-9079,0,1,0,821
12025,249,-148,-9079,0,1,0,821
12026,250,-148,-9079,0,1,0,821
12027,251,-148,-9079,0,1,0,821
12028,252,-148,-9079,0,1,0,821
12029,253,-148,-9079,0,1,0,714
12030,254,-148,-9079,0,1,0,714
12031,255,-148,-9079,0,1,0,714
12032,0,-148,-9079,0,1,0,714
12033,1,-148,-9079,0,1,0,630
12034,2,-148,-9079,0,1,0,505
12035,3,-148,-9079,0,1,0,505
12036,4,-148,-9079,0,1,0,505
12037,5,-148,-9079,0,1,0,505
12038,6,-148,-9079,0,1,0,505
12039,7,-148,-9079,0,1,0,505
12040,8,-148,-9079,0,1,0,255
12041,9,-148,-9079,0,1,0,255
12042,10,-148,-9079,0,1,0,255
12043,11,-148,-9079,0,1,0,255
12044,12,-148,-9079,0,1,0,255
12045,13,-148,-9079,0,1,0,255
12046,14,-148,-9079,0,1,0,255
12047,15,-148,-9079,0,1,0,255
12048,16,-148,-9079,0,1,0,255
12049,17,-148,-9079,0,1,0,255
12050,18,-148,-9079,0,1,0,125
12051,19,-148,-9079,0,1,0,125
12052,20,-148,-9079,0,1,0,125
12053,21,-148,-9079,0,1,0,125
12054,22,-148,-9079,0,1,0,125
12055,23,-148,-9079,0,1,0,125
12056,24,-148,-9079,0,1,0,125
12057,25,-148,-9079,0,1,0,125
12058,26,-148,-9079,0,1,0,125
12059,27,-148,-9079,0,1,0,125
12060,28,-148,-9079,0,1,0,125
12061,29,-148,-9079,0,1,0,125
12062,30,-148,-9079,0,1,0,125
12063,31,-148,-9079,0,1,0,125
12064,32,-148,-9079,0,1,0,125
12065,33,-148,-9079,0,1,0,125
12066,34,-148,-9079,0,1,0,125
12067,35,-148,-9079,0,1,0,125
12068,36,-148,-9079,0,1,0,75
12069,37,-148,-9079,0,1,0,75
12070,38,-148,-9079,0,1,0,75
12071,39,-148,-9079,0,1,0,75
12072,40,-148,-9079,0,1,0,75
12073,41,-148,-9079,0,1,0,75
12074,42,-148,-9079,0,1,0,75
12075,43,-148,-9079,0,1,0,75
12076,44,-148,-9079,0,1,0,75
12077,45,-148,-9079,0,1,0,75
12078,46,-148,-9079,0,1,0,75
12079,47,-148,-9079,0,1,0,75
12080,48,-148,-9079,0,1,0,75
12081,49,-148,-9079,0,1,0,75
12082,50,-148,-9079,0,1,0,75
12083,51,-148,-9079,0,1,0,75
12084,52,-148,-9079,0,1,0,75
12085,53,-148,-9079,0,1,0,75
12086,54,-148,-9079,0,1,0,-225
12087,55,-148,-9079,0,1,0,-225
12088,56,-148,-9079,0,1,0,-225
12089,57,-148,-9079,0,1,0,-225
12090,58,-148,-9079,0,1,0,-225
12091,59,-148,-9079,0,1,0,-225
12092,60,-148,-9079,0,1,0,-225
12093,61,-148,-9079,0,1,0,-625
12094,62,-148,-9079,0,1,0,-914
12095,63,-148,-9079,0,1,0,-914
12096,64,-148,-9079,0,1,0,-914
12097,65,-148,-9079,0,1,0,-914
12098,66,-148,-9079,0,1,0,-914
12099,67,-148,-9079,0,1,0,-914
12100,68,-148,-9079,0,1,0,-914
12101,69,-148,-9079,0,1,0,-914
12102,70,-148,-9079,0,1,0,-914
12103,71,-148,-9079,0,1,0,-914
12104,72,-148,-9079,0,1,0,-975
12105,73,-148,-9079,0,1,0,-775
12106,74,-148,-9079,0,1,0,-651
12107,75,-148,-9079,0,1,0,-526
12108,76,-148,-9079,0,1,0,-257
12109,77,-148,-9079,0,1,0,-257
12110,78,-148,-9079,0,1,0,-257
12111,79,-148,-9079,0,1,0,-257
12112,80,-148,-9079,0,1,0,-257
12113,81,-148,-9079,0,1,0,-257
12114,82,-148,-9079,0,1,0,-257
12115,83,-148,-9079,0,1,0,-257
12116,84,-148,-9079,0,1,0,-257
12117,85,-148,-9079,0,1,0,-257
12118,86,-148,-9079,0,1,0,-257
12119,87,-148,-9079,0,1,0,-257
12120,88,-148,-9079,0,1,0,-257
12121,89,-148,-9079,0,1,0,-257
12122,90,-148,-9079,0,1,0,-350
12123,91,-148,-9079,0,1,0,-350
12124,92,-148,-9079,0,1,0,-350
12125,93,-148,-9079,0,1,0,-350
12126,94,-148,-9079,0,1,0,-357
12127,95,-148,-9079,0,1,0,-357
12128,96,-148,-9079,0,1,0,-357
12129,97,-148,-9079,0,1,0,-357
12130,98,-148,-9079,0,1,0,-357
12131,99,-148,-9079,0,1,0,-277
12132,100,-148,-9079,0,1,0,-277
12133,101,-148,-9079,0,1,0,-277
12134,102,-148,-9079,0,1,0,-277
12135,103,-148,-9079,0,1,0,-217
12136,104,-148,-9079,0,1,0,-217
12137,105,-148,-9079,0,1,0,-217
12138,106,-148,-9079,0,1,0,-217
12139,107,-148,-9079,0,1,0,-217
12140,108,-148,-9079,0,1,0,-217
12141,109,-148,-9079,0,1,0,-217
12142,110,-148,-9079,0,1,0,-217
12143,111,-148,-9079,0,1,0,-217
12144,112,-148,-9079,0,1,0,-217
12145,113,-148,-9079,0,1,0,-217
12146,114,-148,-9079,0,1,0,-217
12147,115,-148,-9079,0,1,0,-217
12148,116,-148,-9079,0,1,0,-217
12149,117,-148,-9079,0,1,0,-217
12150,118,-148,-9079,0,1,0,-217
12151,119,-148,-9079,0,1,0,-217
12152,120,-148,-9079,0,1,0,-217
12153,121,-148,-9079,0,1,0,-217
12154,122,-148,-9079,0,1,0,-217
12155,123,-148,-9079,0,1,0,-217
12156,124,-148,-9079,0,1,0,-217
12157,125,-148,-9079,0,1,0,-217
12158,126,-148,-9079,0,1,0,-217
12159,127,-148,-9079,0,1,0,-217
12160,128,-148,-9079,0,1,0,-217
12161,129,-148,-9079,0,1,0,-217
12162,130,-148,-9079,0,1,0,-217
12163,131,-148,-9079,0,1,0,-217
12164,132,-148,-9079,0,1,0,-217
12165,133,-148,-9079,0,1,0,-217
12166,134,-148,-9079,0,1,0,33
12167,135,-148,-9079,0,1,0,33
12168,136,-148,-9079,0,1,0,33
12169,137,-148,-9079,0,1,0,33
12170,138,-148,-9079,0,1,0,33
12171,139,-148,-9079,0,1,0,33
12172,140,-148,-9079,0,1,0,33
12173,141,-148,-9079,0,1,0,33
12174,142,-148,-9079,0,1,0,33
12175,143,-148,-9079,0,1,0,33
12176,144,-148,-9079,0,1,0,33
12177,145,-148,-9079,0,1,0,33
12178,146,-148,-9079,0,1,0,33
12179,147,-148,-9079,0,1,0,33
12180,148,-148,-9079,0,1,0,33
12181,149,-148,-9079,0,1,0,33
12182,150,-148,-9079,0,1,0,33
12183,151,-148,-9079,0,1,0,33
12184,152,-148,-9079,0,1,0,33
12185,153,-148,-9079,0,1,0,33
12186,154,-148,-9079,0,1,0,-2
12187,155,-148,-9079,0,1,0,-2
12188,156,-148,-9079,0,1,0,-2
12189,157,-148,-9079,0,1,0,-2
12190,158,-148,-9079,0,1,0,-2
12191,159,-148,-9079,0,1,0,-2
12192,160,-148,-9079,0,1,0,73
12193,161,-148,-9079,0,1,0,73
12194,162,-148,-9079,0,1,0,473
12195,163,-148,-9079,0,1,0,473
12196,164,-148,-9079,0,1,0,473
12197,165,-148,-9079,0,1,0,1008
12198,166,-148,-9079,0,1,0,1173
12199,167,-148,-9079,0,1,0,1158
12200,168,-148,-9079,0,1,0,1158
12201,169,-148,-9079,0,1,0,1158
12202,170,-148,-9079,0,1,0,1158
12203,171,-148,-9079,0,1,0,1158
12204,172,-148,-9079,0,1,0,1158
12205,173,-148,-9079,0,1,0,1158
12206,174,-148,-9079,0,1,0,1158
12207,175,-148,-9079,0,1,0,1158
12208,176,-148,-9079,0,1,0,1169
12209,177,-148,-9079,0,1,0,1169
12210,178,-148,-9079,0,1,0,1169
12211,179,-148,-9079,0,1,0,1169
12212,180,-148,-9079,0,1,0,1169
12213,181,-148,-9079,0,1,0,1169
12214,182,-148,-9079,0,1,0,1169
12215,183,-148,-9079,0,1,0,1169
12216,184,-148,-9079,0,1,0,1169
12217,185,-148,-9079,0,1,0,1569
12218,186,-148,-9079,0,1,0,1475
12219,187,-148,-9079,0,1,0,1475
12220,188,-148,-9079,0,1,0,1675
12221,189,-148,-9079,0,1,0,1675
12222,190,-148,-9079,0,1,0,1675
12223,191,-148,-9079,0,1,0,1675
12224,192,-148,-9079,0,1,0,1675
12225,193,-148,-9079,0,1,0,1675
12226,194,-148,-9079,0,1,0,1875
12227,195,-148,-9079,0,1,0,1875
12228,196,-148,-9079,0,1,0,1875
12229,197,-148,-9079,0,1,0,1875
12230,198,-148,-9079,0,1,0,1875
12231,199,-148,-9079,0,1,0,1875
12232,200,-148,-9079,0,1,0,1875
12233,201,-148,-9079,0,1,0,1875
12234,202,-148,-9079,0,1,0,1875
12235,203,-148,-9079,0,1,0,1875
12236,204,-148,-9079,0,1,0,1875
12237,205,-148,-9079,0,1,0,1875
12238,206,-148,-9079,0,1,0,1875
12239,207,-148,-9079,0,1,0,1875
12240,208,-148,-9079,0,1,0,1930
12241,209,-148,-9079,0,1,0,1850
12242,210,-148,-9079,0,1,0,1850
12243,211,-148,-9079,0,1,0,1850
12244,212,-148,-9079,0,1,0,1850
12245,213,-148,-9079,0,1,0,1850
12246,214,-148,-9079,0,1,0,1850
12247,215,-148,-9079,0,1,0,1850
12248,216,-148,-9079,0,1,0,1850
12249,217,-148,-9079,0,1,0,1790
12250,218,-148,-9079,0,1,0,1790
12251,219,-148,-9079,0,1,0,1790
12252,220,-148,-9079,0,1,0,1790
12253,221,-148,-9079,0,1,0,1790
12254,222,-148,-9079,0,1,0,1790
12255,223,-148,-9079,0,1,0,1790
12256,224,-148,-9079,0,1,0,1790
12257,225,-148,-9079,0,1,0,1790
12258,226,-148,-9079,0,1,0,1790
12259,227,-148,-9079,0,1,0,1790
12260,228,-148,-9079,0,1,0,1790
12261,229,-148,-9079,0,1,0,1790
12262,230,-148,-9079,0,1,0,1620
12263,231,-148,-9079,0,1,0,1620
12264,232,-148,-9079,0,1,0,1620
12265,233,-148,-9079,0,1,0,1620
12266,234,-148,-9079,0,1,0,1590
12267,235,-148,-9079,0,1,0,1455
12268,236,-148,-9079,0,1,0,1455
12269,237,-148,-9079,0,1,0,1455
12270,238,-148,-9079,0,1,0,1455
12271,239,-148,-9079,0,1,0,1455
12272,240,-148,-9079,0,1,0,1455
12273,241,-148,-9079,0,1,0,1455
12274,242,-148,-9079,0,1,0,1455
12275,243,-148,-9079,0,1,0,1455
12276,244,-148,-9079,0,1,0,1149
12277,245,-148,-9079,0,1,0,1149
12278,246,-148,-9079,0,1,0,1149
12279,247,-148,-9079,0,1,0,1149
12280,248,-148,-9079,0,1,0,1149
12281,249,-148,-9079,0,1,0,655
12282,250,-148,-9079,0,1,0,490
12283,251,-148,-9079,0,1,0,490
12284,252,-148,-9079,0,1,0,490
12285,253,-148,-9079,0,1,0,490
12286,254,-148,-9079,0,1,0,490
12287,255,-148,-9079,0,1,0,490
12288,0,-148,-9079,0,1,0,490
12289,1,-148,-9079,0,1,0,490
12290,2,-148,-9079,0,1,0,490
12291,3,-148,-9079,0,1,0,490
12292,4,-148,-9079,0,1,0,490
12293,5,-148,-9079,0,1,0,490
12294,6,-148,-9079,0,1,0,490
12295,7,-148,-9079,0,1,0,490
12296,8,-148,-9079,0,1,0,490
12297,9,-148,-9079,0,1,0,355
12298,10,-148,-9079,0,1,0,355
12299,11,-148,-9079,0,1,0,355
12300,12,-148,-9079,0,1,0,355
12301,13,-148,-9079,0,1,0,355
12302,14,-148,-9079,0,1,0,355
12303,15,-148,-9079,0,1,0,355
12304,16,-148,-9079,0,1,0,355
12305,17,-148,-9079,0,1,0,355
12306,18,-148,-9079,0,1,0,355
12307,19,-148,-9079,0,1,0,155
12308,20,-148,-9079,0,1,0,155
12309,21,-148,-9079,0,1,0,155
12310,22,-148,-9079,0,1,0,155
12311,23,-148,-9079,0,1,0,155
12312,24,-148,-9079,0,1,0,155
12313,25,-148,-9079,0,1,0,155
12314,26,-148,-9079,0,1,0,155
12315,27,-148,-9079,0,1,0,20
12316,28,-148,-9079,0,1,0,20
12317,29,-148,-9079,0,1,0,20
12318,30,-148,-9079,0,1,0,20
12319,31,-148,-9079,0,1,0,20
12320,32,-148,-9079,0,1,0,20
12321,33,-148,-9079,0,1,0,20
12322,34,-148,-9079,0,1,0,20
12323,35,-148,-9079,0,1,0,-400
12324,36,-148,-9079,0,1,0,-400
12325,37,-148,-9079,0,1,0,-400
12326,38,-148,-9079,0,1,0,-400
12327,39,-148,-9079,0,1,0,-400
12328,40,-148,-9079,0,1,0,-400
12329,41,-148,-9079,0,1,0,-400
12330,42,-148,-9079,0,1,0,-480
12331,43,-148,-9079,0,1,0,-545
12332,44,-148,-9079,0,1,0,-545
12333,45,-148,-9079,0,1,0,-545
12334,46,-148,-9079,0,1,0,-545
12335,47,-148,-9079,0,1,0,-545
12336,48,-148,-9079,0,1,0,-545
12337,49,-148,-9079,0,1,0,-545
12338,50,-148,-9079,0,1,0,-545
12339,51,-148,-9079,0,1,0,-545
12340,52,-148,-9079,0,1,0,-545
12341,53,-148,-9079,0,1,0,-545
12342,54,-148,-9079,0,1,0,-545
12343,55,-148,-9079,0,1,0,-545
12344,56,-148,-9079,0,1,0,-545
12345,57,-148,-9079,0,1,0,-545
12346,58,-148,-9079,0,1,0,-545
12347,59,-148,-9079,0,1,0,-545
12348,60,-148,-9079,0,1,0,-545
12349,61,-148,-9079,0,1,0,-545
12350,62,-148,-9079,0,1,0,-545
12351,63,-148,-9079,0,1,0,-545
12352,64,-148,-9079,0,1,0,-545
12353,65,-148,-9079,0,1,0,-545
12354,66,-148,-9079,0,1,0,-545
12355,67,-148,-9079,0,1,0,-545
12356,68,-148,-9079,0,1,0,-545
12357,69,-148,-9079,0,1,0,-545
12358,70,-148,-9079,0,1,0,-545
12359,71,-148,-9079,0,1,0,-545
12360,72,-148,-9079,0,1,0,-545
12361,73,-148,-9079,0,1,0,-545
12362,74,-148,-9079,0,1,0,-545
12363,75,-148,-9079,0,1,0,-545
12364,76,-148,-9079,0,1,0,-545
12365,77,-148,-9079,0,1,0,-600
12366,78,-148,-9079,0,1,0,-600
12367,79,-148,-9079,0,1,0,-600
12368,80,-148,-9079,0,1,0,-600
12369,81,-148,-9079,0,1,0,-600
12370,82,-148,-9079,0,1,0,-600
12371,83,-148,-9079,0,1,0,-600
12372,84,-148,-9079,0,1,0,-600
12373,85,-148,-9079,0,1,0,-600
12374,86,-148,-9079,0,1,0,-600
12375,87,-148,-9079,0,1,0,-600
12376,88,-148,-9079,0,1,0,-600
12377,89,-148,-9079,0,1,0,-600
12378,90,-148,-9079,0,1,0,-600
12379,91,-148,-9079,0,1,0,-600
12380,92,-148,-9079,0,1,0,-600
12381,93,-148,-9079,0,1,0,-600
12382,94,-148,-9079,0,1,0,-600
12383,95,-148,-9079,0,1,0,-600
12384,96,-148,-9079,0,1,0,-600
12385,97,-148,-9079,0,1,0,-600
12386,98,-148,-9079,0,1,0,-600
12387,99,-148,-9079,0,1,0,-600
12388,100,-148,-9079,0,1,0,-600
12389,101,-148,-9079,0,1,0,-600
12390,102,-148,-9079,0,1,0,-600
12391,103,-148,-9079,0,1,0,-600
12392,104,-148,-9079,0,1,0,-600
12393,105,-148,-9079,0,1,0,-600
12394,106,-148,-9079,0,1,0,-600
12395,107,-148,-9079,0,1,0,-600
12396,108,-148,-9079,0,1,0,-600
12397,109,-148,-9079,0,1,0,-600
12398,110,-148,-9079,0,1,0,-600
12399,111,-148,-9079,0,1,0,-600
12400,112,-148,-9079,0,1,0,-600
12401,113,-148,-9079,0,1,0,-600
12402,114,-148,-9079,0,1,0,-600
12403,115,-148,-9079,0,1,0,-600
12404,116,-148,-9079,0,1,0,-600
12405,117,-148,-9079,0,1,0,-600
12406,118,-148,-9079,0,1,0,-600
12407,119,-148,-9079,0,1,0,-600
12408,120,-148,-9079,0,1,0,-600
12409,121,-148,-9079,0,1,0,-600
12410,122,-148,-9079,0,1,0,-600
12411,123,-148,-9079,0,1,0,-600
12412,124,-148,-9079,0,1,0,-600
12413,125,-148,-9079,0,1,0,-600
12414,126,-148,-9079,0,1,0,-600
12415,127,-148,-9079,0,1,0,-600
12416,128,-148,-9079,0,1,0,-600
12417,129,-148,-9079,0,1,0,-600
12418,130,-148,-9079,0,1,0,-600
12419,131,-148,-9079,0,1,0,-600
12420,132,-148,-9079,0,1,0,-600
12421,133,-148,-9079,0,1,0,-600
12422,134,-148,-9079,0,1,0,-600
12423,135,-148,-9079,0,1,0,-600
12424,136,-148,-9079,0,1,0,-600
12425,137,-148,-9079,0,1,0,-600
12426,138,-148,-9079,0,1,0,-600
12427,139,-148,-9079,0,1,0,-600
12428,140,-148,-9079,0,1,0,-600
12429,141,-148,-9079,0,1,0,-600
12430,142,-148,-9079,0,1,0,-600
12431,143,-148,-9079,0,1,0,-600
12432,144,-148,-9079,0,1,0,-600
12433,145,-148,-9079,0,1,0,-600
12434,146,-148,-9079,0,1,0,-600
12435,147,-148,-9079,0,1,0,-600
12436,148,-148,-9079,0,1,0,-600
12437,149,-148,-9079,0,1,0,-600
12438,150,-148,-9079,0,1,0,-600
12439,151,-148,-9079,0,1,0,-600
12440,152,-148,-9079,0,1,0,-600
12441,153,-148,-9079,0,1,0,-600
12442,154,-148,-9079,0,1,0,-600
12443,155,-148,-9079,0,1,0,-600
12444,156,-148,-9079,0,1,0,-600
12445,157,-148,-9079,0,1,0,-600
12446,158,-148,-9079,0,1,0,-600
12447,159,-148,-9079,0,1,0,-600
12448,160,-148,-9079,0,1,0,-600
12449,161,-148,-9079,0,1,0,-600
12450,162,-148,-9079,0,1,0,-600
12451,163,-148,-9079,0,1,0,-600
12452,164,-148,-9079,0,1,0,-494
12453,165,-148,-9079,0,1,0,-494
12454,166,-148,-9079,0,1,0,-494
12455,167,-148,-9079,0,1,0,-473
12456,168,-148,-9079,0,1,0,-457
12457,169,-148,-9079,0,1,0,-457
12458,170,-148,-9079,0,1,0,-457
12459,171,-148,-9079,0,1,0,-457
12460,172,-148,-9079,0,1,0,-446
12461,173,-148,-9079,0,1,0,-446
12462,174,-148,-9079,0,1,0,-516
12463,175,-148,-9079,0,1,0,-516
12464,176,-148,-9079,0,1,0,-516
12465,177,-148,-9079,0,1,0,-516
12466,178,-148,-9079,0,1,0,-516
12467,179,-148,-9079,0,1,0,-516
12468,180,-148,-9079,0,1,0,-516
12469,181,-148,-9079,0,1,0,-516
12470,182,-148,-9079,0,1,0,-516
12471,183,-148,-9079,0,1,0,-516
12472,184,-148,-9079,0,1,0,-516
12473,185,-148,-9079,0,1,0,-516
12474,186,-148,-9079,0,1,0,-516
12475,187,-148,-9079,0,1,0,-516
12476,188,-148,-9079,0,1,0,-516
12477,189,-148,-9079,0,1,0,-516
12478,190,-148,-9079,0,1,0,-516
12479,191,-148,-9079,0,1,0,-460
12480,192,-148,-9079,0,1,0,-460
12481,193,-148,-9079,0,1,0,-460
12482,194,-148,-9079,0,1,0,-460
12483,195,-148,-9079,0,1,0,-460
12484,196,-148,-9079,0,1,0,-460
12485,197,-148,-9079,0,1,0,-460
12486,198,-148,-9079,0,1,0,-460
12487,199,-148,-9079,0,1,0,-460
12488,200,-148,-9079,0,1,0,-460
12489,201,-148,-9079,0,1,0,-460
12490,202,-148,-9079,0,1,0,-460
12491,203,-148,-9079,0,1,0,-460
12492,204,-148,-9079,0,1,0,-460
12493,205,-148,-9079,0,1,0,-460
12494,206,-148,-9079,0,1,0,-460
12495,207,-148,-9079,0,1,0,-460
12496,208,-148,-9079,0,1,0,-460
12497,209,-148,-9079,0,1,0,-460
12498,210,-148,-9079,0,1,0,-460
12499,211,-148,-9079,0,1,0,-460
12500,212,-148,-9079,0,1,0,-460
12501,213,-148,-9079,0,1,0,-460
12502,214,-148,-9079,0,1,0,-460
12503,215,-148,-9079,0,1,0,-460
12504,216,-148,-9079,0,1,0,-460
12505,217,-148,-9079,0,1,0,-460
12506,218,-148,-9079,0,1,0,-460
12507,219,-148,-9079,0,1,0,440
12508,220,-148,-9079,0,1,0,440
12509,221,-148,-9079,0,1,0,440
12510,222,-148,-9079,0,1,0,440
12511,223,-148,-9079,0,1,0,440
12512,224,-148,-9079,0,1,0,440
12513,225,-148,-9079,0,1,0,440
12514,226,-148,-9079,0,1,0,440
12515,227,-148,-9079,0,1,0,440
12516,228,-148,-9079,0,1,0,440
12517,229,-148,-9079,0,1,0,440
12518,230,-148,-9079,0,1,0,440
12519,231,-148,-9079,0,1,0,440
12520,232,-148,-9079,0,1,0,440
12521,233,-148,-9079,0,1,0,440
12522,234,-148,-9079,0,1,0,440
12523,235,-148,-9079,0,1,0,440
12524,236,-148,-9079,0,1,0,440
12525,237,-148,-9079,0,1,0,440
12526,238,-148,-9079,0,1,0,440
12527,239,-148,-9079,0,1,0,440
12528,240,-148,-9079,0,1,0,1030
12529,241,-148,-9079,0,1,0,1030
12530,242,-148,-9079,0,1,0,1030
12531,243,-148,-9079,0,1,0,1030
12532,244,-148,-9079,0,1,0,1030
12533,245,-148,-9079,0,1,0,1030
12534,246,-148,-9079,0,1,0,1330
12535,247,-148,-9079,0,1,0,1330
12536,248,-148,-9079,0,1,0,1330
12537,249,-148,-9079,0,1,0,1330
12538,250,-148,-9079,0,1,0,1330
12539,251,-148,-9079,0,1,0,1330
12540,252,-148,-9079,0,1,0,1330
12541,253,-148,-9079,0,1,0,1440
12542,254,-148,-9079,0,1,0,1440
12543,255,-148,-9079,0,1,0,1440
12544,0,-148,-9079,0,1,0,1440
12545,1,-148,-9079,0,1,0,1440
12546,2,-148,-9079,0,1,0,1440
12547,3,-148,-9079,0,1,0,1440
12548,4,-148,-9079,0,1,0,1440
12549,5,-148,-9079,0,1,0,1440
12550,6,-148,-9079,0,1,0,1440
12551,7,-148,-9079,0,1,0,1440
12552,8,-148,-9079,0,1,0,1440
12553,9,-148,-9079,0,1,0,1440
12554,10,-148,-9079,0,1,0,1440
12555,11,-148,-9079,0,1,0,1440
12556,12,-148,-9079,0,1,0,1440
12557,13,-148,-9079,0,1,0,1440
12558,14,-148,-9079,0,1,0,1440
12559,15,-148,-9079,0,1,0,1440
12560,16,-148,-9079,0,1,0,1440
12561,17,-148,-9079,0,1,0,1440
12562,18,-148,-9079,0,1,0,1440
12563,19,-148,-9079,0,1,0,1440
12564,20,-148,-9079,0,1,0,1440
12565,21,-148,-9079,0,1,0,1440
12566,22,-148,-9079,0,1,0,1440
12567,23,-148,-9079,0,1,0,1440
12568,24,-148,-9079,0,1,0,1440
12569,25,-148,-9079,0,1,0,1440
12570,26,-148,-9079,0,1,0,1960
12571,27,-148,-9079,0,1,0,1991
12572,28,-148,-9079,0,1,0,2056
12573,29,-148,-9079,0,1,0,2056
12574,30,-148,-9079,0,1,0,2056
12575,31,-148,-9079,0,1,0,2056
12576,32,-148,-9079,0,1,0,2056
12577,33,-148,-9079,0,1,0,2056
12578,34,-148,-9079,0,1,0,2056
12579,35,-148,-9079,0,1,0,2056
12580,36,-148,-9079,0,1,0,2056
12581,37,-148,-9079,0,1,0,2056
12582,38,-148,-9079,0,1,0,2056
12583,39,-148,-9079,0,1,0,2056
12584,40,-148,-9079,0,1,0,2056
12585,41,-148,-9079,0,1,0,2056
12586,42,-148,-9079,0,1,0,2056
12587,43,-148,-9079,0,1,0,2056
12588,44,-148,-9079,0,1,0,2056
12589,45,-148,-9079,0,1,0,2056
12590,46,-148,-9079,0,1,0,2056
12591,47,-148,-9079,0,1,0,2056
12592,48,-148,-9079,0,1,0,2056
12593,49,-148,-9079,0,1,0,2056
12594,50,-148,-9079,0,1,0,2056
12595,51,-148,-9079,0,1,0,2056
12596,52,-148,-9079,0,1,0,2056
12597,53,-148,-9079,0,1,0,2056
12598,54,-148,-9079,0,1,0,2056
12599,55,-148,-9079,0,1,0,2056
12600,56,-148,-9079,0,1,0,2056
12601,57,-148,-9079,0,1,0,2056
12602,58,-148,-9079,0,1,0,2056
12603,59,-148,-9079,0,1,0,2056
12604,60,-148,-9079,0,1,0,2256
12605,61,-148,-9079,0,1,0,2256
12606,62,-148,-9079,0,1,0,2256
12607,63,-148,-9079,0,1,0,2256
12608,64,-148,-9079,0,1,0,2256
12609,65,-148,-9079,0,1,0,2256
12610,66,-148,-9079,0,1,0,2256
12611,67,-148,-9079,0,1,0,2256
12612,68,-148,-9079,0,1,0,2256
12613,69,-148,-9079,0,1,0,2256
12614,70,-148,-9079,0,1,0,2256
12615,71,-148,-9079,0,1,0,2256
12616,72,-148,-9079,0,1,0,2256
12617,73,-148,-9079,0,1,0,2256
12618,74,-148,-9079,0,1,0,2256
12619,75,-148,-9079,0,1,0,2256
12620,76,-148,-9079,0,1,0,2256
12621,77,-148,-9079,0,1,0,2256
12622,78,-148,-9079,0,1,0,2256
12623,79,-148,-9079,0,1,0,2256
12624,80,-148,-9079,0,1,0,2256
12625,81,-148,-9079,0,1,0,2256
12626,82,-148,-9079,0,1,0,2256
12627,83,-148,-9079,0,1,0,2256
12628,84,-148,-9079,0,1,0,2256
12629,85,-148,-9079,0,1,0,2256
12630,86,-148,-9079,0,1,0,2256
12631,87,-148,-9079,0,1,0,2256
12632,88,-148,-9079,0,1,0,2256
12633,89,-148,-9079,0,1,0,2256
12634,90,-148,-9079,0,1,0,2256
12635,91,-148,-9079,0,1,0,2256
12636,92,-148,-9079,0,1,0,2256
12637,93,-148,-9079,0,1,0,2256
12638,94,-148,-9079,0,1,0,2256
12639,95,-148,-9079,0,1,0,2256
12640,96,-148,-9079,0,1,0,2256
12641,97,-148,-9079,0,1,0,2256
12642,98,-148,-9079,0,1,0,2256
12643,99,-148,-9079,0,1,0,2256
12644,100,-148,-9079,0,1,0,2256
12645,101,-148,-9079,0,1,0,2256
12646,102,-148,-9079,0,1,0,2256
12647,103,-148,-9079,0,1,0,2256
12648,104,-148,-9079,0,1,0,2256
12649,105,-148,-9079,0,1,0,2256
12650,106,-148,-9079,0,1,0,2256
12651,107,-148,-9079,0,1,0,2256
12652,108,-148,-9079,0,1,0,2256
12653,109,-148,-9079,0,1,0,2256
12654,110,-148,-9079,0,1,0,2856
12655,111,-148,-9079,0,1,0,2856
12656,112,-148,-9079,0,1,0,2856
12657,113,-148,-9079,0,1,0,2856
12658,114,-148,-9079,0,1,0,2856
12659,115,-148,-9079,0,1,0,5656
12660,116,-148,-9079,0,1,0,5680
12661,117,-148,-9079,0,1,0,5779
12662,118,-148,-9079,0,1,0,5903
12663,119,-148,-9079,0,1,0,5999
12664,120,-148,-9079,0,1,0,5999
12665,121,-148,-9079,0,1,0,5999
12666,122,-148,-9079,0,1,0,5999
12667,123,-148,-9079,0,1,0,5999
12668,124,-148,-9079,0,1,0,5999
12669,125,-148,-9079,0,1,0,5999
12670,126,-148,-9079,0,1,0,6053
12671,127,-148,-9079,0,1,0,6053
12672,128,-148,-9079,0,1,0,6053
12673,129,-148,-9079,0,1,0,6053
12674,130,-148,-9079,0,1,0,6053
12675,131,-148,-9079,0,1,0,6053
12676,132,-148,-9079,0,1,0,6053
12677,133,-148,-9079,0,1,0,6053
12678,134,-148,-9079,0,1,0,6053
12679,135,-148,-9079,0,1,0,6053
12680,136,-148,-9079,0,1,0,6053
12681,137,-148,-9079,0,1,0,6053
12682,138,-148,-9079,0,1,0,6053
12683,139,-148,-9079,0,1,0,6053
12684,140,-148,-9079,0,1,0,6053
12685,141,-148,-9079,0,1,0,6053
12686,142,-148,-9079,0,1,0,6053
12687,143,-148,-9079,0,1,0,6053
12688,144,-148,-9079,0,1,0,6053
12689,145,-148,-9079,0,1,0,6053
12690,146,-148,-9079,0,1,0,6053
12691,147,-148,-9079,0,1,0,6053
12692,148,-148,-9079,0,1,0,6053
12693,149,-148,-9079,0,1,0,6053
12694,150,-148,-9079,0,1,0,6053
12695,151,-148,-9079,0,1,0,6053
12696,152,-148,-9079,0,1,0,6053
12697,153,-148,-9079,0,1,0,6053
12698,154,-148,-9079,0,1,0,6053
12699,155,-148,-9079,0,1,0,6053
12700,156,-148,-9079,0,1,0,6053
12701,157,-148,-9079,0,1,0,6053
12702,158,-148,-9079,0,1,0,6053
12703,159,-148,-9079,0,1,0,6053
12704,160,-148,-9079,0,1,0,6053
12705,161,-148,-9079,0,1,0,6053
12706,162,-148,-9079,0,1,0,5263
12707,163,-148,-9079,0,1,0,5263
12708,164,-148,-9079,0,1,0,5263
12709,165,-148,-9079,0,1,0,5263
12710,166,-148,-9079,0,1,0,5263
12711,167,-148,-9079,0,1,0,5263
12712,168,-148,-9079,0,1,0,5263
12713,169,-148,-9079,0,1,0,5263
12714,170,-148,-9079,0,1,0,5263
12715,171,-148,-9079,0,1,0,5263
12716,172,-148,-9079,0,1,0,5263
12717,173,-148,-9079,0,1,0,5263
12718,174,-148,-9079,0,1,0,5263
12719,175,-148,-9079,0,1,0,5263
12720,176,-148,-9079,0,1,0,5263
12721,177,-148,-9079,0,1,0,5263
12722,178,-148,-9079,0,1,0,5263
12723,179,-148,-9079,0,1,0,5263
12724,180,-148,-9079,0,1,0,5263
12725,181,-148,-9079,0,1,0,4524
12726,182,-148,-9079,0,1,0,4524
12727,183,-148,-9079,0,1,0,4524
12728,184,-148,-9079,0,1,0,4247
12729,185,-148,-9079,0,1,0,4247
12730,186,-148,-9079,0,1,0,4247
12731,187,-148,-9079,0,1,0,4247
12732,188,-148,-9079,0,1,0,4247
12733,189,-148,-9079,0,1,0,4247
12734,190,-148,-9079,0,1,0,4247
12735,191,-148,-9079,0,1,0,4247
12736,192,-148,-9079,0,1,0,4247
12737,193,-148,-9079,0,1,0,4247
12738,194,-148,-9079,0,1,0,4247
12739,195,-148,-9079,0,1,0,4247
12740,196,-148,-9079,0,1,0,4247
12741,197,-148,-9079,0,1,0,4247
12742,198,-148,-9079,0,1,0,4247
12743,199,-148,-9079,0,1,0,4247
12744,200,-148,-9079,0,1,0,4247
12745,201,-148,-9079,0,1,0,4247
12746,202,-148,-9079,0,1,0,4247
12747,203,-148,-9079,0,1,0,4247
12748,204,-148,-9079,0,1,0,4247
12749,205,-148,-9079,0,1,0,4173
12750,206,-148,-9079,0,1,0,4173
12751,207,-148,-9079,0,1,0,4173
12752,208,-148,-9079,0,1,0,4173
12753,209,-148,-9079,0,1,0,4173
12754,210,-148,-9079,0,1,0,4173
12755,211,-148,-9079,0,1,0,3773
12756,212,-148,-9079,0,1,0,3822
12757,213,-148,-9079,0,1,0,3822
12758,214,-148,-9079,0,1,0,3822
12759,215,-148,-9079,0,1,0,3822
12760,216,-148,-9079,0,1,0,3822
12761,217,-148,-9079,0,1,0,3822
12762,218,-148,-9079,0,1,0,3822
12763,219,-148,-9079,0,1,0,3822
12764,220,-148,-9079,0,1,0,3822
12765,221,-148,-9079,0,1,0,3822
12766,222,-148,-9079,0,1,0,3782
12767,223,-148,-9079,0,1,0,3782
12768,224,-148,-9079,0,1,0,3782
12769,225,-148,-9079,0,1,0,3782
12770,226,-148,-9079,0,1,0,3782
12771,227,-148,-9079,0,1,0,3782
12772,228,-148,-9079,0,1,0,3782
12773,229,-148,-9079,0,1,0,3582
12774,230,-148,-9079,0,1,0,3582
12775,231,-148,-9079,0,1,0,3582
12776,232,-148,-9079,0,1,0,3582
12777,233,-148,-9079,0,1,0,3582
12778,234,-148,-9079,0,1,0,3582
12779,235,-148,-9079,0,1,0,3582
12780,236,-148,-9079,0,1,0,3582
12781,237,-148,-9079,0,1,0,3782
12782,238,-148,-9079,0,1,0,3382
12783,239,-148,-9079,0,1,0,3382
12784,240,-148,-9079,0,1,0,3382
12785,241,-148,-9079,0,1,0,3382
12786,242,-148,-9079,0,1,0,666
12787,243,-148,-9079,0,1,0,671
12788,244,-148,-9079,0,1,0,671
12789,245,-148,-9079,0,1,0,671
12790,246,-148,-9079,0,1,0,671
12791,247,-148,-9079,0,1,0,671
12792,248,-148,-9079,0,1,0,671
12793,249,-148,-9079,0,1,0,671
12794,250,-148,-9079,0,1,0,671
12795,251,-148,-9079,0,1,0,671
12796,252,-148,-9079,0,1,0,671
12797,253,-148,-9079,0,1,0,671
12798,254,-148,-9079,0,1,0,671
12799,255,-148,-9079,0,1,0,671
12800,0,-148,-9079,0,1,0,671
12801,1,-148,-9079,0,1,0,671
12802,2,-148,-9079,0,1,0,671
12803,3,-148,-9079,0,1,0,671
12804,4,-148,-9079,0,1,0,671
12805,5,-148,-9079,0,1,0,671
12806,6,-148,-9079,0,1,0,671
12807,7,-148,-9079,0,1,0,671
12808,8,-148,-9079,0,1,0,671
12809,9,-148,-9079,0,1,0,471
12810,10,-148,-9079,0,1,0,471
12811,11,-148,-9079,0,1,0,471
12812,12,-148,-9079,0,1,0,471
12813,13,-148,-9079,0,1,0,471
12814,14,-148,-9079,0,1,0,471
12815,15,-148,-9079,0,1,0,471
12816,16,-148,-9079,0,1,0,471
12817,17,-148,-9079,0,1,0,471
12818,18,-148,-9079,0,1,0,273
12819,19,-148,-9079,0,1,0,273
12820,20,-148,-9079,0,1,0,251
12821,21,-148,-9079,0,1,0,100
12822,22,-148,-9079,0,1,0,100
12823,23,-148,-9079,0,1,0,100
12824,24,-148,-9079,0,1,0,100
12825,25,-148,-9079,0,1,0,100
12826,26,-148,-9079,0,1,0,100
12827,27,-148,-9079,0,1,0,100
12828,28,-148,-9079,0,1,0,100
12829,29,-148,-9079,0,1,0,100
12830,30,-148,-9079,0,1,0,100
12831,31,-148,-9079,0,1,0,-10
12832,32,-148,-9079,0,1,0,-10
12833,33,-148,-9079,0,1,0,-10
12834,34,-148,-9079,0,1,0,-10
12835,35,-148,-9079,0,1,0,-10
12836,36,-148,-9079,0,1,0,-10
12837,37,-148,-9079,0,1,0,-10
12838,38,-148,-9079,0,1,0,-10
12839,39,-148,-9079,0,1,0,-10
12840,40,-148,-9079,0,1,0,-10
12841,41,-148,-9079,0,1,0,-10
12842,42,-148,-9079,0,1,0,-10
12843,43,-148,-9079,0,1,0,-10
12844,44,-148,-9079,0,1,0,-10
12845,45,-148,-9079,0,1,0,-10
12846,46,-148,-9079,0,1,0,-10
12847,47,-148,-9079,0,1,0,-10
12848,48,-148,-9079,0,1,0,-10
12849,49,-148,-9079,0,1,0,-10
12850,50,-148,-9079,0,1,0,-10
12851,51,-148,-9079,0,1,0,139
12852,52,-148,-9079,0,1,0,139
12853,53,-148,-9079,0,1,0,139
12854,54,-148,-9079,0,1,0,139
12855,55,-148,-9079,0,1,0,139
12856,56,-148,-9079,0,1,0,139
12857,57,-148,-9079,0,1,0,139
12858,58,-148,-9079,0,1,0,139
12859,59,-148,-9079,0,1,0,139
12860,60,-148,-9079,0,1,0,139
12861,61,-148,-9079,0,1,0,139
12862,62,-148,-9079,0,1,0,139
12863,63,-148,-9079,0,1,0,139
12864,64,-148,-9079,0,1,0,139
12865,65,-148,-9079,0,1,0,139
12866,66,-148,-9079,0,1,0,139
12867,67,-148,-9079,0,1,0,139
12868,68,-148,-9079,0,1,0,139
12869,69,-148,-9079,0,1,0,139
12870,70,-148,-9079,0,1,0,139
12871,71,-148,-9079,0,1,0,139
12872,72,-148,-9079,0,1,0,139
12873,73,-148,-9079,0,1,0,139
12874,74,-148,-9079,0,1,0,139
12875,75,-148,-9079,0,1,0,139
12876,76,-148,-9079,0,1,0,366
12877,77,-148,-9079,0,1,0,366
12878,78,-148,-9079,0,1,0,366
12879,79,-148,-9079,0,1,0,366
12880,80,-148,-9079,0,1,0,366
12881,81,-148,-9079,0,1,0,366
12882,82,-148,-9079,0,1,0,366
12883,83,-148,-9079,0,1,0,366
12884,84,-148,-9079,0,1,0,366
12885,85,-148,-9079,0,1,0,366
12886,86,-148,-9079,0,1,0,366
12887,87,-148,-9079,0,1,0,366
12888,88,-148,-9079,0,1,0,366
12889,89,-148,-9079,0,1,0,366
12890,90,-148,-9079,0,1,0,366
12891,91,-148,-9079,0,1,0,366
12892,92,-148,-9079,0,1,0,366
12893,93,-148,-9079,0,1,0,366
12894,94,-148,-9079,0,1,0,366
12895,95,-148,-9079,0,1,0,480
12896,96,-148,-9079,0,1,0,480
12897,97,-148,-9079,0,1,0,480
12898,98,-148,-9079,0,1,0,480
12899,99,-148,-9079,0,1,0,480
12900,100,-148,-9079,0,1,0,480
12901,101,-148,-9079,0,1,0,480
12902,102,-148,-9079,0,1,0,480
12903,103,-148,-9079,0,1,0,480
12904,104,-148,-9079,0,1,0,480
12905,105,-148,-9079,0,1,0,480
12906,106,-148,-9079,0,1,0,480
12907,107,-148,-9079,0,1,0,480
12908,108,-148,-9079,0,1,0,480
12909,109,-148,-9079,0,1,0,480
12910,110,-148,-9079,0,1,0,480
12911,111,-148,-9079,0,1,0,480
12912,112,-148,-9079,0,1,0,480
12913,113,-148,-9079,0,1,0,480
12914,114,-148,-9079,0,1,0,480
12915,115,-148,-9079,0,1,0,480
12916,116,-148,-9079,0,1,0,480
12917,117,-148,-9079,0,1,0,480
12918,118,-148,-9079,0,1,0,480
12919,119,-148,-9079,0,1,0,480
12920,120,-148,-9079,0,1,0,480
12921,121,-148,-9079,0,1,0,480
12922,122,-148,-9079,0,1,0,480
12923,123,-148,-9079,0,1,0,480
12924,124,-148,-9079,0,1,0,480
12925,125,-148,-9079,0,1,0,480
12926,126,-148,-9079,0,1,0,480
12927,127,-148,-9079,0,1,0,480
12928,128,-148,-9079,0,1,0,480
12929,129,-148,-9079,0,1,0,480
12930,130,-148,-9079,0,1,0,480
12931,131,-148,-9079,0,1,0,480
12932,132,-148,-9079,0,1,0,480
12933,133,-148,-9079,0,1,0,480
12934,134,-148,-9079,0,1,0,480
12935,135,-148,-9079,0,1,0,480
12936,136,-148,-9079,0,1,0,480
12937,137,-148,-9079,0,1,0,480
12938,138,-148,-9079,0,1,0,480
12939,139,-148,-9079,0,1,0,480
12940,140,-148,-9079,0,1,0,480
12941,141,-148,-9079,0,1,0,480
12942,142,-148,-9079,0,1,0,480
12943,143,-148,-9079,0,1,0,480
12944,144,-148,-9079,0,1,0,480
12945,145,-148,-9079,0,1,0,480
12946,146,-148,-9079,0,1,0,480
12947,147,-148,-9079,0,1,0,480
12948,148,-148,-9079,0,1,0,480
12949,149,-148,-9079,0,1,0,480
12950,150,-148,-9079,0,1,0,480
12951,151,-148,-9079,0,1,0,480
12952,152,-148,-9079,0,1,0,480
12953,153,-148,-9079,0,1,0,480
12954,154,-148,-9079,0,1,0,480
12955,155,-148,-9079,0,1,0,480
12956,156,-148,-9079,0,1,0,480
12957,157,-148,-9079,0,1,0,480
12958,158,-148,-9079,0,1,0,480
12959,159,-148,-9079,0,1,0,480
12960,160,-148,-9079,0,1,0,480
12961,161,-148,-9079,0,1,0,480
12962,162,-148,-9079,0,1,0,480
12963,163,-148,-9079,0,1,0,480
12964,164,-148,-9079,0,1,0,480
12965,165,-148,-9079,0,1,0,480
12966,166,-148,-9079,0,1,0,480
12967,167,-148,-9079,0,1,0,480
12968,168,-148,-9079,0,1,0,480
12969,169,-148,-9079,0,1,0,480
12970,170,-148,-9079,0,1,0,480
12971,171,-148,-9079,0,1,0,480
12972,172,-148,-9079,0,1,0,480
12973,173,-148,-9079,0,1,0,480
12974,174,-148,-9079,0,1,0,480
12975,175,-148,-9079,0,1,0,480
12976,176,-148,-9079,0,1,0,480
12977,177,-148,-9079,0,1,0,480
12978,178,-148,-9079,0,1,0,480
12979,179,-148,-9079,0,1,0,480
12980,180,-148,-9079,0,1,0,480
12981,181,-148,-9079,0,1,0,480
12982,182,-148,-9079,0,1,0,480
12983,183,-148,-9079,0,1,0,480
12984,184,-148,-9079,0,1,0,480
12985,185,-148,-9079,0,1,0,480
12986,186,-148,-9079,0,1,0,480
12987,187,-148,-9079,0,1,0,480
12988,188,-148,-9079,0,1,0,480
12989,189,-148,-9079,0,1,0,480
12990,190,-148,-9079,0,1,0,480
12991,191,-148,-9079,0,1,0,480
12992,192,-148,-9079,0,1,0,480
12993,193,-148,-9079,0,1,0,480
12994,194,-148,-9079,0,1,0,480
12995,195,-148,-9079,0,1,0,380
12996,196,-148,-9079,0,1,0,380
12997,197,-148,-9079,0,1,0,380
12998,198,-148,-9079,0,1,0,380
12999,199,-148,-9079,0,1,0,380
13000,200,-148,-9079,0,1,0,380
13001,201,-148,-9079,0,1,0,380
13002,202,-148,-9079,0,1,0,380
13003,203,-148,-9079,0,1,0,380
13004,204,-148,-9079,0,1,0,380
13005,205,-148,-9079,0,1,0,380
13006,206,-148,-9079,0,1,0,380
13007,207,-148,-9079,0,1,0,380
13008,208,-148,-9079,0,1,0,380
13009,209,-148,-9079,0,1,0,380
13010,210,-148,-9079,0,1,0,380
13011,211,-148,-9079,0,1,0,380
13012,212,-148,-9079,0,1,0,380
13013,213,-148,-9079,0,1,0,380
13014,214,-148,-9079,0,1,0,380
13015,215,-148,-9079,0,1,0,380
13016,216,-148,-9079,0,1,0,380
13017,217,-148,-9079,0,1,0,380
13018,218,-148,-9079,0,1,0,380
13019,219,-148,-9079,0,1,0,380
13020,220,-148,-9079,0,1,0,380
13021,221,-148,-9079,0,1,0,380
13022,222,-148,-9079,0,1,0,380
13023,223,-148,-9079,0,1,0,380
13024,224,-148,-9079,0,1,0,380
13025,225,-148,-9079,0,1,0,380
13026,226,-148,-9079,0,1,0,380
13027,227,-148,-9079,0,1,0,380
13028,228,-148,-9079,0,1,0,380
13029,229,-148,-9079,0,1,0,380
13030,230,-148,-9079,0,1,0,380
13031,231,-148,-9079,0,1,0,380
13032,232,-148,-9079,0,1,0,380
13033,233,-148,-9079,0,1,0,380
13034,234,-148,-9079,0,1,0,380
13035,235,-148,-9079,0,1,0,380
13036,236,-148,-9079,0,1,0,380
13037,237,-148,-9079,0,1,0,380
13038,238,-148,-9079,0,1,0,380
13039,239,-148,-9079,0,1,0,380
13040,240,-148,-9079,0,1,0,380
13041,241,-148,-9079,0,1,0,380
13042,242,-148,-9079,0,1,0,380
13043,243,-148,-9079,0,1,0,331
13044,244,-148,-9079,0,1,0,500
13045,245,-148,-9079,0,1,0,500
13046,246,-148,-9079,0,1,0,500
13047,247,-148,-9079,0,1,0,500
13048,248,-148,-9079,0,1,0,500
13049,249,-148,-9079,0,1,0,500
13050,250,-148,-9079,0,1,0,500
13051,251,-148,-9079,0,1,0,500
13052,252,-148,-9079,0,1,0,500
13053,253,-148,-9079,0,1,0,500
13054,254,-148,-9079,0,1,0,500
13055,255,-148,-9079,0,1,0,500
13056,0,-148,-9079,0,1,0,500
13057,1,-148,-9079,0,1,0,500
13058,2,-148,-9079,0,1,0,500
13059,3,-148,-9079,0,1,0,500
13060,4,-148,-9079,0,1,0,500
13061,5,-148,-9079,0,1,0,500
13062,6,-148,-9079,0,1,0,500
13063,7,-148,-9079,0,1,0,500
13064,8,-148,-9079,0,1,0,500
13065,9,-148,-9079,0,1,0,500
13066,10,-148,-9079,0,1,0,100
13067,11,-148,-9079,0,1,0,100
13068,12,-148,-9079,0,1,0,100
13069,13,-148,-9079,0,1,0,100
13070,14,-148,-9079,0,1,0,100
13071,15,-148,-9079,0,1,0,100
13072,16,-148,-9079,0,1,0,100
13073,17,-148,-9079,0,1,0,100
13074,18,-148,-9079,0,1,0,100
13075,19,-148,-9079,0,1,0,100
13076,20,-148,-9079,0,1,0,100
13077,21,-148,-9079,0,1,0,100
13078,22,-148,-9079,0,1,0,100
13079,23,-148,-9079,0,1,0,100
13080,24,-148,-9079,0,1,0,100
13081,25,-148,-9079,0,1,0,100
13082,26,-148,-9079,0,1,0,-44
13083,27,-148,-9079,0,1,0,-44
13084,28,-148,-9079,0,1,0,-44
13085,29,-148,-9079,0,1,0,-34
13086,30,-148,-9079,0,1,0,-34
13087,31,-148,-9079,0,1,0,-34
13088,32,-148,-9079,0,1,0,-34
13089,33,-148,-9079,0,1,0,-34
13090,34,-148,-9079,0,1,0,-120
13091,35,-148,-9079,0,1,0,-120
13092,36,-148,-9079,0,1,0,-120
13093,37,-148,-9079,0,1,0,-120
13094,38,-148,-9079,0,1,0,-120
13095,39,-148,-9079,0,1,0,-120
13096,40,-148,-9079,0,1,0,-120
13097,41,-148,-9079,0,1,0,-120
13098,42,-148,-9079,0,1,0,-120
13099,43,-148,-9079,0,1,0,-120
13100,44,-148,-9079,0,1,0,-120
13101,45,-148,-9079,0,1,0,-120
13102,46,-148,-9079,0,1,0,-120
13103,47,-148,-9079,0,1,0,-120
13104,48,-148,-9079,0,1,0,-120
13105,49,-148,-9079,0,1,0,-120
13106,50,-148,-9079,0,1,0,-120
13107,51,-148,-9079,0,1,0,-120
13108,52,-148,-9079,0,1,0,-120
13109,53,-148,-9079,0,1,0,-122
13110,54,-148,-9079,0,1,0,-122
13111,55,-148,-9079,0,1,0,-122
13112,56,-148,-9079,0,1,0,-122
13113,57,-148,-9079,0,1,0,-122
13114,58,-148,-9079,0,1,0,-122
13115,59,-148,-9079,0,1,0,-220
13116,60,-148,-9079,0,1,0,-220
13117,61,-148,-9079,0,1,0,-220
13118,62,-148,-9079,0,1,0,-220
13119,63,-148,-9079,0,1,0,-220
13120,64,-148,-9079,0,1,0,-220
13121,65,-148,-9079,0,1,0,-220
13122,66,-148,-9079,0,1,0,-220
13123,67,-148,-9079,0,1,0,-220
13124,68,-148,-9079,0,1,0,-220
13125,69,-148,-9079,0,1,0,-220
13126,70,-148,-9079,0,1,0,-220
13127,71,-148,-9079,0,1,0,-220
13128,72,-148,-9079,0,1,0,-220
13129,73,-148,-9079,0,1,0,-220
13130,74,-148,-9079,0,1,0,-220
13131,75,-148,-9079,0,1,0,-220
13132,76,-148,-9079,0,1,0,-220
13133,77,-148,-9079,0,1,0,-220
13134,78,-148,-9079,0,1,0,-220
13135,79,-148,-9079,0,1,0,-220
13136,80,-148,-9079,0,1,0,-220
13137,81,-148,-9079,0,1,0,-220
13138,82,-148,-9079,0,1,0,-220
13139,83,-148,-9079,0,1,0,-220
13140,84,-148,-9079,0,1,0,-220
13141,85,-148,-9079,0,1,0,-220
13142,86,-148,-9079,0,1,0,-220
13143,87,-148,-9079,0,1,0,-220
13144,88,-148,-9079,0,1,0,-220
13145,89,-148,-9079,0,1,0,-220
13146,90,-148,-9079,0,1,0,-220
13147,91,-148,-9079,0,1,0,-220
13148,92,-148,-9079,0,1,0,-20
13149,93,-148,-9079,0,1,0,-20
13150,94,-148,-9079,0,1,0,-20
13151,95,-148,-9079,0,1,0,-20
13152,96,-148,-9079,0,1,0,-20
13153,97,-148,-9079,0,1,0,-20
13154,98,-148,-9079,0,1,0,-20
13155,99,-148,-9079,0,1,0,-20
13156,100,-148,-9079,0,1,0,-20
13157,101,-148,-9079,0,1,0,-20
13158,102,-148,-9079,0,1,0,-20
13159,103,-148,-9079,0,1,0,-20
13160,104,-148,-9079,0,1,0,-20
13161,105,-148,-9079,0,1,0,-20
13162,106,-148,-9079,0,1,0,-20
13163,107,-148,-9079,0,1,0,-20
13164,108,-148,-9079,0,1,0,-20
13165,109,-148,-9079,0,1,0,-20
13166,110,-148,-9079,0,1,0,-20
13167,111,-148,-9079,0,1,0,-20
13168,112,-148,-9079,0,1,0,-20
13169,113,-148,-9079,0,1,0,-20
13170,114,-148,-9079,0,1,0,-20
13171,115,-148,-9079,0,1,0,-20
13172,116,-148,-9079,0,1,0,-20
13173,117,-148,-9079,0,1,0,-20
13174,118,-148,-9079,0,1,0,-20
13175,119,-148,-9079,0,1,0,-20
13176,120,-148,-9079,0,1,0,-70
13177,121,-148,-9079,0,1,0,-70
13178,122,-148,-9079,0,1,0,-70
13179,123,-148,-9079,0,1,0,-70
13180,124,-148,-9079,0,1,0,-70
13181,125,-148,-9079,0,1,0,-70
13182,126,-148,-9079,0,1,0,-70
13183,127,-148,-9079,0,1,0,-70
13184,128,-148,-9079,0,1,0,-70
13185,129,-148,-9079,0,1,0,-70
13186,130,-148,-9079,0,1,0,-70
13187,131,-148,-9079,0,1,0,-70
13188,132,-148,-9079,0,1,0,-70
13189,133,-148,-9079,0,1,0,-70
13190,134,-148,-9079,0,1,0,-70
13191,135,-148,-9079,0,1,0,-70
13192,136,-148,-9079,0,1,0,-70
13193,137,-148,-9079,0,1,0,-70
13194,138,-148,-9079,0,1,0,-70
13195,139,-148,-9079,0,1,0,-90
13196,140,-148,-9079,0,1,0,-90
13197,141,-148,-9079,0,1,0,-90
13198,142,-148,-9079,0,1,0,-90
13199,143,-148,-9079,0,1,0,-90
13200,144,-148,-9079,0,1,0,-90
13201,145,-148,-9079,0,1,0,-90
13202,146,-148,-9079,0,1,0,-90
13203,147,-148,-9079,0,1,0,-90
13204,148,-148,-9079,0,1,0,-90
13205,149,-148,-9079,0,1,0,-90
13206,150,-148,-9079,0,1,0,-90
13207,151,-148,-9079,0,1,0,-90
13208,152,-148,-9079,0,1,0,-90
13209,153,-148,-9079,0,1,0,-90
13210,154,-148,-9079,0,1,0,-90
13211,155,-148,-9079,0,1,0,-90
13212,156,-148,-9079,0,1,0,-90
13213,157,-148,-9079,0,1,0,-90
13214,158,-148,-9079,0,1,0,-90
13215,159,-148,-9079,0,1,0,-90
13216,160,-148,-9079,0,1,0,-90
13217,161,-148,-9079,0,1,0,-90
13218,162,-148,-9079,0,1,0,-90
13219,163,-148,-9079,0,1,0,-90
13220,164,-148,-9079,0,1,0,-90
13221,165,-148,-9079,0,1,0,-90
13222,166,-148,-9079,0,1,0,-90
13223,167,-148,-9079,0,1,0,-90
13224,168,-148,-9079,0,1,0,-90
13225,169,-148,-9079,0,1,0,-90
13226,170,-148,-9079,0,1,0,-90
13227,171,-148,-9079,0,1,0,-90
13228,172,-148,-9079,0,1,0,-90
13229,173,-148,-9079,0,1,0,-90
13230,174,-148,-9079,0,1,0,-90
13231,175,-148,-9079,0,1,0,-90
13232,176,-148,-9079,0,1,0,-90
13233,177,-148,-9079,0,1,0,-90
13234,178,-148,-9079,0,1,0,-90
13235,179,-148,-9079,0,1,0,-90
13236,180,-148,-9079,0,1,0,-90
13237,181,-148,-9079,0,1,0,-90
13238,182,-148,-9079,0,1,0,-90
13239,183,-148,-9079,0,1,0,-90
13240,184,-148,-9079,0,1,0,-90
13241,185,-148,-9079,0,1,0,-90
13242,186,-148,-9079,0,1,0,-90
13243,187,-148,-9079,0,1,0,-90
13244,188,-148,-9079,0,1,0,-90
13245,189,-148,-9079,0,1,0,-90
13246,190,-148,-9079,0,1,0,-90
13247,191,-148,-9079,0,1,0,-90
13248,192,-148,-9079,0,1,0,-90
13249,193,-148,-9079,0,1,0,-90
13250,194,-148,-9079,0,1,0,-90
13251,195,-148,-9079,0,1,0,-90
13252,196,-148,-9079,0,1,0,-90
13253,197,-148,-9079,0,1,0,-90
13254,198,-148,-9079,0,1,0,-90
13255,199,-148,-9079,0,1,0,-90
13256,200,-148,-9079,0,1,0,-90
13257,201,-148,-9079,0,1,0,-90
13258,202,-148,-9079,0,1,0,-90
13259,203,-148,-9079,0,1,0,-90
13260,204,-148,-9079,0,1,0,-90
13261,205,-148,-9079,0,1,0,-90
13262,206,-148,-9079,0,1,0,-90
13263,207,-148,-9079,0,1,0,-90
13264,208,-148,-9079,0,1,0,-290
13265,209,-148,-9079,0,1,0,-290
13266,210,-148,-9079,0,1,0,-290
13267,211,-148,-9079,0,1,0,-290
13268,212,-148,-9079,0,1,0,-290
13269,213,-148,-9079,0,1,0,-290
13270,214,-148,-9079,0,1,0,-490
13271,215,-148,-9079,0,1,0,-490
13272,216,-148,-9079,0,1,0,-490
13273,217,-148,-9079,0,1,0,-490
13274,218,-148,-9079,0,1,0,-490
13275,219,-148,-9079,0,1,0,-490
13276,220,-148,-9079,0,1,0,-490
13277,221,-148,-9079,0,1,0,-490
13278,222,-148,-9079,0,1,0,-490
13279,223,-148,-9079,0,1,0,-490
13280,224,-148,-9079,0,1,0,-490
13281,225,-148,-9079,0,1,0,-490
13282,226,-148,-9079,0,1,0,-601
13283,227,-148,-9079,0,1,0,-601
13284,228,-148,-9079,0,1,0,-601
13285,229,-148,-9079,0,1,0,-601
13286,230,-148,-9079,0,1,0,-601
13287,231,-148,-9079,0,1,0,-601
13288,232,-148,-9079,0,1,0,-601
13289,233,-148,-9079,0,1,0,-601
13290,234,-148,-9079,0,1,0,-601
13291,235,-148,-9079,0,1,0,-601
13292,236,-148,-9079,0,1,0,-770
13293,237,-148,-9079,0,1,0,-770
13294,238,-148,-9079,0,1,0,-770
13295,239,-148,-9079,0,1,0,-770
13296,240,-148,-9079,0,1,0,-770
13297,241,-148,-9079,0,1,0,-770
13298,242,-148,-9079,0,1,0,-770
13299,243,-148,-9079,0,1,0,-770
13300,244,-148,-9079,0,1,0,-770
13301,245,-148,-9079,0,1,0,-770
13302,246,-148,-9079,0,1,0,-770
13303,247,-148,-9079,0,1,0,-770
13304,248,-148,-9079,0,1,0,-770
13305,249,-148,-9079,0,1,0,-770
13306,250,-148,-9079,0,1,0,-770
13307,251,-148,-9079,0,1,0,-770
13308,252,-148,-9079,0,1,0,-770
13309,253,-148,-9079,0,1,0,-770
13310,254,-148,-9079,0,1,0,-770
13311,255,-148,-9079,0,1,0,-770
13312,0,-148,-9079,0,1,0,-770
13313,1,-148,-9079,0,1,0,-770
13314,2,-148,-9079,0,1,0,-826
13315,3,-148,-9079,0,1,0,-826
13316,4,-148,-9079,0,1,0,-826
13317,5,-148,-9079,0,1,0,-826
13318,6,-148,-9079,0,1,0,-826
13319,7,-148,-9079,0,1,0,-826
13320,8,-148,-9079,0,1,0,-826
13321,9,-148,-9079,0,1,0,-826
13322,10,-148,-9079,0,1,0,-826
13323,11,-148,-9079,0,1,0,-826
13324,12,-148,-9079,0,1,0,-826
13325,13,-148,-9079,0,1,0,-826
13326,14,-148,-9079,0,1,0,-826
13327,15,-148,-9079,0,1,0,-826
13328,16,-148,-9079,0,1,0,-826
13329,17,-148,-9079,0,1,0,-1026
13330,18,-148,-9079,0,1,0,-1026
13331,19,-148,-9079,0,1,0,-1026
13332,20,-148,-9079,0,1,0,-1026
13333,21,-148,-9079,0,1,0,-1026
13334,22,-148,-9079,0,1,0,-1026
13335,23,-148,-9079,0,1,0,-1026
13336,24,-148,-9079,0,1,0,-1026
13337,25,-148,-9079,0,1,0,-1026
13338,26,-148,-9079,0,1,0,-1026
13339,27,-148,-9079,0,1,0,-1026
13340,28,-148,-9079,0,1,0,-1026
13341,29,-148,-9079,0,1,0,-1070
13342,30,-148,-9079,0,1,0,-1070
13343,31,-148,-9079,0,1,0,-1070
13344,32,-148,-9079,0,1,0,-1070
13345,33,-148,-9079,0,1,0,-1070
13346,34,-148,-9079,0,1,0,-1070
13347,35,-148,-9079,0,1,0,-1020
13348,36,-148,-9079,0,1,0,-1020
13349,37,-148,-9079,0,1,0,-1020
13350,38,-148,-9079,0,1,0,-1020
13351,39,-148,-9079,0,1,0,-1020
13352,40,-148,-9079,0,1,0,-1020
13353,41,-148,-9079,0,1,0,-1020
13354,42,-148,-9079,0,1,0,-1020
13355,43,-148,-9079,0,1,0,-1020
13356,44,-148,-9079,0,1,0,-1020
13357,45,-148,-9079,0,1,0,-1020
13358,46,-148,-9079,0,1,0,-1020
13359,47,-148,-9079,0,1,0,-1020
13360,48,-148,-9079,0,1,0,-1020
13361,49,-148,-9079,0,1,0,-1020
13362,50,-148,-9079,0,1,0,-1020
13363,51,-148,-9079,0,1,0,-1020
13364,52,-148,-9079,0,1,0,-1020
13365,53,-148,-9079,0,1,0,-1020
13366,54,-148,-9079,0,1,0,-1020
13367,55,-148,-9079,0,1,0,-1020
13368,56,-148,-9079,0,1,0,-1020
13369,57,-148,-9079,0,1,0,-1020
13370,58,-148,-9079,0,1,0,-1020
13371,59,-148,-9079,0,1,0,-1020
13372,60,-148,-9079,0,1,0,-918
13373,61,-148,-9079,0,1,0,-918
13374,62,-148,-9079,0,1,0,-918
13375,63,-148,-9079,0,1,0,-918
13376,64,-148,-9079,0,1,0,-918
13377,65,-148,-9079,0,1,0,-918
13378,66,-148,-9079,0,1,0,-918
13379,67,-148,-9079,0,1,0,-918
13380,68,-148,-9079,0,1,0,-918
13381,69,-148,-9079,0,1,0,-918
13382,70,-148,-9079,0,1,0,-918
13383,71,-148,-9079,0,1,0,-918
13384,72,-148,-9079,0,1,0,-918
13385,73,-148,-9079,0,1,0,-918
13386,74,-148,-9079,0,1,0,-918
13387,75,-148,-9079,0,1,0,-518
13388,76,-148,-9079,0,1,0,-518
13389,77,-148,-9079,0,1,0,-518
13390,78,-148,-9079,0,1,0,-318
13391,79,-148,-9079,0,1,0,-318
13392,80,-148,-9079,0,1,0,-318
13393,81,-148,-9079,0,1,0,-322
13394,82,-148,-9079,0,1,0,-420
13395,83,-148,-9079,0,1,0,-420
13396,84,-148,-9079,0,1,0,-420
13397,85,-148,-9079,0,1,0,-420
13398,86,-148,-9079,0,1,0,-420
13399,87,-148,-9079,0,1,0,-420
13400,88,-148,-9079,0,1,0,-420
13401,89,-148,-9079,0,1,0,-420
13402,90,-148,-9079,0,1,0,-420
13403,91,-148,-9079,0,1,0,-420
13404,92,-148,-9079,0,1,0,-420
13405,93,-148,-9079,0,1,0,-447
13406,94,-148,-9079,0,1,0,-447
13407,95,-148,-9079,0,1,0,-447
13408,96,-148,-9079,0,1,0,-447
13409,97,-148,-9079,0,1,0,-447
13410,98,-148,-9079,0,1,0,-447
13411,99,-148,-9079,0,1,0,-447
13412,100,-148,-9079,0,1,0,-447
13413,101,-148,-9079,0,1,0,-447
13414,102,-148,-9079,0,1,0,-447
13415,103,-148,-9079,0,1,0,-447
13416,104,-148,-9079,0,1,0,-447
13417,105,-148,-9079,0,1,0,-447
13418,106,-148,-9079,0,1,0,-447
13419,107,-148,-9079,0,1,0,-447
13420,108,-148,-9079,0,1,0,-447
13421,109,-148,-9079,0,1,0,-447
13422,110,-148,-9079,0,1,0,-447
13423,111,-148,-9079,0,1,0,-447
13424,112,-148,-9079,0,1,0,-447
13425,113,-148,-9079,0,1,0,-447
13426,114,-148,-9079,0,1,0,-447
13427,115,-148,-9079,0,1,0,-447
13428,116,-148,-9079,0,1,0,-447
13429,117,-148,-9079,0,1,0,-447
13430,118,-148,-9079,0,1,0,-447
13431,119,-148,-9079,0,1,0,-447
13432,120,-148,-9079,0,1,0,-447
13433,121,-148,-9079,0,1,0,-447
13434,122,-148,-9079,0,1,0,-447
13435,123,-148,-9079,0,1,0,-447
13436,124,-148,-9079,0,1,0,-447
13437,125,-148,-9079,0,1,0,-447
13438,126,-148,-9079,0,1,0,-447
13439,127,-148,-9079,0,1,0,-447
13440,128,-148,-9079,0,1,0,-447
13441,129,-148,-9079,0,1,0,-447
13442,130,-148,-9079,0,1,0,-447
13443,131,-148,-9079,0,1,0,-447
13444,132,-148,-9079,0,1,0,-447
13445,133,-148,-9079,0,1,0,-447
13446,134,-148,-9079,0,1,0,-250
13447,135,-148,-9079,0,1,0,-250
13448,136,-148,-9079,0,1,0,-250
13449,137,-148,-9079,0,1,0,-250
13450,138,-148,-9079,0,1,0,45
13451,139,-148,-9079,0,1,0,45
13452,140,-148,-9079,0,1,0,45
13453,141,-148,-9079,0,1,0,45
13454,142,-148,-9079,0,1,0,45
13455,143,-148,-9079,0,1,0,45
13456,144,-148,-9079,0,1,0,45
13457,145,-148,-9079,0,1,0,45
13458,146,-148,-9079,0,1,0,45
13459,147,-148,-9079,0,1,0,45
13460,148,-148,-9079,0,1,0,45
13461,149,-148,-9079,0,1,0,119
13462,150,-148,-9079,0,1,0,119
13463,151,-148,-9079,0,1,0,145
13464,152,-148,-9079,0,1,0,145
13465,153,-148,-9079,0,1,0,145
13466,154,-148,-9079,0,1,0,145
13467,155,-148,-9079,0,1,0,145
13468,156,-148,-9079,0,1,0,145
13469,157,-148,-9079,0,1,0,145
13470,158,-148,-9079,0,1,0,145
13471,159,-148,-9079,0,1,0,145
13472,160,-148,-9079,0,1,0,145
13473,161,-148,-9079,0,1,0,145
13474,162,-148,-9079,0,1,0,145
13475,163,-148,-9079,0,1,0,145
13476,164,-148,-9079,0,1,0,145
13477,165,-148,-9079,0,1,0,145
13478,166,-148,-9079,0,1,0,145
13479,167,-148,-9079,0,1,0,145
13480,168,-148,-9079,0,1,0,145
13481,169,-148,-9079,0,1,0,145
13482,170,-148,-9079,0,1,0,145
13483,171,-148,-9079,0,1,0,145
13484,172,-148,-9079,0,1,0,145
13485,173,-148,-9079,0,1,0,95
13486,174,-148,-9079,0,1,0,95
13487,175,-148,-9079,0,1,0,95
13488,176,-148,-9079,0,1,0,95
13489,177,-148,-9079,0,1,0,95
13490,178,-148,-9079,0,1,0,95
13491,179,-148,-9079,0,1,0,95
13492,180,-148,-9079,0,1,0,95
13493,181,-148,-9079,0,1,0,95
13494,182,-148,-9079,0,1,0,95
13495,183,-148,-9079,0,1,0,67
13496,184,-148,-9079,0,1,0,93
13497,185,-148,-9079,0,1,0,93
13498,186,-148,-9079,0,1,0,93
13499,187,-148,-9079,0,1,0,93
13500,188,-148,-9079,0,1,0,93
13501,189,-148,-9079,0,1,0,93
13502,190,-148,-9079,0,1,0,93
13503,191,-148,-9079,0,1,0,93
13504,192,-148,-9079,0,1,0,93
13505,193,-148,-9079,0,1,0,-257
13506,194,-148,-9079,0,1,0,-257
13507,195,-148,-9079,0,1,0,-257
13508,196,-148,-9079,0,1,0,-257
13509,197,-148,-9079,0,1,0,-257
13510,198,-148,-9079,0,1,0,-257
13511,199,-148,-9079,0,1,0,-257
13512,200,-148,-9079,0,1,0,-257
13513,201,-148,-9079,0,1,0,-257
13514,202,-148,-9079,0,1,0,-257
13515,203,-148,-9079,0,1,0,-257
13516,204,-148,-9079,0,1,0,-257
13517,205,-148,-9079,0,1,0,-257
13518,206,-148,-9079,0,1,0,-257
13519,207,-148,-9079,0,1,0,-257
13520,208,-148,-9079,0,1,0,-257
13521,209,-148,-9079,0,1,0,-257
13522,210,-148,-9079,0,1,0,-427
13523,211,-148,-9079,0,1,0,-427
13524,212,-148,-9079,0,1,0,-427
13525,213,-148,-9079,0,1,0,-427
13526,214,-148,-9079,0,1,0,-427
13527,215,-148,-9079,0,1,0,-553
13528,216,-148,-9079,0,1,0,-625
13529,217,-148,-9079,0,1,0,-625
13530,218,-148,-9079,0,1,0,-625
13531,219,-148,-9079,0,1,0,-625
13532,220,-148,-9079,0,1,0,-658
13533,221,-148,-9079,0,1,0,-628
13534,222,-148,-9079,0,1,0,-628
13535,223,-148,-9079,0,1,0,-755
13536,224,-148,-9079,0,1,0,-1050
13537,225,-148,-9079,0,1,0,-1050
13538,226,-148,-9079,0,1,0,-1050
13539,227,-148,-9079,0,1,0,-1050
13540,228,-148,-9079,0,1,0,-1050
13541,229,-148,-9079,0,1,0,-1050
13542,230,-148,-9079,0,1,0,-1050
13543,231,-148,-9079,0,1,0,-1050
13544,232,-148,-9079,0,1,0,-1050
13545,233,-148,-9079,0,1,0,-1050
13546,234,-148,-9079,0,1,0,-1050
13547,235,-148,-9079,0,1,0,-1050
13548,236,-148,-9079,0,1,0,-1050
13549,237,-148,-9079,0,1,0,-1026
13550,238,-148,-9079,0,1,0,-1026
13551,239,-148,-9079,0,1,0,-1026
13552,240,-148,-9079,0,1,0,-1026
13553,241,-148,-9079,0,1,0,-1026
13554,242,-148,-9079,0,1,0,-1026
13555,243,-148,-9079,0,1,0,-1026
13556,244,-148,-9079,0,1,0,-1026
13557,245,-148,-9079,0,1,0,-1026
13558,246,-148,-9079,0,1,0,-1026
13559,247,-148,-9079,0,1,0,-1052
13560,248,-148,-9079,0,1,0,-1052
13561,249,-148,-9079,0,1,0,-1052
13562,250,-148,-9079,0,1,0,-1052
13563,251,-148,-9079,0,1,0,-1052
13564,252,-148,-9079,0,1,0,-1052
13565,253,-148,-9079,0,1,0,-1052
13566,254,-148,-9079,0,1,0,-1052
13567,255,-148,-9079,0,1,0,-1052
13568,0,-148,-9079,0,1,0,-1052
13569,1,-148,-9079,0,1,0,-1052
13570,2,-148,-9079,0,1,0,-1052
13571,3,-148,-9079,0,1,0,-1052
13572,4,-148,-9079,0,1,0,-1052
13573,5,-148,-9079,0,1,0,-1052
13574,6,-148,-9079,0,1,0,-1052
13575,7,-148,-9079,0,1,0,-1052
13576,8,-148,-9079,0,1,0,-1052
13577,9,-148,-9079,0,1,0,-1052
13578,10,-148,-9079,0,1,0,-1052
13579,11,-148,-9079,0,1,0,-1052
13580,12,-148,-9079,0,1,0,-1052
13581,13,-148,-9079,0,1,0,-1052
13582,14,-148,-9079,0,1,0,-1052
13583,15,-148,-9079,0,1,0,-1052
13584,16,-148,-9079,0,1,0,-1052
13585,17,-148,-9079,0,1,0,-1052
13586,18,-148,-9079,0,1,0,-1052
13587,19,-148,-9079,0,1,0,-1052
13588,20,-148,-9079,0,1,0,-1052
13589,21,-148,-9079,0,1,0,-1052
13590,22,-148,-9079,0,1,0,-1052
13591,23,-148,-9079,0,1,0,-1052
13592,24,-148,-9079,0,1,0,-1052
13593,25,-148,-9079,0,1,0,-1052
13594,26,-148,-9079,0,1,0,-1052
13595,27,-148,-9079,0,1,0,-1052
13596,28,-148,-9079,0,1,0,-1052
13597,29,-148,-9079,0,1,0,-1052
13598,30,-148,-9079,0,1,0,-1052
13599,31,-148,-9079,0,1,0,-1052
13600,32,-148,-9079,0,1,0,-1052
13601,33,-148,-9079,0,1,0,-1052
13602,34,-148,-9079,0,1,0,-1052
13603,35,-148,-9079,0,1,0,-1052
13604,36,-148,-9079,0,1,0,-1052
13605,37,-148,-9079,0,1,0,-1052
13606,38,-148,-9079,0,1,0,-1052
13607,39,-148,-9079,0,1,0,-1052
13608,40,-148,-9079,0,1,0,-1052
13609,41,-148,-9079,0,1,0,-1052
13610,42,-148,-9079,0,1,0,-1052
13611,43,-148,-9079,0,1,0,-1052
13612,44,-148,-9079,0,1,0,-1052
13613,45,-148,-9079,0,1,0,-1052
13614,46,-148,-9079,0,1,0,-1052
13615,47,-148,-9079,0,1,0,-1052
13616,48,-148,-9079,0,1,0,-1052
13617,49,-148,-9079,0,1,0,-1052
13618,50,-148,-9079,0,1,0,-1052
13619,51,-148,-9079,0,1,0,-1052
13620,52,-148,-9079,0,1,0,-1052
13621,53,-148,-9079,0,1,0,-1052
13622,54,-148,-9079,0,1,0,-1052
13623,55,-148,-9079,0,1,0,-1052
13624,56,-148,-9079,0,1,0,-1052
13625,57,-148,-9079,0,1,0,-1052
13626,58,-148,-9079,0,1,0,-1052
13627,59,-148,-9079,0,1,0,-1052
13628,60,-148,-9079,0,1,0,-1126
13629,61,-148,-9079,0,1,0,-1126
13630,62,-148,-9079,0,1,0,-1126
13631,63,-148,-9079,0,1,0,-1126
13632,64,-148,-9079,0,1,0,-1126
13633,65,-148,-9079,0,1,0,-1126
13634,66,-148,-9079,0,1,0,-1126
13635,67,-148,-9079,0,1,0,-1126
13636,68,-148,-9079,0,1,0,-1126
13637,69,-148,-9079,0,1,0,-1126
13638,70,-148,-9079,0,1,0,-1126
13639,71,-148,-9079,0,1,0,-1152
13640,72,-148,-9079,0,1,0,-1152
13641,73,-148,-9079,0,1,0,-1152
13642,74,-148,-9079,0,1,0,-1152
13643,75,-148,-9079,0,1,0,-1152
13644,76,-148,-9079,0,1,0,-1152
13645,77,-148,-9079,0,1,0,-1152
13646,78,-148,-9079,0,1,0,-1152
13647,79,-148,-9079,0,1,0,-1152
13648,80,-148,-9079,0,1,0,-1152
13649,81,-148,-9079,0,1,0,-1152
13650,82,-148,-9079,0,1,0,-1152
13651,83,-148,-9079,0,1,0,-1152
13652,84,-148,-9079,0,1,0,-1152
13653,85,-148,-9079,0,1,0,-1152
13654,86,-148,-9079,0,1,0,-1152
13655,87,-148,-9079,0,1,0,-1152
13656,88,-148,-9079,0,1,0,-1152
13657,89,-148,-9079,0,1,0,-1152
13658,90,-148,-9079,0,1,0,-1152
13659,91,-148,-9079,0,1,0,-1152
13660,92,-148,-9079,0,1,0,-1152
13661,93,-148,-9079,0,1,0,-1152
13662,94,-148,-9079,0,1,0,-1122
13663,95,-148,-9079,0,1,0,-1102
13664,96,-148,-9079,0,1,0,-1074
13665,97,-148,-9079,0,1,0,-1015
13666,98,-148,-9079,0,1,0,-1015
13667,99,-148,-9079,0,1,0,-1015
13668,100,-148,-9079,0,1,0,-1015
13669,101,-148,-9079,0,1,0,-1015
13670,102,-148,-9079,0,1,0,-1015
13671,103,-148,-9079,0,1,0,-1015
13672,104,-148,-9079,0,1,0,-1015
13673,105,-148,-9079,0,1,0,-1015
13674,106,-148,-9079,0,1,0,-1015
13675,107,-148,-9079,0,1,0,-1015
13676,108,-148,-9079,0,1,0,-1015
13677,109,-148,-9079,0,1,0,-1015
13678,110,-148,-9079,0,1,0,-1015
13679,111,-148,-9079,0,1,0,-1015
13680,112,-148,-9079,0,1,0,-1015
13681,113,-148,-9079,0,1,0,-1015
13682,114,-148,-9079,0,1,0,-1015
13683,115,-148,-9079,0,1,0,-1015
13684,116,-148,-9079,0,1,0,-1015
13685,117,-148,-9079,0,1,0,-1015
13686,118,-148,-9079,0,1,0,-1015
13687,119,-148,-9079,0,1,0,-1015
13688,120,-148,-9079,0,1,0,-1015
13689,121,-148,-9079,0,1,0,-1015
13690,122,-148,-9079,0,1,0,-1015
13691,123,-148,-9079,0,1,0,-1015
13692,124,-148,-9079,0,1,0,-1015
13693,125,-148,-9079,0,1,0,-1015
13694,126,-148,-9079,0,1,0,-1015
13695,127,-148,-9079,0,1,0,-1015
13696,128,-148,-9079,0,1,0,-1015
13697,129,-148,-9079,0,1,0,-1015
13698,130,-148,-9079,0,1,0,-1015
13699,131,-148,-9079,0,1,0,-1015
13700,132,-148,-9079,0,1,0,-1015
13701,133,-148,-9079,0,1,0,-1038
13702,134,-148,-9079,0,1,0,-1038
13703,135,-148,-9079,0,1,0,-1038
13704,136,-148,-9079,0,1,0,-1038
13705,137,-148,-9079,0,1,0,-1038
13706,138,-148,-9079,0,1,0,-1038
13707,139,-148,-9079,0,1,0,-1038
13708,140,-148,-9079,0,1,0,-1038
13709,141,-148,-9079,0,1,0,-1038
13710,142,-148,-9079,0,1,0,-1038
13711,143,-148,-9079,0,1,0,-1038
13712,144,-148,-9079,0,1,0,-1038
13713,145,-148,-9079,0,1,0,-1015
13714,146,-148,-9079,0,1,0,-1085
13715,147,-148,-9079,0,1,0,-1085
13716,148,-148,-9079,0,1,0,-1085
13717,149,-148,-9079,0,1,0,-1085
13718,150,-148,-9079,0,1,0,-1085
13719,151,-148,-9079,0,1,0,-1085
13720,152,-148,-9079,0,1,0,-1085
13721,153,-148,-9079,0,1,0,-1085
13722,154,-148,-9079,0,1,0,-1085
13723,155,-148,-9079,0,1,0,-1085
13724,156,-148,-9079,0,1,0,-1085
13725,157,-148,-9079,0,1,0,-1085
13726,158,-148,-9079,0,1,0,-1085
13727,159,-148,-9079,0,1,0,-1085
13728,160,-148,-9079,0,1,0,-1085
13729,161,-148,-9079,0,1,0,-1085
13730,162,-148,-9079,0,1,0,-1085
13731,163,-148,-9079,0,1,0,-1085
13732,164,-148,-9079,0,1,0,-1085
13733,165,-148,-9079,0,1,0,-1085
13734,166,-148,-9079,0,1,0,-1085
13735,167,-148,-9079,0,1,0,-1085
13736,168,-148,-9079,0,1,0,-1085
13737,169,-148,-9079,0,1,0,-1085
13738,170,-148,-9079,0,1,0,-1085
13739,171,-148,-9079,0,1,0,-1085
13740,172,-148,-9079,0,1,0,-1085
13741,173,-148,-9079,0,1,0,-1085
13742,174,-148,-9079,0,1,0,-1085
13743,175,-148,-9079,0,1,0,-1085
13744,176,-148,-9079,0,1,0,-1085
13745,177,-148,-9079,0,1,0,-1088
13746,178,-148,-9079,0,1,0,-1088
13747,179,-148,-9079,0,1,0,-1088
13748,180,-148,-9079,0,1,0,-1088
13749,181,-148,-9079,0,1,0,-1088
13750,182,-148,-9079,0,1,0,-1088
13751,183,-148,-9079,0,1,0,-1088
13752,184,-148,-9079,0,1,0,-1088
13753,185,-148,-9079,0,1,0,-1088
13754,186,-148,-9079,0,1,0,-1088
13755,187,-148,-9079,0,1,0,-1088
13756,188,-148,-9079,0,1,0,-1088
13757,189,-148,-9079,0,1,0,-1088
13758,190,-148,-9079,0,1,0,-1088
13759,191,-148,-9079,0,1,0,-1088
13760,192,-148,-9079,0,1,0,-1088
13761,193,-148,-9079,0,1,0,-1088
13762,194,-148,-9079,0,1,0,-1088
13763,195,-148,-9079,0,1,0,-1088
13764,196,-148,-9079,0,1,0,-1088
13765,197,-148,-9079,0,1,0,-1088
13766,198,-148,-9079,0,1,0,-1088
13767,199,-148,-9079,0,1,0,-1088
13768,200,-148,-9079,0,1,0,-1088
13769,201,-148,-9079,0,1,0,-1088
13770,202,-148,-9079,0,1,0,-1088
13771,203,-148,-9079,0,1,0,-1088
13772,204,-148,-9079,0,1,0,-1088
13773,205,-148,-9079,0,1,0,-1088
13774,206,-148,-9079,0,1,0,-1088
13775,207,-148,-9079,0,1,0,-1088
13776,208,-148,-9079,0,1,0,-1088
13777,209,-148,-9079,0,1,0,-1088
13778,210,-148,-9079,0,1,0,-1088
13779,211,-148,-9079,0,1,0,-1088
13780,212,-148,-9079,0,1,0,-1088
13781,213,-148,-9079,0,1,0,-1088
13782,214,-148,-9079,0,1,0,-1088
13783,215,-148,-9079,0,1,0,-1088
13784,216,-148,-9079,0,1,0,-1088
13785,217,-148,-9079,0,1,0,-1088
13786,218,-148,-9079,0,1,0,-1088
13787,219,-148,-9079,0,1,0,-1088
13788,220,-148,-9079,0,1,0,-1088
13789,221,-148,-9079,0,1,0,-1088
13790,222,-148,-9079,0,1,0,-1088
13791,223,-148,-9079,0,1,0,-1088
13792,224,-148,-9079,0,1,0,-1088
13793,225,-148,-9079,0,1,0,-1088
13794,226,-148,-9079,0,1,0,-1088
13795,227,-148,-9079,0,1,0,-1088
13796,228,-148,-9079,0,1,0,-1088
13797,229,-148,-9079,0,1,0,-1088
13798,230,-148,-9079,0,1,0,-1088
13799,231,-148,-9079,0,1,0,-1088
13800,232,-148,-9079,0,1,0,-1088
13801,233,-148,-9079,0,1,0,-1088
13802,234,-148,-9079,0,1,0,-1088
13803,235,-148,-9079,0,1,0,-1088
13804,236,-148,-9079,0,1,0,-1088
13805,237,-148,-9079,0,1,0,-1088
13806,238,-148,-9079,0,1,0,-1088
13807,239,-148,-9079,0,1,0,-1088
13808,240,-148,-9079,0,1,0,-1088
13809,241,-148,-9079,0,1,0,-1088
13810,242,-148,-9079,0,1,0,-1088
13811,243,-148,-9079,0,1,0,-1088
13812,244,-148,-9079,0,1,0,-1088
13813,245,-148,-9079,0,1,0,-1088
13814,246,-148,-9079,0,1,0,-1088
13815,247,-148,-9079,0,1,0,-1088
13816,248,-148,-9079,0,1,0,-1088
13817,249,-148,-9079,0,1,0,-1088
13818,250,-148,-9079,0,1,0,-1088
13819,251,-148,-9079,0,1,0,-1088
13820,252,-148,-9079,0,1,0,-1088
13821,253,-148,-9079,0,1,0,-1088
13822,254,-148,-9079,0,1,0,-1088
13823,255,-148,-9079,0,1,0,-1088
13824,0,-148,-9079,0,1,0,-1088
13825,1,-148,-9079,0,1,0,-1088
13826,2,-148,-9079,0,1,0,-1088
13827,3,-148,-9079,0,1,0,-1088
13828,4,-148,-9079,0,1,0,-1088
13829,5,-148,-9079,0,1,0,-1088
13830,6,-148,-9079,0,1,0,-1088
13831,7,-148,-9079,0,1,0,-1088
13832,8,-148,-9079,0,1,0,-1088
13833,9,-148,-9079,0,1,0,-1088
13834,10,-148,-9079,0,1,0,-1088
13835,11,-148,-9079,0,1,0,-1088
13836,12,-148,-9079,0,1,0,-1088
13837,13,-148,-9079,0,1,0,-1088
13838,14,-148,-9079,0,1,0,-1088
13839,15,-148,-9079,0,1,0,-1088
13840,16,-148,-9079,0,1,0,-1088
13841,17,-148,-9079,0,1,0,-1088
13842,18,-148,-9079,0,1,0,-1088
13843,19,-148,-9079,0,1,0,-1088
13844,20,-148,-9079,0,1,0,-1088
13845,21,-148,-9079,0,1,0,-1088
13846,22,-148,-9079,0,1,0,-1088
13847,23,-148,-9079,0,1,0,-1088
13848,24,-148,-9079,0,1,0,-1088
13849,25,-148,-9079,0,1,0,-1088
13850,26,-148,-9079,0,1,0,-1088
13851,27,-148,-9079,0,1,0,-1088
13852,28,-148,-9079,0,1,0,-1088
13853,29,-148,-9079,0,1,0,-1088
13854,30,-148,-9079,0,1,0,-1088
13855,31,-148,-9079,0,1,0,-1088
13856,32,-148,-9079,0,1,0,-1088
13857,33,-148,-9079,0,1,0,-950
13858,34,-148,-9079,0,1,0,-730
13859,35,-148,-9079,0,1,0,-591
13860,36,-148,-9079,0,1,0,-500
13861,37,-148,-9079,0,1,0,-105
13862,38,-148,-9079,0,1,0,-105
13863,39,-148,-9079,0,1,0,-105
13864,40,-148,-9079,0,1,0,-105
13865,41,-148,-9079,0,1,0,-105
13866,42,-148,-9079,0,1,0,-105
13867,43,-148,-9079,0,1,0,-105
13868,44,-148,-9079,0,1,0,-105
13869,45,-148,-9079,0,1,0,-105
13870,46,-148,-9079,0,1,0,-105
13871,47,-148,-9079,0,1,0,-105
13872,48,-148,-9079,0,1,0,-105
13873,49,-148,-9079,0,1,0,-105
13874,50,-148,-9079,0,1,0,-105
13875,51,-148,-9079,0,1,0,-105
13876,52,-148,-9079,0,1,0,-105
13877,53,-148,-9079,0,1,0,-105
13878,54,-148,-9079,0,1,0,-105
13879,55,-148,-9079,0,1,0,-105
13880,56,-148,-9079,0,1,0,-105
13881,57,-148,-9079,0,1,0,-105
13882,58,-148,-9079,0,1,0,-105
13883,59,-148,-9079,0,1,0,-105
13884,60,-148,-9079,0,1,0,-105
13885,61,-148,-9079,0,1,0,-105
13886,62,-148,-9079,0,1,0,-105
13887,63,-148,-9079,0,1,0,-105
13888,64,-148,-9079,0,1,0,-105
13889,65,-148,-9079,0,1,0,-105
13890,66,-148,-9079,0,1,0,-152
13891,67,-148,-9079,0,1,0,-152
13892,68,-148,-9079,0,1,0,-152
13893,69,-148,-9079,0,1,0,-152
13894,70,-148,-9079,0,1,0,-152
13895,71,-148,-9079,0,1,0,-152
13896,72,-148,-9079,0,1,0,-152
13897,73,-148,-9079,0,1,0,-152
13898,74,-148,-9079,0,1,0,-152
13899,75,-148,-9079,0,1,0,-152
13900,76,-148,-9079,0,1,0,-152
13901,77,-148,-9079,0,1,0,-205
13902,78,-148,-9079,0,1,0,-205
13903,79,-148,-9079,0,1,0,-205
13904,80,-148,-9079,0,1,0,-205
13905,81,-148,-9079,0,1,0,-205
13906,82,-148,-9079,0,1,0,-205
13907,83,-148,-9079,0,1,0,-205
13908,84,-148,-9079,0,1,0,-205
13909,85,-148,-9079,0,1,0,-130
13910,86,-148,-9079,0,1,0,-130
13911,87,-148,-9079,0,1,0,-130
13912,88,-148,-9079,0,1,0,-130
13913,89,-148,-9079,0,1,0,-130
13914,90,-148,-9079,0,1,0,-130
13915,91,-148,-9079,0,1,0,-130
13916,92,-148,-9079,0,1,0,-130
13917,93,-148,-9079,0,1,0,-130
13918,94,-148,-9079,0,1,0,-130
13919,95,-148,-9079,0,1,0,-130
13920,96,-148,-9079,0,1,0,-130
13921,97,-148,-9079,0,1,0,-130
13922,98,-148,-9079,0,1,0,-130
13923,99,-148,-9079,0,1,0,-130
13924,100,-148,-9079,0,1,0,-130
13925,101,-148,-9079,0,1,0,-130
13926,102,-148,-9079,0,1,0,-130
13927,103,-148,-9079,0,1,0,-130
13928,104,-148,-9079,0,1,0,-130
13929,105,-148,-9079,0,1,0,-130
13930,106,-148,-9079,0,1,0,-130
13931,107,-148,-9079,0,1,0,-130
13932,108,-148,-9079,0,1,0,-130
13933,109,-148,-9079,0,1,0,-130
13934,110,-148,-9079,0,1,0,-175
13935,111,-148,-9079,0,1,0,-175
13936,112,-148,-9079,0,1,0,-175
13937,113,-148,-9079,0,1,0,-175
13938,114,-148,-9079,0,1,0,-175
13939,115,-148,-9079,0,1,0,-175
13940,116,-148,-9079,0,1,0,-175
13941,117,-148,-9079,0,1,0,-175
13942,118,-148,-9079,0,1,0,-175
13943,119,-148,-9079,0,1,0,-175
13944,120,-148,-9079,0,1,0,-175
13945,121,-148,-9079,0,1,0,-175
13946,122,-148,-9079,0,1,0,-175
13947,123,-148,-9079,0,1,0,-125
13948,124,-148,-9079,0,1,0,-75
13949,125,-148,-9079,0,1,0,-75
13950,126,-148,-9079,0,1,0,-75
13951,127,-148,-9079,0,1,0,-75
13952,128,-148,-9079,0,1,0,-25
13953,129,-148,-9079,0,1,0,25
13954,130,-148,-9079,0,1,0,25
13955,131,-148,-9079,0,1,0,85
13956,132,-148,-9079,0,1,0,85
13957,133,-148,-9079,0,1,0,85
13958,134,-148,-9079,0,1,0,175
13959,135,-148,-9079,0,1,0,62
13960,136,-148,-9079,0,1,0,62
13961,137,-148,-9079,0,1,0,62
13962,138,-148,-9079,0,1,0,62
13963,139,-148,-9079,0,1,0,62
13964,140,-148,-9079,0,1,0,62
13965,141,-148,-9079,0,1,0,62
13966,142,-148,-9079,0,1,0,62
13967,143,-148,-9079,0,1,0,62
13968,144,-148,-9079,0,1,0,62
13969,145,-148,-9079,0,1,0,62
13970,146,-148,-9079,0,1,0,62
13971,147,-148,-9079,0,1,0,62
13972,148,-148,-9079,0,1,0,62
13973,149,-148,-9079,0,1,0,62
13974,150,-148,-9079,0,1,0,-238
13975,151,-148,-9079,0,1,0,-238
13976,152,-148,-9079,0,1,0,-238
13977,153,-148,-9079,0,1,0,-238
13978,154,-148,-9079,0,1,0,-238
13979,155,-148,-9079,0,1,0,-238
13980,156,-148,-9079,0,1,0,-238
13981,157,-148,-9079,0,1,0,-238
13982,158,-148,-9079,0,1,0,-427
13983,159,-148,-9079,0,1,0,-427
13984,160,-148,-9079,0,1,0,-427
13985,161,-148,-9079,0,1,0,-427
13986,162,-148,-9079,0,1,0,-427
13987,163,-148,-9079,0,1,0,-616
13988,164,-148,-9079,0,1,0,-616
13989,165,-148,-9079,0,1,0,-616
13990,166,-148,-9079,0,1,0,-616
13991,167,-148,-9079,0,1,0,-616
13992,168,-148,-9079,0,1,0,-616
13993,169,-148,-9079,0,1,0,-1100
13994,170,-148,-9079,0,1,0,-1100
13995,171,-148,-9079,0,1,0,-1100
13996,172,-148,-9079,0,1,0,-1100
13997,173,-148,-9079,0,1,0,-1100
13998,174,-148,-9079,0,1,0,-1100
13999,175,-148,-9079,0,1,0,-1100
14000,176,-148,-9079,0,1,0,-1100
14001,177,-148,-9079,0,1,0,-1100
14002,178,-148,-9079,0,1,0,-1100
14003,179,-148,-9079,0,1,0,-1100
14004,180,-148,-9079,0,1,0,-1100
14005,181,-148,-9079,0,1,0,-1100
14006,182,-148,-9079,0,1,0,-1100
14007,183,-148,-9079,0,1,0,-1100
14008,184,-148,-9079,0,1,0,-1100
14009,185,-148,-9079,0,1,0,-1100
14010,186,-148,-9079,0,1,0,-1100
14011,187,-148,-9079,0,1,0,-1100
14012,188,-148,-9079,0,1,0,-1100
14013,189,-148,-9079,0,1,0,-1100
14014,190,-148,-9079,0,1,0,-1100
14015,191,-148,-9079,0,1,0,-1100
14016,192,-148,-9079,0,1,0,-1100
14017,193,-148,-9079,0,1,0,-1100
14018,194,-148,-9079,0,1,0,-1100
14019,195,-148,-9079,0,1,0,-1100
14020,196,-148,-9079,0,1,0,-1100
14021,197,-148,-9079,0,1,0,-1100
14022,198,-148,-9079,0,1,0,-1100
14023,199,-148,-9079,0,1,0,-1100
14024,200,-148,-9079,0,1,0,-1100
14025,201,-148,-9079,0,1,0,-1100
14026,202,-148,-9079,0,1,0,-1100
14027,203,-148,-9079,0,1,0,-1100
14028,204,-148,-9079,0,1,0,-1100
14029,205,-148,-9079,0,1,0,-1100
14030,206,-148,-9079,0,1,0,-1100
14031,207,-148,-9079,0,1,0,-1100
14032,208,-148,-9079,0,1,0,-1100
14033,209,-148,-9079,0,1,0,-1100
14034,210,-148,-9079,0,1,0,-1100
14035,211,-148,-9079,0,1,0,-1100
14036,212,-148,-9079,0,1,0,-1100
14037,213,-148,-9079,0,1,0,-1100
14038,214,-148,-9079,0,1,0,-1100
14039,215,-148,-9079,0,1,0,-1100
14040,216,-148,-9079,0,1,0,-1100
14041,217,-148,-9079,0,1,0,-1100
14042,218,-148,-9079,0,1,0,-1100
14043,219,-148,-9079,0,1,0,-1100
14044,220,-148,-9079,0,1,0,-1100
14045,221,-148,-9079,0,1,0,-1100
14046,222,-148,-9079,0,1,0,-1100
14047,223,-148,-9079,0,1,0,-1100
14048,224,-148,-9079,0,1,0,-1100
14049,225,-148,-9079,0,1,0,-1100
14050,226,-148,-9079,0,1,0,-1100
14051,227,-148,-9079,0,1,0,-1100
14052,228,-148,-9079,0,1,0,-1100
14053,229,-148,-9079,0,1,0,-1100
14054,230,-148,-9079,0,1,0,-1100
14055,231,-148,-9079,0,1,0,-1100
14056,232,-148,-9079,0,1,0,-1175
14057,233,-148,-9079,0,1,0,-1175
14058,234,-148,-9079,0,1,0,-1175
14059,235,-148,-9079,0,1,0,-1175
14060,236,-148,-9079,0,1,0,-1175
14061,237,-148,-9079,0,1,0,-1175
14062,238,-148,-9079,0,1,0,-1175
14063,239,-148,-9079,0,1,0,-1175
14064,240,-148,-9079,0,1,0,-1175
14065,241,-148,-9079,0,1,0,-1175
14066,242,-148,-9079,0,1,0,-1175
14067,243,-148,-9079,0,1,0,-1175
14068,244,-148,-9079,0,1,0,-1175
14069,245,-148,-9079,0,1,0,-1175
14070,246,-148,-9079,0,1,0,-1175
14071,247,-148,-9079,0,1,0,-1175
14072,248,-148,-9079,0,1,0,-1175
14073,249,-148,-9079,0,1,0,-1175
14074,250,-148,-9079,0,1,0,-1175
14075,251,-148,-9079,0,1,0,-1175
14076,252,-148,-9079,0,1,0,-1175
14077,253,-148,-9079,0,1,0,-1175
14078,254,-148,-9079,0,1,0,-1175
14079,255,-148,-9079,0,1,0,-1165
14080,0,-148,-9079,0,1,0,-1140
14081,1,-148,-9079,0,1,0,-1100
14082,2,-148,-9079,0,1,0,-1065
14083,3,-148,-9079,0,1,0,-1065
14084,4,-148,-9079,0,1,0,-1065
14085,5,-148,-9079,0,1,0,-1065
14086,6,-148,-9079,0,1,0,-1065
14087,7,-148,-9079,0,1,0,-1065
14088,8,-148,-9079,0,1,0,-1065
14089,9,-148,-9079,0,1,0,-1065
14090,10,-148,-9079,0,1,0,-1065
14091,11,-148,-9079,0,1,0,-1065
14092,12,-148,-9079,0,1,0,-1065
14093,13,-148,-9079,0,1,0,-1065
14094,14,-148,-9079,0,1,0,-1065
14095,15,-148,-9079,0,1,0,-1065
14096,16,-148,-9079,0,1,0,-1065
14097,17,-148,-9079,0,1,0,-1065
14098,18,-148,-9079,0,1,0,-1065
14099,19,-148,-9079,0,1,0,-1065
14100,20,-148,-9079,0,1,0,-1065
14101,21,-148,-9079,0,1,0,-1065
14102,22,-148,-9079,0,1,0,-1065
14103,23,-148,-9079,0,1,0,-1065
14104,24,-148,-9079,0,1,0,-1065
14105,25,-148,-9079,0,1,0,-1065
14106,26,-148,-9079,0,1,0,-1065
14107,27,-148,-9079,0,1,0,-1065
14108,28,-148,-9079,0,1,0,-1065
14109,29,-148,-9079,0,1,0,-1065
14110,30,-148,-9079,0,1,0,-1065
14111,31,-148,-9079,0,1,0,-1065
14112,32,-148,-9079,0,1,0,-1065
14113,33,-148,-9079,0,1,0,-1065
14114,34,-148,-9079,0,1,0,-1065
14115,35,-148,-9079,0,1,0,-1065
14116,36,-148,-9079,0,1,0,-1065
14117,37,-148,-9079,0,1,0,-1065
14118,38,-148,-9079,0,1,0,-1065
14119,39,-148,-9079,0,1,0,-1065
14120,40,-148,-9079,0,1,0,-1065
14121,41,-148,-9079,0,1,0,-1065
14122,42,-148,-9079,0,1,0,-1065
14123,43,-148,-9079,0,1,0,-1065
14124,44,-148,-9079,0,1,0,-1065
14125,45,-148,-9079,0,1,0,-1065
14126,46,-148,-9079,0,1,0,-1065
14127,47,-148,-9079,0,1,0,-1065
14128,48,-148,-9079,0,1,0,-1065
14129,49,-148,-9079,0,1,0,-1065
14130,50,-148,-9079,0,1,0,-1065
14131,51,-148,-9079,0,1,0,-1065
14132,52,-148,-9079,0,1,0,-1065
14133,53,-148,-9079,0,1,0,-1065
14134,54,-148,-9079,0,1,0,-1065
14135,55,-148,-9079,0,1,0,-1065
14136,56,-148,-9079,0,1,0,-1065
14137,57,-148,-9079,0,1,0,-1065
14138,58,-148,-9079,0,1,0,-1065
14139,59,-148,-9079,0,1,0,-1065
14140,60,-148,-9079,0,1,0,-1065
14141,61,-148,-9079,0,1,0,-1065
14142,62,-148,-9079,0,1,0,-1065
14143,63,-148,-9079,0,1,0,-1065
14144,64,-148,-9079,0,1,0,-1065
14145,65,-148,-9079,0,1,0,-1065
14146,66,-148,-9079,0,1,0,-1065
14147,67,-148,-9079,0,1,0,-1065
14148,68,-148,-9079,0,1,0,-1065
14149,69,-148,-9079,0,1,0,-1065
14150,70,-148,-9079,0,1,0,-1065
14151,71,-148,-9079,0,1,0,-1065
14152,72,-148,-9079,0,1,0,-1065
14153,73,-148,-9079,0,1,0,-1065
14154,74,-148,-9079,0,1,0,-1065
14155,75,-148,-9079,0,1,0,-1065
14156,76,-148,-9079,0,1,0,-1065
14157,77,-148,-9079,0,1,0,-1065
14158,78,-148,-9079,0,1,0,-1065
14159,79,-148,-9079,0,1,0,-1065
14160,80,-148,-9079,0,1,0,-1065
14161,81,-148,-9079,0,1,0,-1065
14162,82,-148,-9079,0,1,0,-1065
14163,83,-148,-9079,0,1,0,-1065
14164,84,-148,-9079,0,1,0,-1115
14165,85,-148,-9079,0,1,0,-1115
14166,86,-148,-9079,0,1,0,-1115
14167,87,-148,-9079,0,1,0,-1115
14168,88,-148,-9079,0,1,0,-1115
14169,89,-148,-9079,0,1,0,-1115
14170,90,-148,-9079,0,1,0,-1115
14171,91,-148,-9079,0,1,0,-1115
14172,92,-148,-9079,0,1,0,-1115
14173,93,-148,-9079,0,1,0,-1115
14174,94,-148,-9079,0,1,0,-1115
14175,95,-148,-9079,0,1,0,-1115
14176,96,-148,-9079,0,1,0,-1115
14177,97,-148,-9079,0,1,0,-1115
14178,98,-148,-9079,0,1,0,-1175
14179,99,-148,-9079,0,1,0,-1175
14180,100,-148,-9079,0,1,0,-1175
14181,101,-148,-9079,0,1,0,-1175
14182,102,-148,-9079,0,1,0,-1175
14183,103,-148,-9079,0,1,0,-1383
14184,104,-148,-9079,0,1,0,-1408
14185,105,-148,-9079,0,1,0,-1408
14186,106,-148,-9079,0,1,0,-1408
14187,107,-148,-9079,0,1,0,-1408
14188,108,-148,-9079,0,1,0,-1408
14189,109,-148,-9079,0,1,0,-1408
14190,110,-148,-9079,0,1,0,-1408
14191,111,-148,-9079,0,1,0,-1408
14192,112,-148,-9079,0,1,0,-1408
14193,113,-148,-9079,0,1,0,-1408
14194,114,-148,-9079,0,1,0,-838
14195,115,-148,-9079,0,1,0,-838
14196,116,-148,-9079,0,1,0,-838
14197,117,-148,-9079,0,1,0,-838
14198,118,-148,-9079,0,1,0,-838
14199,119,-148,-9079,0,1,0,-838
14200,120,-148,-9079,0,1,0,-838
14201,121,-148,-9079,0,1,0,-838
14202,122,-148,-9079,0,1,0,-838
14203,123,-148,-9079,0,1,0,-838
14204,124,-148,-9079,0,1,0,-768
14205,125,-148,-9079,0,1,0,-738
14206,126,-148,-9079,0,1,0,-738
14207,127,-148,-9079,0,1,0,-738
14208,128,-148,-9079,0,1,0,-738
14209,129,-148,-9079,0,1,0,-738
14210,130,-148,-9079,0,1,0,-738
14211,131,-148,-9079,0,1,0,-738
14212,132,-148,-9079,0,1,0,-738
14213,133,-148,-9079,0,1,0,-738
14214,134,-148,-9079,0,1,0,-738
14215,135,-148,-9079,0,1,0,-738
14216,136,-148,-9079,0,1,0,-738
14217,137,-148,-9079,0,1,0,-738
14218,138,-148,-9079,0,1,0,-738
14219,139,-148,-9079,0,1,0,-738
14220,140,-148,-9079,0,1,0,-738
14221,141,-148,-9079,0,1,0,-738
14222,142,-148,-9079,0,1,0,-738
14223,143,-148,-9079,0,1,0,-738
14224,144,-148,-9079,0,1,0,-738
14225,145,-148,-9079,0,1,0,-738
14226,146,-148,-9079,0,1,0,-738
14227,147,-148,-9079,0,1,0,-738
14228,148,-148,-9079,0,1,0,-738
14229,149,-148,-9079,0,1,0,-738
14230,150,-148,-9079,0,1,0,-738
14231,151,-148,-9079,0,1,0,-738
14232,152,-148,-9079,0,1,0,-738
14233,153,-148,-9079,0,1,0,-738
14234,154,-148,-9079,0,1,0,-738
14235,155,-148,-9079,0,1,0,-738
14236,156,-148,-9079,0,1,0,-738
14237,157,-148,-9079,0,1,0,-738
14238,158,-148,-9079,0,1,0,-738
14239,159,-148,-9079,0,1,0,-738
14240,160,-148,-9079,0,1,0,-738
14241,161,-148,-9079,0,1,0,-738
14242,162,-148,-9079,0,1,0,-738
14243,163,-148,-9079,0,1,0,-738
14244,164,-148,-9079,0,1,0,-738
14245,165,-148,-9079,0,1,0,-738
14246,166,-148,-9079,0,1,0,-738
14247,167,-148,-9079,0,1,0,-738
14248,168,-148,-9079,0,1,0,-738
14249,169,-148,-9079,0,1,0,-738
14250,170,-148,-9079,0,1,0,-738
14251,171,-148,-9079,0,1,0,-738
14252,172,-148,-9079,0,1,0,-738
14253,173,-148,-9079,0,1,0,-738
14254,174,-148,-9079,0,1,0,-738
14255,175,-148,-9079,0,1,0,-738
14256,176,-148,-9079,0,1,0,-738
14257,177,-148,-9079,0,1,0,-738
14258,178,-148,-9079,0,1,0,-738
14259,179,-148,-9079,0,1,0,-738
14260,180,-148,-9079,0,1,0,-738
14261,181,-148,-9079,0,1,0,-738
14262,182,-148,-9079,0,1,0,-738
14263,183,-148,-9079,0,1,0,-738
14264,184,-148,-9079,0,1,0,-738
14265,185,-148,-9079,0,1,0,-738
14266,186,-148,-9079,0,1,0,-738
14267,187,-148,-9079,0,1,0,-738
14268,188,-148,-9079,0,1,0,-738
14269,189,-148,-9079,0,1,0,-738
14270,190,-148,-9079,0,1,0,-738
14271,191,-148,-9079,0,1,0,-738
14272,192,-148,-9079,0,1,0,-738
14273,193,-148,-9079,0,1,0,-738
14274,194,-148,-9079,0,1,0,-738
14275,195,-148,-9079,0,1,0,-738
14276,196,-148,-9079,0,1,0,-738
14277,197,-148,-9079,0,1,0,-738
14278,198,-148,-9079,0,1,0,-738
14279,199,-148,-9079,0,1,0,-738
14280,200,-148,-9079,0,1,0,-738
14281,201,-148,-9079,0,1,0,-738
14282,202,-148,-9079,0,1,0,-738
14283,203,-148,-9079,0,1,0,-738
14284,204,-148,-9079,0,1,0,-738
14285,205,-148,-9079,0,1,0,-738
14286,206,-148,-9079,0,1,0,-738
14287,207,-148,-9079,0,1,0,-738
14288,208,-148,-9079,0,1,0,-738
14289,209,-148,-9079,0,1,0,-628
14290,210,-148,-9079,0,1,0,-628
14291,211,-148,-9079,0,1,0,-628
14292,212,-148,-9079,0,1,0,-628
14293,213,-148,-9079,0,1,0,-628
14294,214,-148,-9079,0,1,0,-628
14295,215,-148,-9079,0,1,0,-628
14296,216,-148,-9079,0,1,0,-628
14297,217,-148,-9079,0,1,0,-628
14298,218,-148,-9079,0,1,0,-628
14299,219,-148,-9079,0,1,0,-628
14300,220,-148,-9079,0,1,0,-628
14301,221,-148,-9079,0,1,0,-628
14302,222,-148,-9079,0,1,0,-628
14303,223,-148,-9079,0,1,0,-628
14304,224,-148,-9079,0,1,0,-628
14305,225,-148,-9079,0,1,0,-628
14306,226,-148,-9079,0,1,0,-628
14307,227,-148,-9079,0,1,0,-628
14308,228,-148,-9079,0,1,0,-628
14309,229,-148,-9079,0,1,0,-628
14310,230,-148,-9079,0,1,0,-628
14311,231,-148,-9079,0,1,0,-628
14312,232,-148,-9079,0,1,0,-628
14313,233,-148,-9079,0,1,0,-628
14314,234,-148,-9079,0,1,0,-628
14315,235,-148,-9079,0,1,0,-628
14316,236,-148,-9079,0,1,0,-628
14317,237,-148,-9079,0,1,0,-613
14318,238,-148,-9079,0,1,0,-613
14319,239,-148,-9079,0,1,0,-613
14320,240,-148,-9079,0,1,0,-613
14321,241,-148,-9079,0,1,0,-613
14322,242,-148,-9079,0,1,0,-613
14323,243,-148,-9079,0,1,0,-613
14324,244,-148,-9079,0,1,0,-663
14325,245,-148,-9079,0,1,0,-678
14326,246,-148,-9079,0,1,0,-678
14327,247,-148,-9079,0,1,0,-678
14328,248,-148,-9079,0,1,0,-738
14329,249,-148,-9079,0,1,0,-738
14330,250,-148,-9079,0,1,0,-738
14331,251,-148,-9079,0,1,0,-738
14332,252,-148,-9079,0,1,0,-738
14333,253,-148,-9079,0,1,0,-738
14334,254,-148,-9079,0,1,0,-738
14335,255,-148,-9079,0,1,0,-738
14336,0,-148,-9079,0,1,0,-738
14337,1,-148,-9079,0,1,0,-738
14338,2,-148,-9079,0,1,0,-738
14339,3,-148,-9079,0,1,0,-648
14340,4,-148,-9079,0,1,0,-638
14341,5,-148,-9079,0,1,0,-638
14342,6,-148,-9079,0,1,0,-638
14343,7,-148,-9079,0,1,0,-638
14344,8,-148,-9079,0,1,0,-638
14345,9,-148,-9079,0,1,0,-638
14346,10,-148,-9079,0,1,0,-638
14347,11,-148,-9079,0,1,0,-638
14348,12,-148,-9079,0,1,0,-638
14349,13,-148,-9079,0,1,0,-638
14350,14,-148,-9079,0,1,0,-430
14351,15,-148,-9079,0,1,0,-420
14352,16,-148,-9079,0,1,0,-420
14353,17,-148,-9079,0,1,0,-420
14354,18,-148,-9079,0,1,0,-330
14355,19,-148,-9079,0,1,0,-330
14356,20,-148,-9079,0,1,0,-330
14357,21,-148,-9079,0,1,0,-330
14358,22,-148,-9079,0,1,0,-330
14359,23,-148,-9079,0,1,0,-330
14360,24,-148,-9079,0,1,0,-900
14361,25,-148,-9079,0,1,0,-900
14362,26,-148,-9079,0,1,0,-900
14363,27,-148,-9079,0,1,0,-900
14364,28,-148,-9079,0,1,0,-900
14365,29,-148,-9079,0,1,0,-900
14366,30,-148,-9079,0,1,0,-900
14367,31,-148,-9079,0,1,0,-900
14368,32,-148,-9079,0,1,0,-900
14369,33,-148,-9079,0,1,0,-900
14370,34,-148,-9079,0,1,0,-900
14371,35,-148,-9079,0,1,0,-900
14372,36,-148,-9079,0,1,0,-900
14373,37,-148,-9079,0,1,0,-900
14374,38,-148,-9079,0,1,0,-900
14375,39,-148,-9079,0,1,0,-900
14376,40,-148,-9079,0,1,0,-900
14377,41,-148,-9079,0,1,0,-900
14378,42,-148,-9079,0,1,0,-900
14379,43,-148,-9079,0,1,0,-900
14380,44,-148,-9079,0,1,0,-900
14381,45,-148,-9079,0,1,0,-900
14382,46,-148,-9079,0,1,0,-900
14383,47,-148,-9079,0,1,0,-900
14384,48,-148,-9079,0,1,0,-900
14385,49,-148,-9079,0,1,0,-900
14386,50,-148,-9079,0,1,0,-900
14387,51,-148,-9079,0,1,0,-900
14388,52,-148,-9079,0,1,0,-970
14389,53,-148,-9079,0,1,0,-970
14390,54,-148,-9079,0,1,0,-970
14391,55,-148,-9079,0,1,0,-970
14392,56,-148,-9079,0,1,0,-970
14393,57,-148,-9079,0,1,0,-970
14394,58,-148,-9079,0,1,0,-1000
14395,59,-148,-9079,0,1,0,-1000
14396,60,-148,-9079,0,1,0,-1000
14397,61,-148,-9079,0,1,0,-1000
14398,62,-148,-9079,0,1,0,-1000
14399,63,-148,-9079,0,1,0,-1000
14400,64,-148,-9079,0,1,0,-1000
14401,65,-148,-9079,0,1,0,-1000
14402,66,-148,-9079,0,1,0,-950
14403,67,-148,-9079,0,1,0,-985
14404,68,-148,-9079,0,1,0,-985
14405,69,-148,-9079,0,1,0,-985
14406,70,-148,-9079,0,1,0,-985
14407,71,-148,-9079,0,1,0,-985
14408,72,-148,-9079,0,1,0,-985
14409,73,-148,-9079,0,1,0,-985
14410,74,-148,-9079,0,1,0,-985
14411,75,-148,-9079,0,1,0,-985
14412,76,-148,-9079,0,1,0,-985
14413,77,-148,-9079,0,1,0,-985
14414,78,-148,-9079,0,1,0,-985
14415,79,-148,-9079,0,1,0,-985
14416,80,-148,-9079,0,1,0,-985
14417,81,-148,-9079,0,1,0,-985
14418,82,-148,-9079,0,1,0,-985
14419,83,-148,-9079,0,1,0,-985
14420,84,-148,-9079,0,1,0,-985
14421,85,-148,-9079,0,1,0,-985
14422,86,-148,-9079,0,1,0,-985
14423,87,-148,-9079,0,1,0,-985
14424,88,-148,-9079,0,1,0,-985
14425,89,-148,-9079,0,1,0,-893
14426,90,-148,-9079,0,1,0,-893
14427,91,-148,-9079,0,1,0,-893
14428,92,-148,-9079,0,1,0,-893
14429,93,-148,-9079,0,1,0,-893
14430,94,-148,-9079,0,1,0,-893
14431,95,-148,-9079,0,1,0,-893
14432,96,-148,-9079,0,1,0,-893
14433,97,-148,-9079,0,1,0,-893
14434,98,-148,-9079,0,1,0,-893
14435,99,-148,-9079,0,1,0,-893
14436,100,-148,-9079,0,1,0,-893
14437,101,-148,-9079,0,1,0,-893
14438,102,-148,-9079,0,1,0,-893
14439,103,-148,-9079,0,1,0,-893
14440,104,-148,-9079,0,1,0,-893
14441,105,-148,-9079,0,1,0,-893
14442,106,-148,-9079,0,1,0,-893
14443,107,-148,-9079,0,1,0,-893
14444,108,-148,-9079,0,1,0,-893
14445,109,-148,-9079,0,1,0,-893
14446,110,-148,-9079,0,1,0,-893
14447,111,-148,-9079,0,1,0,-893
14448,112,-148,-9079,0,1,0,-893
14449,113,-148,-9079,0,1,0,-893
14450,114,-148,-9079,0,1,0,-893
14451,115,-148,-9079,0,1,0,-893
14452,116,-148,-9079,0,1,0,-893
14453,117,-148,-9079,0,1,0,-893
14454,118,-148,-9079,0,1,0,-893
14455,119,-148,-9079,0,1,0,-893
14456,120,-148,-9079,0,1,0,-893
14457,121,-148,-9079,0,1,0,-893
14458,122,-148,-9079,0,1,0,-893
14459,123,-148,-9079,0,1,0,-893
14460,124,-148,-9079,0,1,0,-893
14461,125,-148,-9079,0,1,0,-893
14462,126,-148,-9079,0,1,0,-893
14463,127,-148,-9079,0,1,0,-993
14464,128,-148,-9079,0,1,0,-993
14465,129,-148,-9079,0,1,0,-993
14466,130,-148,-9079,0,1,0,-993
14467,131,-148,-9079,0,1,0,-993
14468,132,-148,-9079,0,1,0,-993
14469,133,-148,-9079,0,1,0,-993
14470,134,-148,-9079,0,1,0,-993
14471,135,-148,-9079,0,1,0,-993
14472,136,-148,-9079,0,1,0,-993
14473,137,-148,-9079,0,1,0,-993
14474,138,-148,-9079,0,1,0,-993
14475,139,-148,-9079,0,1,0,-993
14476,140,-148,-9079,0,1,0,-993
14477,141,-148,-9079,0,1,0,-993
14478,142,-148,-9079,0,1,0,-993
14479,143,-148,-9079,0,1,0,-970
14480,144,-148,-9079,0,1,0,-896
14481,145,-148,-9079,0,1,0,-896
14482,146,-148,-9079,0,1,0,-896
14483,147,-148,-9079,0,1,0,-896
14484,148,-148,-9079,0,1,0,-896
14485,149,-148,-9079,0,1,0,-896
14486,150,-148,-9079,0,1,0,-896
14487,151,-148,-9079,0,1,0,-896
14488,152,-148,-9079,0,1,0,-896
14489,153,-148,-9079,0,1,0,-1071
14490,154,-148,-9079,0,1,0,-1071
14491,155,-148,-9079,0,1,0,-1071
14492,156,-148,-9079,0,1,0,-1071
14493,157,-148,-9079,0,1,0,-1071
14494,158,-148,-9079,0,1,0,-1071
14495,159,-148,-9079,0,1,0,-1071
14496,160,-148,-9079,0,1,0,-1071
14497,161,-148,-9079,0,1,0,-1071
14498,162,-148,-9079,0,1,0,-1071
14499,163,-148,-9079,0,1,0,-1071
14500,164,-148,-9079,0,1,0,-1071
14501,165,-148,-9079,0,1,0,-1071
14502,166,-148,-9079,0,1,0,-1071
14503,167,-148,-9079,0,1,0,-1071
14504,168,-148,-9079,0,1,0,-1071
14505,169,-148,-9079,0,1,0,-1071
14506,170,-148,-9079,0,1,0,-1071
14507,171,-148,-9079,0,1,0,-1071
14508,172,-148,-9079,0,1,0,-1071
14509,173,-148,-9079,0,1,0,-1071
14510,174,-148,-9079,0,1,0,-1071
14511,175,-148,-9079,0,1,0,-1071
14512,176,-148,-9079,0,1,0,-1071
14513,177,-148,-9079,0,1,0,-1071
14514,178,-148,-9079,0,1,0,-1071
14515,179,-148,-9079,0,1,0,-1071
14516,180,-148,-9079,0,1,0,-1071
14517,181,-148,-9079,0,1,0,-1071
14518,182,-148,-9079,0,1,0,-1071
14519,183,-148,-9079,0,1,0,-1071
14520,184,-148,-9079,0,1,0,-1071
14521,185,-148,-9079,0,1,0,-1071
14522,186,-148,-9079,0,1,0,-1071
14523,187,-148,-9079,0,1,0,-1071
14524,188,-148,-9079,0,1,0,-1071
14525,189,-148,-9079,0,1,0,-986
14526,190,-148,-9079,0,1,0,-986
14527,191,-148,-9079,0,1,0,-986
14528,192,-148,-9079,0,1,0,-986
14529,193,-148,-9079,0,1,0,-986
14530,194,-148,-9079,0,1,0,-986
14531,195,-148,-9079,0,1,0,-986
14532,196,-148,-9079,0,1,0,-986
14533,197,-148,-9079,0,1,0,-986
14534,198,-148,-9079,0,1,0,-986
14535,199,-148,-9079,0,1,0,-986
14536,200,-148,-9079,0,1,0,-986
14537,201,-148,-9079,0,1,0,-986
14538,202,-148,-9079,0,1,0,-986
14539,203,-148,-9079,0,1,0,-986
14540,204,-148,-9079,0,1,0,-986
14541,205,-148,-9079,0,1,0,-986
14542,206,-148,-9079,0,1,0,-986
14543,207,-148,-9079,0,1,0,-986
14544,208,-148,-9079,0,1,0,-986
14545,209,-148,-9079,0,1,0,-986
14546,210,-148,-9079,0,1,0,-986
14547,211,-148,-9079,0,1,0,-986
14548,212,-148,-9079,0,1,0,-986
14549,213,-148,-9079,0,1,0,-986
14550,214,-148,-9079,0,1,0,-986
14551,215,-148,-9079,0,1,0,-986
14552,216,-148,-9079,0,1,0,-986
14553,217,-148,-9079,0,1,0,-986
14554,218,-148,-9079,0,1,0,-986
14555,219,-148,-9079,0,1,0,-986
14556,220,-148,-9079,0,1,0,-986
14557,221,-148,-9079,0,1,0,-877
14558,222,-148,-9079,0,1,0,-877
14559,223,-148,-9079,0,1,0,-877
14560,224,-148,-9079,0,1,0,-877
14561,225,-148,-9079,0,1,0,-877
14562,226,-148,-9079,0,1,0,-877
14563,227,-148,-9079,0,1,0,-877
14564,228,-148,-9079,0,1,0,-877
14565,229,-148,-9079,0,1,0,-877
14566,230,-148,-9079,0,1,0,-877
14567,231,-148,-9079,0,1,0,-877
14568,232,-148,-9079,0,1,0,-877
14569,233,-148,-9079,0,1,0,-877
14570,234,-148,-9079,0,1,0,-877
14571,235,-148,-9079,0,1,0,-877
14572,236,-148,-9079,0,1,0,-877
14573,237,-148,-9079,0,1,0,-877
14574,238,-148,-9079,0,1,0,-877
14575,239,-148,-9079,0,1,0,-877
14576,240,-148,-9079,0,1,0,-877
14577,241,-148,-9079,0,1,0,-877
14578,242,-148,-9079,0,1,0,-877
14579,243,-148,-9079,0,1,0,-877
14580,244,-148,-9079,0,1,0,-697
14581,245,-148,-9079,0,1,0,-697
14582,246,-148,-9079,0,1,0,-697
14583,247,-148,-9079,0,1,0,-697
14584,248,-148,-9079,0,1,0,-697
14585,249,-148,-9079,0,1,0,-697
14586,250,-148,-9079,0,1,0,-697
14587,251,-148,-9079,0,1,0,-697
14588,252,-148,-9079,0,1,0,-697
14589,253,-148,-9079,0,1,0,-697
14590,254,-148,-9079,0,1,0,-697
14591,255,-148,-9079,0,1,0,-697
14592,0,-148,-9079,0,1,0,-697
14593,1,-148,-9079,0,1,0,-697
14594,2,-148,-9079,0,1,0,-697
14595,3,-148,-9079,0,1,0,-697
14596,4,-148,-9079,0,1,0,-697
14597,5,-148,-9079,0,1,0,-697
14598,6,-148,-9079,0,1,0,-697
14599,7,-148,-9079,0,1,0,-697
14600,8,-148,-9079,0,1,0,-697
14601,9,-148,-9079,0,1,0,-697
14602,10,-148,-9079,0,1,0,-697
14603,11,-148,-9079,0,1,0,-697
14604,12,-148,-9079,0,1,0,-697
14605,13,-148,-9079,0,1,0,-697
14606,14,-148,-9079,0,1,0,-688
14607,15,-148,-9079,0,1,0,-688
14608,16,-148,-9079,0,1,0,-688
14609,17,-148,-9079,0,1,0,-688
14610,18,-148,-9079,0,1,0,-697
14611,19,-148,-9079,0,1,0,-697
14612,20,-148,-9079,0,1,0,-787
14613,21,-148,-9079,0,1,0,-787
14614,22,-148,-9079,0,1,0,-787
14615,23,-148,-9079,0,1,0,-787
14616,24,-148,-9079,0,1,0,-787
14617,25,-148,-9079,0,1,0,-787
14618,26,-148,-9079,0,1,0,-787
14619,27,-148,-9079,0,1,0,-787
14620,28,-148,-9079,0,1,0,-787
14621,29,-148,-9079,0,1,0,-787
14622,30,-148,-9079,0,1,0,-787
14623,31,-148,-9079,0,1,0,-787
14624,32,-148,-9079,0,1,0,-787
14625,33,-148,-9079,0,1,0,-787
14626,34,-148,-9079,0,1,0,-697
14627,35,-148,-9079,0,1,0,-697
14628,36,-148,-9079,0,1,0,-697
14629,37,-148,-9079,0,1,0,-697
14630,38,-148,-9079,0,1,0,-697
14631,39,-148,-9079,0,1,0,-697
14632,40,-148,-9079,0,1,0,-697
14633,41,-148,-9079,0,1,0,-697
14634,42,-148,-9079,0,1,0,-697
14635,43,-148,-9079,0,1,0,-697
14636,44,-148,-9079,0,1,0,-697
14637,45,-148,-9079,0,1,0,-697
14638,46,-148,-9079,0,1,0,-697
14639,47,-148,-9079,0,1,0,-697
14640,48,-148,-9079,0,1,0,-697
14641,49,-148,-9079,0,1,0,-697
14642,50,-148,-9079,0,1,0,-697
14643,51,-148,-9079,0,1,0,-697
14644,52,-148,-9079,0,1,0,-697
14645,53,-148,-9079,0,1,0,-697
14646,54,-148,-9079,0,1,0,-697
14647,55,-148,-9079,0,1,0,-697
14648,56,-148,-9079,0,1,0,-697
14649,57,-148,-9079,0,1,0,-697
14650,58,-148,-9079,0,1,0,-697
14651,59,-148,-9079,0,1,0,-697
14652,60,-148,-9079,0,1,0,-697
14653,61,-148,-9079,0,1,0,-697
14654,62,-148,-9079,0,1,0,-697
14655,63,-148,-9079,0,1,0,-697
14656,64,-148,-9079,0,1,0,-697
14657,65,-148,-9079,0,1,0,-697
14658,66,-148,-9079,0,1,0,-697
14659,67,-148,-9079,0,1,0,-697
14660,68,-148,-9079,0,1,0,-697
14661,69,-148,-9079,0,1,0,-697
14662,70,-148,-9079,0,1,0,-697
14663,71,-148,-9079,0,1,0,-572
14664,72,-148,-9079,0,1,0,-397
14665,73,-148,-9079,0,1,0,-397
14666,74,-148,-9079,0,1,0,-397
14667,75,-148,-9079,0,1,0,-397
14668,76,-148,-9079,0,1,0,-397
14669,77,-148,-9079,0,1,0,-397
14670,78,-148,-9079,0,1,0,-397
14671,79,-148,-9079,0,1,0,-397
14672,80,-148,-9079,0,1,0,-397
14673,81,-148,-9079,0,1,0,-397
14674,82,-148,-9079,0,1,0,-397
14675,83,-148,-9079,0,1,0,-397
14676,84,-148,-9079,0,1,0,-397
14677,85,-148,-9079,0,1,0,-447
14678,86,-148,-9079,0,1,0,-447
14679,87,-148,-9079,0,1,0,-497
14680,88,-148,-9079,0,1,0,-504
14681,89,-148,-9079,0,1,0,-504
14682,90,-148,-9079,0,1,0,-504
14683,91,-148,-9079,0,1,0,-389
14684,92,-148,-9079,0,1,0,-487
14685,93,-148,-9079,0,1,0,-487
14686,94,-148,-9079,0,1,0,-487
14687,95,-148,-9079,0,1,0,-487
14688,96,-148,-9079,0,1,0,-487
14689,97,-148,-9079,0,1,0,-487
14690,98,-148,-9079,0,1,0,-487
14691,99,-148,-9079,0,1,0,-487
14692,100,-148,-9079,0,1,0,-487
14693,101,-148,-9079,0,1,0,-487
14694,102,-148,-9079,0,1,0,-487
14695,103,-148,-9079,0,1,0,-487
14696,104,-148,-9079,0,1,0,-487
14697,105,-148,-9079,0,1,0,-487
14698,106,-148,-9079,0,1,0,-487
14699,107,-148,-9079,0,1,0,-487
14700,108,-148,-9079,0,1,0,-487
14701,109,-148,-9079,0,1,0,-487
14702,110,-148,-9079,0,1,0,-487
14703,111,-148,-9079,0,1,0,-487
14704,112,-148,-9079,0,1,0,-487
14705,113,-148,-9079,0,1,0,-487
14706,114,-148,-9079,0,1,0,-487
14707,115,-148,-9079,0,1,0,-487
14708,116,-148,-9079,0,1,0,-487
14709,117,-148,-9079,0,1,0,-487
14710,118,-148,-9079,0,1,0,-487
14711,119,-148,-9079,0,1,0,-487
14712,120,-148,-9079,0,1,0,-487
14713,121,-148,-9079,0,1,0,-487
14714,122,-148,-9079,0,1,0,-487
14715,123,-148,-9079,0,1,0,-487
14716,124,-148,-9079,0,1,0,-487
14717,125,-148,-9079,0,1,0,-489
14718,126,-148,-9079,0,1,0,-489
14719,127,-148,-9079,0,1,0,-489
14720,128,-148,-9079,0,1,0,-489
14721,129,-148,-9079,0,1,0,-489
14722,130,-148,-9079,0,1,0,-296
14723,131,-148,-9079,0,1,0,-296
14724,132,-148,-9079,0,1,0,-296
14725,133,-148,-9079,0,1,0,-296
14726,134,-148,-9079,0,1,0,-296
14727,135,-148,-9079,0,1,0,-296
14728,136,-148,-9079,0,1,0,-296
14729,137,-148,-9079,0,1,0,-296
14730,138,-148,-9079,0,1,0,-296
14731,139,-148,-9079,0,1,0,-296
14732,140,-148,-9079,0,1,0,-296
14733,141,-148,-9079,0,1,0,-296
14734,142,-148,-9079,0,1,0,-296
14735,143,-148,-9079,0,1,0,-296
14736,144,-148,-9079,0,1,0,-296
14737,145,-148,-9079,0,1,0,-296
14738,146,-148,-9079,0,1,0,-296
14739,147,-148,-9079,0,1,0,-296
14740,148,-148,-9079,0,1,0,-296
14741,149,-148,-9079,0,1,0,-406
14742,150,-148,-9079,0,1,0,-605
14743,151,-148,-9079,0,1,0,-605
14744,152,-148,-9079,0,1,0,-605
14745,153,-148,-9079,0,1,0,-605
14746,154,-148,-9079,0,1,0,-605
14747,155,-148,-9079,0,1,0,-605
14748,156,-148,-9079,0,1,0,-605
14749,157,-148,-9079,0,1,0,-605
14750,158,-148,-9079,0,1,0,-605
14751,159,-148,-9079,0,1,0,-795
14752,160,-148,-9079,0,1,0,-795
14753,161,-148,-9079,0,1,0,-795
14754,162,-148,-9079,0,1,0,-795
14755,163,-148,-9079,0,1,0,-795
14756,164,-148,-9079,0,1,0,-795
14757,165,-148,-9079,0,1,0,-795
14758,166,-148,-9079,0,1,0,-795
14759,167,-148,-9079,0,1,0,-795
14760,168,-148,-9079,0,1,0,-795
14761,169,-148,-9079,0,1,0,-795
14762,170,-148,-9079,0,1,0,-795
14763,171,-148,-9079,0,1,0,-795
14764,172,-148,-9079,0,1,0,-795
14765,173,-148,-9079,0,1,0,-894
14766,174,-148,-9079,0,1,0,-894
14767,175,-148,-9079,0,1,0,-894
14768,176,-148,-9079,0,1,0,-894
14769,177,-148,-9079,0,1,0,-894
14770,178,-148,-9079,0,1,0,-894
14771,179,-148,-9079,0,1,0,-894
14772,180,-148,-9079,0,1,0,-894
14773,181,-148,-9079,0,1,0,-894
14774,182,-148,-9079,0,1,0,-894
14775,183,-148,-9079,0,1,0,-894
14776,184,-148,-9079,0,1,0,-894
14777,185,-148,-9079,0,1,0,-894
14778,186,-148,-9079,0,1,0,-894
14779,187,-148,-9079,0,1,0,-894
14780,188,-148,-9079,0,1,0,-894
14781,189,-148,-9079,0,1,0,-894
14782,190,-148,-9079,0,1,0,-894
14783,191,-148,-9079,0,1,0,-895
14784,192,-148,-9079,0,1,0,-895
14785,193,-148,-9079,0,1,0,-895
14786,194,-148,-9079,0,1,0,-895
14787,195,-148,-9079,0,1,0,-895
14788,196,-148,-9079,0,1,0,-895
14789,197,-148,-9079,0,1,0,-895
14790,198,-148,-9079,0,1,0,-895
14791,199,-148,-9079,0,1,0,-895
14792,200,-148,-9079,0,1,0,-895
14793,201,-148,-9079,0,1,0,-895
14794,202,-148,-9079,0,1,0,-895
14795,203,-148,-9079,0,1,0,-895
14796,204,-148,-9079,0,1,0,-895
14797,205,-148,-9079,0,1,0,-895
14798,206,-148,-9079,0,1,0,-895
14799,207,-148,-9079,0,1,0,-895
14800,208,-148,-9079,0,1,0,-895
14801,209,-148,-9079,0,1,0,-895
14802,210,-148,-9079,0,1,0,-895
14803,211,-148,-9079,0,1,0,-985
14804,212,-148,-9079,0,1,0,-985
14805,213,-148,-9079,0,1,0,-985
14806,214,-148,-9079,0,1,0,-985
14807,215,-148,-9079,0,1,0,-985
14808,216,-148,-9079,0,1,0,-985
14809,217,-148,-9079,0,1,0,-985
14810,218,-148,-9079,0,1,0,-985
14811,219,-148,-9079,0,1,0,-985
14812,220,-148,-9079,0,1,0,-985
14813,221,-148,-9079,0,1,0,-985
14814,222,-148,-9079,0,1,0,-1110
14815,223,-148,-9079,0,1,0,-1110
14816,224,-148,-9079,0,1,0,-1110
14817,225,-148,-9079,0,1,0,-1110
14818,226,-148,-9079,0,1,0,-1110
14819,227,-148,-9079,0,1,0,-1110
14820,228,-148,-9079,0,1,0,-1110
14821,229,-148,-9079,0,1,0,-1110
14822,230,-148,-9079,0,1,0,-1110
14823,231,-148,-9079,0,1,0,-1285
14824,232,-148,-9079,0,1,0,-1285
14825,233,-148,-9079,0,1,0,-1285
14826,234,-148,-9079,0,1,0,-1285
14827,235,-148,-9079,0,1,0,-1285
14828,236,-148,-9079,0,1,0,-1285
14829,237,-148,-9079,0,1,0,-1285
14830,238,-148,-9079,0,1,0,-1285
14831,239,-148,-9079,0,1,0,-1285
14832,240,-148,-9079,0,1,0,-1285
14833,241,-148,-9079,0,1,0,-1285
14834,242,-148,-9079,0,1,0,-1285
14835,243,-148,-9079,0,1,0,-1285
14836,244,-148,-9079,0,1,0,-1285
14837,245,-148,-9079,0,1,0,-1285
14838,246,-148,-9079,0,1,0,-1285
14839,247,-148,-9079,0,1,0,-1285
14840,248,-148,-9079,0,1,0,-1285
14841,249,-148,-9079,0,1,0,-1285
14842,250,-148,-9079,0,1,0,-1285
14843,251,-148,-9079,0,1,0,-1285
14844,252,-148,-9079,0,1,0,-1310
14845,253,-148,-9079,0,1,0,-1310
14846,254,-148,-9079,0,1,0,-1310
14847,255,-148,-9079,0,1,0,-1310
14848,0,-148,-9079,0,1,0,-1310
14849,1,-148,-9079,0,1,0,-1310
14850,2,-148,-9079,0,1,0,-1310
14851,3,-148,-9079,0,1,0,-1310
14852,4,-148,-9079,0,1,0,-1310
14853,5,-148,-9079,0,1,0,-1310
14854,6,-148,-9079,0,1,0,-1356
14855,7,-148,-9079,0,1,0,-1356
14856,8,-148,-9079,0,1,0,-1356
14857,9,-148,-9079,0,1,0,-1356
14858,10,-148,-9079,0,1,0,-1356
14859,11,-148,-9079,0,1,0,-1356
14860,12,-148,-9079,0,1,0,-1356
14861,13,-148,-9079,0,1,0,-1356
14862,14,-148,-9079,0,1,0,-1356
14863,15,-148,-9079,0,1,0,-1356
14864,16,-148,-9079,0,1,0,-1356
14865,17,-148,-9079,0,1,0,-1356
14866,18,-148,-9079,0,1,0,-1331
14867,19,-148,-9079,0,1,0,-1331
14868,20,-148,-9079,0,1,0,-1331
14869,21,-148,-9079,0,1,0,-1271
14870,22,-148,-9079,0,1,0,-1271
14871,23,-148,-9079,0,1,0,-1271
14872,24,-148,-9079,0,1,0,-1271
14873,25,-148,-9079,0,1,0,-1271
14874,26,-148,-9079,0,1,0,-1271
14875,27,-148,-9079,0,1,0,-1271
14876,28,-148,-9079,0,1,0,-1271
14877,29,-148,-9079,0,1,0,-1271
14878,30,-148,-9079,0,1,0,-1271
14879,31,-148,-9079,0,1,0,-1271
14880,32,-148,-9079,0,1,0,-1271
14881,33,-148,-9079,0,1,0,-1271
14882,34,-148,-9079,0,1,0,-1271
14883,35,-148,-9079,0,1,0,-1271
14884,36,-148,-9079,0,1,0,-1271
14885,37,-148,-9079,0,1,0,-1271
14886,38,-148,-9079,0,1,0,-1271
14887,39,-148,-9079,0,1,0,-1271
14888,40,-148,-9079,0,1,0,-1271
14889,41,-148,-9079,0,1,0,-1368
14890,42,-148,-9079,0,1,0,-1368
14891,43,-148,-9079,0,1,0,-1368
14892,44,-148,-9079,0,1,0,-1368
14893,45,-148,-9079,0,1,0,-1368
14894,46,-148,-9079,0,1,0,-1368
14895,47,-148,-9079,0,1,0,-1368
14896,48,-148,-9079,0,1,0,-1368
14897,49,-148,-9079,0,1,0,-1161
14898,50,-148,-9079,0,1,0,-1161
14899,51,-148,-9079,0,1,0,-1161
14900,52,-148,-9079,0,1,0,-1161
14901,53,-148,-9079,0,1,0,-1161
14902,54,-148,-9079,0,1,0,-1161
14903,55,-148,-9079,0,1,0,-1051
14904,56,-148,-9079,0,1,0,-889
14905,57,-148,-9079,0,1,0,-889
14906,58,-148,-9079,0,1,0,-361
14907,59,-148,-9079,0,1,0,-361
14908,60,-148,-9079,0,1,0,-361
14909,61,-148,-9079,0,1,0,-361
14910,62,-148,-9079,0,1,0,-361
14911,63,-148,-9079,0,1,0,-361
14912,64,-148,-9079,0,1,0,-361
14913,65,-148,-9079,0,1,0,-361
14914,66,-148,-9079,0,1,0,-189
14915,67,-148,-9079,0,1,0,-189
14916,68,-148,-9079,0,1,0,-189
14917,69,-148,-9079,0,1,0,-189
14918,70,-148,-9079,0,1,0,-189
14919,71,-148,-9079,0,1,0,-189
14920,72,-148,-9079,0,1,0,-189
14921,73,-148,-9079,0,1,0,-189
14922,74,-148,-9079,0,1,0,-189
14923,75,-148,-9079,0,1,0,-189
14924,76,-148,-9079,0,1,0,-189
14925,77,-148,-9079,0,1,0,-189
14926,78,-148,-9079,0,1,0,-189
14927,79,-148,-9079,0,1,0,-189
14928,80,-148,-9079,0,1,0,-189
14929,81,-148,-9079,0,1,0,-189
14930,82,-148,-9079,0,1,0,-189
14931,83,-148,-9079,0,1,0,-61
14932,84,-148,-9079,0,1,0,-61
14933,85,-148,-9079,0,1,0,-61
14934,86,-148,-9079,0,1,0,-61
14935,87,-148,-9079,0,1,0,-61
14936,88,-148,-9079,0,1,0,-61
14937,89,-148,-9079,0,1,0,-61
14938,90,-148,-9079,0,1,0,-61
14939,91,-148,-9079,0,1,0,-61
14940,92,-148,-9079,0,1,0,-61
14941,93,-148,-9079,0,1,0,-61
14942,94,-148,-9079,0,1,0,-61
14943,95,-148,-9079,0,1,0,-61
14944,96,-148,-9079,0,1,0,-61
14945,97,-148,-9079,0,1,0,-61
14946,98,-148,-9079,0,1,0,-61
14947,99,-148,-9079,0,1,0,-61
14948,100,-148,-9079,0,1,0,-61
14949,101,-148,-9079,0,1,0,-61
14950,102,-148,-9079,0,1,0,-61
14951,103,-148,-9079,0,1,0,-61
14952,104,-148,-9079,0,1,0,-61
14953,105,-148,-9079,0,1,0,139
14954,106,-148,-9079,0,1,0,139
14955,107,-148,-9079,0,1,0,139
14956,108,-148,-9079,0,1,0,139
14957,109,-148,-9079,0,1,0,139
14958,110,-148,-9079,0,1,0,139
14959,111,-148,-9079,0,1,0,339
14960,112,-148,-9079,0,1,0,339
14961,113,-148,-9079,0,1,0,339
14962,114,-148,-9079,0,1,0,339
14963,115,-148,-9079,0,1,0,339
14964,116,-148,-9079,0,1,0,339
14965,117,-148,-9079,0,1,0,339
14966,118,-148,-9079,0,1,0,539
14967,119,-148,-9079,0,1,0,539
14968,120,-148,-9079,0,1,0,539
14969,121,-148,-9079,0,1,0,539
14970,122,-148,-9079,0,1,0,539
14971,123,-148,-9079,0,1,0,539
14972,124,-148,-9079,0,1,0,500
14973,125,-148,-9079,0,1,0,500
14974,126,-148,-9079,0,1,0,500
14975,127,-148,-9079,0,1,0,500
14976,128,-148,-9079,0,1,0,500
14977,129,-148,-9079,0,1,0,500
14978,130,-148,-9079,0,1,0,500
14979,131,-148,-9079,0,1,0,500
14980,132,-148,-9079,0,1,0,500
14981,133,-148,-9079,0,1,0,500
14982,134,-148,-9079,0,1,0,500
14983,135,-148,-9079,0,1,0,500
14984,136,-148,-9079,0,1,0,500
14985,137,-148,-9079,0,1,0,500
14986,138,-148,-9079,0,1,0,500
14987,139,-148,-9079,0,1,0,500
14988,140,-148,-9079,0,1,0,500
14989,141,-148,-9079,0,1,0,500
14990,142,-148,-9079,0,1,0,500
14991,143,-148,-9079,0,1,0,500
14992,144,-148,-9079,0,1,0,500
14993,145,-148,-9079,0,1,0,500
14994,146,-148,-9079,0,1,0,500
14995,147,-148,-9079,0,1,0,500
14996,148,-148,-9079,0,1,0,500
14997,149,-148,-9079,0,1,0,500
14998,150,-148,-9079,0,1,0,500
14999,151,-148,-9079,0,1,0,540
15000,152,-148,-9079,0,1,0,540
15001,153,-148,-9079,0,1,0,540
15002,154,-148,-9079,0,1,0,540
15003,155,-148,-9079,0,1,0,540
15004,156,-148,-9079,0,1,0,500
15005,157,-148,-9079,0,1,0,500
15006,158,-148,-9079,0,1,0,250
15007,159,-148,-9079,0,1,0,250
15008,160,-148,-9079,0,1,0,300
15009,161,-148,-9079,0,1,0,190
15010,162,-148,-9079,0,1,0,190
15011,163,-148,-9079,0,1,0,190
15012,164,-148,-9079,0,1,0,190
15013,165,-148,-9079,0,1,0,190
15014,166,-148,-9079,0,1,0,190
15015,167,-148,-9079,0,1,0,190
15016,168,-148,-9079,0,1,0,190
15017,169,-148,-9079,0,1,0,190
15018,170,-148,-9079,0,1,0,190
15019,171,-148,-9079,0,1,0,190
15020,172,-148,-9079,0,1,0,190
15021,173,-148,-9079,0,1,0,190
15022,174,-148,-9079,0,1,0,190
15023,175,-148,-9079,0,1,0,190
15024,176,-148,-9079,0,1,0,190
15025,177,-148,-9079,0,1,0,190
15026,178,-148,-9079,0,1,0,190
15027,179,-148,-9079,0,1,0,190
15028,180,-148,-9079,0,1,0,190
15029,181,-148,-9079,0,1,0,190
15030,182,-148,-9079,0,1,0,190
15031,183,-148,-9079,0,1,0,190
15032,184,-148,-9079,0,1,0,28
15033,185,-148,-9079,0,1,0,-500
15034,186,-148,-9079,0,1,0,-500
15035,187,-148,-9079,0,1,0,-500
15036,188,-148,-9079,0,1,0,-500
15037,189,-148,-9079,0,1,0,-500
15038,190,-148,-9079,0,1,0,-500
15039,191,-148,-9079,0,1,0,-500
15040,192,-148,-9079,0,1,0,-500
15041,193,-148,-9079,0,1,0,-500
15042,194,-148,-9079,0,1,0,-500
15043,195,-148,-9079,0,1,0,-500
15044,196,-148,-9079,0,1,0,-500
15045,197,-148,-9079,0,1,0,-500
15046,198,-148,-9079,0,1,0,-500
15047,199,-148,-9079,0,1,0,-500
15048,200,-148,-9079,0,1,0,-500
15049,201,-148,-9079,0,1,0,-500
15050,202,-148,-9079,0,1,0,-472
15051,203,-148,-9079,0,1,0,-472
15052,204,-148,-9079,0,1,0,-472
15053,205,-148,-9079,0,1,0,-472
15054,206,-148,-9079,0,1,0,-472
15055,207,-148,-9079,0,1,0,-472
15056,208,-148,-9079,0,1,0,-472
15057,209,-148,-9079,0,1,0,-472
15058,210,-148,-9079,0,1,0,-600
15059,211,-148,-9079,0,1,0,-600
15060,212,-148,-9079,0,1,0,-600
15061,213,-148,-9079,0,1,0,-600
15062,214,-148,-9079,0,1,0,-600
15063,215,-148,-9079,0,1,0,-600
15064,216,-148,-9079,0,1,0,-600
15065,217,-148,-9079,0,1,0,-703
15066,218,-148,-9079,0,1,0,-703
15067,219,-148,-9079,0,1,0,-703
15068,220,-148,-9079,0,1,0,-703
15069,221,-148,-9079,0,1,0,-703
15070,222,-148,-9079,0,1,0,-703
15071,223,-148,-9079,0,1,0,-903
15072,224,-148,-9079,0,1,0,-903
15073,225,-148,-9079,0,1,0,-903
15074,226,-148,-9079,0,1,0,-903
15075,227,-148,-9079,0,1,0,-903
15076,228,-148,-9079,0,1,0,-903
15077,229,-148,-9079,0,1,0,-903
15078,230,-148,-9079,0,1,0,-903
15079,231,-148,-9079,0,1,0,-903
15080,232,-148,-9079,0,1,0,-903
15081,233,-148,-9079,0,1,0,-903
15082,234,-148,-9079,0,1,0,-903
15083,235,-148,-9079,0,1,0,-903
15084,236,-148,-9079,0,1,0,-903
15085,237,-148,-9079,0,1,0,-903
15086,238,-148,-9079,0,1,0,-1002
15087,239,-148,-9079,0,1,0,-888
15088,240,-148,-9079,0,1,0,-888
15089,241,-148,-9079,0,1,0,-888
15090,242,-148,-9079,0,1,0,-688
15091,243,-148,-9079,0,1,0,-688
15092,244,-148,-9079,0,1,0,-688
15093,245,-148,-9079,0,1,0,-688
15094,246,-148,-9079,0,1,0,-688
15095,247,-148,-9079,0,1,0,-688
15096,248,-148,-9079,0,1,0,-688
15097,249,-148,-9079,0,1,0,-688
15098,250,-148,-9079,0,1,0,-688
15099,251,-148,-9079,0,1,0,-688
15100,252,-148,-9079,0,1,0,-688
15101,253,-148,-9079,0,1,0,-688
15102,254,-148,-9079,0,1,0,-688
15103,255,-148,-9079,0,1,0,-688
15104,0,-148,-9079,0,1,0,-688
15105,1,-148,-9079,0,1,0,-688
15106,2,-148,-9079,0,1,0,-688
15107,3,-148,-9079,0,1,0,-688
15108,4,-148,-9079,0,1,0,-688
15109,5,-148,-9079,0,1,0,-688
15110,6,-148,-9079,0,1,0,-688
15111,7,-148,-9079,0,1,0,-688
15112,8,-148,-9079,0,1,0,-688
15113,9,-148,-9079,0,1,0,-688
15114,10,-148,-9079,0,1,0,-688
15115,11,-148,-9079,0,1,0,-688
15116,12,-148,-9079,0,1,0,-688
15117,13,-148,-9079,0,1,0,-688
15118,14,-148,-9079,0,1,0,-643
15119,15,-148,-9079,0,1,0,-643
15120,16,-148,-9079,0,1,0,-643
15121,17,-148,-9079,0,1,0,-643
15122,18,-148,-9079,0,1,0,-643
15123,19,-148,-9079,0,1,0,-643
15124,20,-148,-9079,0,1,0,-643
15125,21,-148,-9079,0,1,0,-643
15126,22,-148,-9079,0,1,0,-643
15127,23,-148,-9079,0,1,0,-643
15128,24,-148,-9079,0,1,0,-643
15129,25,-148,-9079,0,1,0,-643
15130,26,-148,-9079,0,1,0,-643
15131,27,-148,-9079,0,1,0,-643
15132,28,-148,-9079,0,1,0,-643
15133,29,-148,-9079,0,1,0,-643
15134,30,-148,-9079,0,1,0,-643
15135,31,-148,-9079,0,1,0,-643
15136,32,-148,-9079,0,1,0,-643
15137,33,-148,-9079,0,1,0,-643
15138,34,-148,-9079,0,1,0,-463
15139,35,-148,-9079,0,1,0,-463
15140,36,-148,-9079,0,1,0,-463
15141,37,-148,-9079,0,1,0,-463
15142,38,-148,-9079,0,1,0,-463
15143,39,-148,-9079,0,1,0,-463
15144,40,-148,-9079,0,1,0,-463
15145,41,-148,-9079,0,1,0,-423
15146,42,-148,-9079,0,1,0,-423
15147,43,-148,-9079,0,1,0,-423
15148,44,-148,-9079,0,1,0,-423
15149,45,-148,-9079,0,1,0,-423
15150,46,-148,-9079,0,1,0,-423
15151,47,-148,-9079,0,1,0,-423
15152,48,-148,-9079,0,1,0,-423
15153,49,-148,-9079,0,1,0,-423
15154,50,-148,-9079,0,1,0,-423
15155,51,-148,-9079,0,1,0,-423
15156,52,-148,-9079,0,1,0,-473
15157,53,-148,-9079,0,1,0,-473
15158,54,-148,-9079,0,1,0,-473
15159,55,-148,-9079,0,1,0,-473
15160,56,-148,-9079,0,1,0,-473
15161,57,-148,-9079,0,1,0,-473
15162,58,-148,-9079,0,1,0,-473
15163,59,-148,-9079,0,1,0,-473
15164,60,-148,-9079,0,1,0,-473
15165,61,-148,-9079,0,1,0,-473
15166,62,-148,-9079,0,1,0,-473
15167,63,-148,-9079,0,1,0,-473
15168,64,-148,-9079,0,1,0,-473
15169,65,-148,-9079,0,1,0,-473
15170,66,-148,-9079,0,1,0,-473
15171,67,-148,-9079,0,1,0,-473
15172,68,-148,-9079,0,1,0,-473
15173,69,-148,-9079,0,1,0,-473
15174,70,-148,-9079,0,1,0,-473
15175,71,-148,-9079,0,1,0,-473
15176,72,-148,-9079,0,1,0,-473
15177,73,-148,-9079,0,1,0,-438
15178,74,-148,-9079,0,1,0,-438
15179,75,-148,-9079,0,1,0,-438
15180,76,-148,-9079,0,1,0,-438
15181,77,-148,-9079,0,1,0,-438
15182,78,-148,-9079,0,1,0,-438
15183,79,-148,-9079,0,1,0,-438
15184,80,-148,-9079,0,1,0,-438
15185,81,-148,-9079,0,1,0,-438
15186,82,-148,-9079,0,1,0,-438
15187,83,-148,-9079,0,1,0,-438
15188,84,-148,-9079,0,1,0,-438
15189,85,-148,-9079,0,1,0,-438
15190,86,-148,-9079,0,1,0,-438
15191,87,-148,-9079,0,1,0,-438
15192,88,-148,-9079,0,1,0,-438
15193,89,-148,-9079,0,1,0,-438
15194,90,-148,-9079,0,1,0,-438
15195,91,-148,-9079,0,1,0,-438
15196,92,-148,-9079,0,1,0,-438
15197,93,-148,-9079,0,1,0,-438
15198,94,-148,-9079,0,1,0,-438
15199,95,-148,-9079,0,1,0,-438
15200,96,-148,-9079,0,1,0,-438
15201,97,-148,-9079,0,1,0,-438
15202,98,-148,-9079,0,1,0,-438
15203,99,-148,-9079,0,1,0,-438
15204,100,-148,-9079,0,1,0,-438
15205,101,-148,-9079,0,1,0,-438
15206,102,-148,-9079,0,1,0,-438
15207,103,-148,-9079,0,1,0,-638
15208,104,-148,-9079,0,1,0,-638
15209,105,-148,-9079,0,1,0,-638
15210,106,-148,-9079,0,1,0,-638
15211,107,-148,-9079,0,1,0,-638
15212,108,-148,-9079,0,1,0,-638
15213,109,-148,-9079,0,1,0,-638
15214,110,-148,-9079,0,1,0,-638
15215,111,-148,-9079,0,1,0,-607
15216,112,-148,-9079,0,1,0,-538
15217,113,-148,-9079,0,1,0,-538
15218,114,-148,-9079,0,1,0,-538
15219,115,-148,-9079,0,1,0,-538
15220,116,-148,-9079,0,1,0,-538
15221,117,-148,-9079,0,1,0,-538
15222,118,-148,-9079,0,1,0,-538
15223,119,-148,-9079,0,1,0,-538
15224,120,-148,-9079,0,1,0,-538
15225,121,-148,-9079,0,1,0,-538
15226,122,-148,-9079,0,1,0,-538
15227,123,-148,-9079,0,1,0,-538
15228,124,-148,-9079,0,1,0,-538
15229,125,-148,-9079,0,1,0,-538
15230,126,-148,-9079,0,1,0,-635
15231,127,-148,-9079,0,1,0,-635
15232,128,-148,-9079,0,1,0,-635
15233,129,-148,-9079,0,1,0,-726
15234,130,-148,-9079,0,1,0,-726
15235,131,-148,-9079,0,1,0,-750
15236,132,-148,-9079,0,1,0,-875
15237,133,-148,-9079,0,1,0,-875
15238,134,-148,-9079,0,1,0,-975
15239,135,-148,-9079,0,1,0,-1175
15240,136,-148,-9079,0,1,0,-1175
15241,137,-148,-9079,0,1,0,-1175
15242,138,-148,-9079,0,1,0,-1175
15243,139,-148,-9079,0,1,0,-1175
15244,140,-148,-9079,0,1,0,-1175
15245,141,-148,-9079,0,1,0,-1175
15246,142,-148,-9079,0,1,0,-1175
15247,143,-148,-9079,0,1,0,-1175
15248,144,-148,-9079,0,1,0,-1175
15249,145,-148,-9079,0,1,0,-1215
15250,146,-148,-9079,0,1,0,-1215
15251,147,-148,-9079,0,1,0,-1215
15252,148,-148,-9079,0,1,0,-1215
15253,149,-148,-9079,0,1,0,-1215
15254,150,-148,-9079,0,1,0,-1215
15255,151,-148,-9079,0,1,0,-1215
15256,152,-148,-9079,0,1,0,-1215
15257,153,-148,-9079,0,1,0,-1215
15258,154,-148,-9079,0,1,0,-1215
15259,155,-148,-9079,0,1,0,-1165
15260,156,-148,-9079,0,1,0,-1165
15261,157,-148,-9079,0,1,0,-1165
15262,158,-148,-9079,0,1,0,-1165
15263,159,-148,-9079,0,1,0,-1050
15264,160,-148,-9079,0,1,0,-1050
15265,161,-148,-9079,0,1,0,-1050
15266,162,-148,-9079,0,1,0,-1050
15267,163,-148,-9079,0,1,0,-1050
15268,164,-148,-9079,0,1,0,-1050
15269,165,-148,-9079,0,1,0,-1050
15270,166,-148,-9079,0,1,0,-1050
15271,167,-148,-9079,0,1,0,-1050
15272,168,-148,-9079,0,1,0,-1050
15273,169,-148,-9079,0,1,0,-1050
15274,170,-148,-9079,0,1,0,-1050
15275,171,-148,-9079,0,1,0,-1050
15276,172,-148,-9079,0,1,0,-1050
15277,173,-148,-9079,0,1,0,-1050
15278,174,-148,-9079,0,1,0,-1050
15279,175,-148,-9079,0,1,0,-1050
15280,176,-148,-9079,0,1,0,-1050
15281,177,-148,-9079,0,1,0,-1050
15282,178,-148,-9079,0,1,0,-1050
15283,179,-148,-9079,0,1,0,-1050
15284,180,-148,-9079,0,1,0,-1050
15285,181,-148,-9079,0,1,0,-1050
15286,182,-148,-9079,0,1,0,-1050
15287,183,-148,-9079,0,1,0,-1050
15288,184,-148,-9079,0,1,0,-1050
15289,185,-148,-9079,0,1,0,-1050
15290,186,-148,-9079,0,1,0,-1050
15291,187,-148,-9079,0,1,0,-1050
15292,188,-148,-9079,0,1,0,-1050
15293,189,-148,-9079,0,1,0,-1050
15294,190,-148,-9079,0,1,0,-1050
15295,191,-148,-9079,0,1,0,-1050
15296,192,-148,-9079,0,1,0,-1050
15297,193,-148,-9079,0,1,0,-1050
15298,194,-148,-9079,0,1,0,-1050
15299,195,-148,-9079,0,1,0,-1050
15300,196,-148,-9079,0,1,0,-1050
15301,197,-148,-9079,0,1,0,-1050
15302,198,-148,-9079,0,1,0,-1050
15303,199,-148,-9079,0,1,0,-1050
15304,200,-148,-9079,0,1,0,-1050
15305,201,-148,-9079,0,1,0,-1050
15306,202,-148,-9079,0,1,0,-1050
15307,203,-148,-9079,0,1,0,-1050
15308,204,-148,-9079,0,1,0,-1050
15309,205,-148,-9079,0,1,0,-1050
15310,206,-148,-9079,0,1,0,-1050
15311,207,-148,-9079,0,1,0,-1050
15312,208,-148,-9079,0,1,0,-1050
15313,209,-148,-9079,0,1,0,-1050
15314,210,-148,-9079,0,1,0,-1050
15315,211,-148,-9079,0,1,0,-1050
15316,212,-148,-9079,0,1,0,-1050
15317,213,-148,-9079,0,1,0,-1050
15318,214,-148,-9079,0,1,0,-1050
15319,215,-148,-9079,0,1,0,-968
15320,216,-148,-9079,0,1,0,-968
15321,217,-148,-9079,0,1,0,-968
15322,218,-148,-9079,0,1,0,-968
15323,219,-148,-9079,0,1,0,-968
15324,220,-148,-9079,0,1,0,-968
15325,221,-148,-9079,0,1,0,-968
15326,222,-148,-9079,0,1,0,-968
15327,223,-148,-9079,0,1,0,-968
15328,224,-148,-9079,0,1,0,-968
15329,225,-148,-9079,0,1,0,-968
15330,226,-148,-9079,0,1,0,-968
15331,227,-148,-9079,0,1,0,-968
15332,228,-148,-9079,0,1,0,-968
15333,229,-148,-9079,0,1,0,-968
15334,230,-148,-9079,0,1,0,-968
15335,231,-148,-9079,0,1,0,-968
15336,232,-148,-9079,0,1,0,-968
15337,233,-148,-9079,0,1,0,-968
15338,234,-148,-9079,0,1,0,-968
15339,235,-148,-9079,0,1,0,-968
15340,236,-148,-9079,0,1,0,-968
15341,237,-148,-9079,0,1,0,-968
15342,238,-148,-9079,0,1,0,-668
15343,239,-148,-9079,0,1,0,-668
15344,240,-148,-9079,0,1,0,-668
15345,241,-148,-9079,0,1,0,-668
15346,242,-148,-9079,0,1,0,-668
15347,243,-148,-9079,0,1,0,-668
15348,244,-148,-9079,0,1,0,-668
15349,245,-148,-9079,0,1,0,-668
15350,246,-148,-9079,0,1,0,-668
15351,247,-148,-9079,0,1,0,-543
15352,248,-148,-9079,0,1,0,-424
15353,249,-148,-9079,0,1,0,-424
15354,250,-148,-9079,0,1,0,-424
15355,251,-148,-9079,0,1,0,-424
15356,252,-148,-9079,0,1,0,-424
15357,253,-148,-9079,0,1,0,-424
15358,254,-148,-9079,0,1,0,-424
15359,255,-148,-9079,0,1,0,-424
15360,0,-148,-9079,0,1,0,-424
15361,1,-148,-9079,0,1,0,-424
15362,2,-148,-9079,0,1,0,-424
15363,3,-148,-9079,0,1,0,-424
15364,4,-148,-9079,0,1,0,-424
15365,5,-148,-9079,0,1,0,-424
15366,6,-148,-9079,0,1,0,-424
15367,7,-148,-9079,0,1,0,-424
15368,8,-148,-9079,0,1,0,-424
15369,9,-148,-9079,0,1,0,-424
15370,10,-148,-9079,0,1,0,-424
15371,11,-148,-9079,0,1,0,-424
15372,12,-148,-9079,0,1,0,-424
15373,13,-148,-9079,0,1,0,-424
15374,14,-148,-9079,0,1,0,-424
15375,15,-148,-9079,0,1,0,-424
15376,16,-148,-9079,0,1,0,-424
15377,17,-148,-9079,0,1,0,-424
15378,18,-148,-9079,0,1,0,-424
15379,19,-148,-9079,0,1,0,-424
15380,20,-148,-9079,0,1,0,-424
15381,21,-148,-9079,0,1,0,-424
15382,22,-148,-9079,0,1,0,-424
15383,23,-148,-9079,0,1,0,-424
15384,24,-148,-9079,0,1,0,-424
15385,25,-148,-9079,0,1,0,-424
15386,26,-148,-9079,0,1,0,-424
15387,27,-148,-9079,0,1,0,-424
15388,28,-148,-9079,0,1,0,-424
15389,29,-148,-9079,0,1,0,-424
15390,30,-148,-9079,0,1,0,-424
15391,31,-148,-9079,0,1,0,-343
15392,32,-148,-9079,0,1,0,-143
15393,33,-148,-9079,0,1,0,-143
15394,34,-148,-9079,0,1,0,-143
15395,35,-148,-9079,0,1,0,-143
15396,36,-148,-9079,0,1,0,-143
15397,37,-148,-9079,0,1,0,-143
15398,38,-148,-9079,0,1,0,-143
15399,39,-148,-9079,0,1,0,-143
15400,40,-148,-9079,0,1,0,-143
15401,41,-148,-9079,0,1,0,-143
15402,42,-148,-9079,0,1,0,-143
15403,43,-148,-9079,0,1,0,-75
15404,44,-148,-9079,0,1,0,-75
15405,45,-148,-9079,0,1,0,-75
15406,46,-148,-9079,0,1,0,-107
15407,47,-148,-9079,0,1,0,-107
15408,48,-148,-9079,0,1,0,-107
15409,49,-148,-9079,0,1,0,-107
15410,50,-148,-9079,0,1,0,-107
15411,51,-148,-9079,0,1,0,-107
15412,52,-148,-9079,0,1,0,-107
15413,53,-148,-9079,0,1,0,-107
15414,54,-148,-9079,0,1,0,-107
15415,55,-148,-9079,0,1,0,-107
15416,56,-148,-9079,0,1,0,-107
15417,57,-148,-9079,0,1,0,-107
15418,58,-148,-9079,0,1,0,-107
15419,59,-148,-9079,0,1,0,-107
15420,60,-148,-9079,0,1,0,-107
15421,61,-148,-9079,0,1,0,-107
15422,62,-148,-9079,0,1,0,-107
15423,63,-148,-9079,0,1,0,-107
15424,64,-148,-9079,0,1,0,-107
15425,65,-148,-9079,0,1,0,-197
15426,66,-148,-9079,0,1,0,-197
15427,67,-148,-9079,0,1,0,-197
15428,68,-148,-9079,0,1,0,-197
15429,69,-148,-9079,0,1,0,-197
15430,70,-148,-9079,0,1,0,-197
15431,71,-148,-9079,0,1,0,-197
15432,72,-148,-9079,0,1,0,-197
15433,73,-148,-9079,0,1,0,-197
15434,74,-148,-9079,0,1,0,-197
15435,75,-148,-9079,0,1,0,-197
15436,76,-148,-9079,0,1,0,-197
15437,77,-148,-9079,0,1,0,-197
15438,78,-148,-9079,0,1,0,-197
15439,79,-148,-9079,0,1,0,-197
15440,80,-148,-9079,0,1,0,-197
15441,81,-148,-9079,0,1,0,-197
15442,82,-148,-9079,0,1,0,-197
15443,83,-148,-9079,0,1,0,-197
15444,84,-148,-9079,0,1,0,-197
15445,85,-148,-9079,0,1,0,-197
15446,86,-148,-9079,0,1,0,-272
15447,87,-148,-9079,0,1,0,-272
15448,88,-148,-9079,0,1,0,-272
15449,89,-148,-9079,0,1,0,-272
15450,90,-148,-9079,0,1,0,-272
15451,91,-148,-9079,0,1,0,-272
15452,92,-148,-9079,0,1,0,-272
15453,93,-148,-9079,0,1,0,-272
15454,94,-148,-9079,0,1,0,-272
15455,95,-148,-9079,0,1,0,-272
15456,96,-148,-9079,0,1,0,-272
15457,97,-148,-9079,0,1,0,-272
15458,98,-148,-9079,0,1,0,-272
15459,99,-148,-9079,0,1,0,-272
15460,100,-148,-9079,0,1,0,-272
15461,101,-148,-9079,0,1,0,-272
15462,102,-148,-9079,0,1,0,-272
15463,103,-148,-9079,0,1,0,-272
15464,104,-148,-9079,0,1,0,-272
15465,105,-148,-9079,0,1,0,-272
15466,106,-148,-9079,0,1,0,-272
15467,107,-148,-9079,0,1,0,-272
15468,108,-148,-9079,0,1,0,-272
15469,109,-148,-9079,0,1,0,-272
15470,110,-148,-9079,0,1,0,-272
15471,111,-148,-9079,0,1,0,-272
15472,112,-148,-9079,0,1,0,-272
15473,113,-148,-9079,0,1,0,-272
15474,114,-148,-9079,0,1,0,-272
15475,115,-148,-9079,0,1,0,-272
15476,116,-148,-9079,0,1,0,-272
15477,117,-148,-9079,0,1,0,-272
15478,118,-148,-9079,0,1,0,-272
15479,119,-148,-9079,0,1,0,-297
15480,120,-148,-9079,0,1,0,-297
15481,121,-148,-9079,0,1,0,-297
15482,122,-148,-9079,0,1,0,-297
15483,123,-148,-9079,0,1,0,-297
15484,124,-148,-9079,0,1,0,-297
15485,125,-148,-9079,0,1,0,-198
15486,126,-148,-9079,0,1,0,-198
15487,127,-148,-9079,0,1,0,-103
15488,128,-148,-9079,0,1,0,-54
15489,129,-148,-9079,0,1,0,-247
15490,130,-148,-9079,0,1,0,-245
15491,131,-148,-9079,0,1,0,-245
15492,132,-148,-9079,0,1,0,-245
15493,133,-148,-9079,0,1,0,-245
15494,134,-148,-9079,0,1,0,-245
15495,135,-148,-9079,0,1,0,-232
15496,136,-148,-9079,0,1,0,-232
15497,137,-148,-9079,0,1,0,-527
15498,138,-148,-9079,0,1,0,-652
15499,139,-148,-9079,0,1,0,-652
15500,140,-148,-9079,0,1,0,-652
15501,141,-148,-9079,0,1,0,-652
15502,142,-148,-9079,0,1,0,-652
15503,143,-148,-9079,0,1,0,-652
15504,144,-148,-9079,0,1,0,-703
15505,145,-148,-9079,0,1,0,-703
15506,146,-148,-9079,0,1,0,-703
15507,147,-148,-9079,0,1,0,-703
15508,148,-148,-9079,0,1,0,-852
15509,149,-148,-9079,0,1,0,-1052
15510,150,-148,-9079,0,1,0,-1052
15511,151,-148,-9079,0,1,0,-1052
15512,152,-148,-9079,0,1,0,-1052
15513,153,-148,-9079,0,1,0,-1052
15514,154,-148,-9079,0,1,0,-1052
15515,155,-148,-9079,0,1,0,-1052
15516,156,-148,-9079,0,1,0,-1052
15517,157,-148,-9079,0,1,0,-1052
15518,158,-148,-9079,0,1,0,-1052
15519,159,-148,-9079,0,1,0,-1052
15520,160,-148,-9079,0,1,0,-1120
15521,161,-148,-9079,0,1,0,-1120
15522,162,-148,-9079,0,1,0,-1120
15523,163,-148,-9079,0,1,0,-1120
15524,164,-148,-9079,0,1,0,-1120
15525,165,-148,-9079,0,1,0,-1120
15526,166,-148,-9079,0,1,0,-1120
15527,167,-148,-9079,0,1,0,-1120
15528,168,-148,-9079,0,1,0,-1120
15529,169,-148,-9079,0,1,0,-1120
15530,170,-148,-9079,0,1,0,-1098
15531,171,-148,-9079,0,1,0,-1098
15532,172,-148,-9079,0,1,0,-1098
15533,173,-148,-9079,0,1,0,-1098
15534,174,-148,-9079,0,1,0,-1098
15535,175,-148,-9079,0,1,0,-1194
15536,176,-148,-9079,0,1,0,-1194
15537,177,-148,-9079,0,1,0,-1194
15538,178,-148,-9079,0,1,0,-1194
15539,179,-148,-9079,0,1,0,-1194
15540,180,-148,-9079,0,1,0,-1194
15541,181,-148,-9079,0,1,0,-1194
15542,182,-148,-9079,0,1,0,-1194
15543,183,-148,-9079,0,1,0,-1194
15544,184,-148,-9079,0,1,0,-1194
15545,185,-148,-9079,0,1,0,-1194
15546,186,-148,-9079,0,1,0,-1194
15547,187,-148,-9079,0,1,0,-1194
15548,188,-148,-9079,0,1,0,-1194
15549,189,-148,-9079,0,1,0,-1194
15550,190,-148,-9079,0,1,0,-1194
15551,191,-148,-9079,0,1,0,-1194
15552,192,-148,-9079,0,1,0,-1130
15553,193,-148,-9079,0,1,0,-1130
15554,194,-148,-9079,0,1,0,-1130
15555,195,-148,-9079,0,1,0,-1130
15556,196,-148,-9079,0,1,0,-1130
15557,197,-148,-9079,0,1,0,-1130
15558,198,-148,-9079,0,1,0,-1130
15559,199,-148,-9079,0,1,0,-1134
15560,200,-148,-9079,0,1,0,-1134
15561,201,-148,-9079,0,1,0,-1134
15562,202,-148,-9079,0,1,0,-1029
15563,203,-148,-9079,0,1,0,-1029
15564,204,-148,-9079,0,1,0,-1029
15565,205,-148,-9079,0,1,0,-1029
15566,206,-148,-9079,0,1,0,-1123
15567,207,-148,-9079,0,1,0,-1130
15568,208,-148,-9079,0,1,0,-1130
15569,209,-148,-9079,0,1,0,-1130
15570,210,-148,-9079,0,1,0,-1130
15571,211,-148,-9079,0,1,0,-1130
15572,212,-148,-9079,0,1,0,-1130
15573,213,-148,-9079,0,1,0,-1130
15574,214,-148,-9079,0,1,0,-1130
15575,215,-148,-9079,0,1,0,-1132
15576,216,-148,-9079,0,1,0,-1132
15577,217,-148,-9079,0,1,0,-1132
15578,218,-148,-9079,0,1,0,-1132
15579,219,-148,-9079,0,1,0,-1227
15580,220,-148,-9079,0,1,0,-1227
15581,221,-148,-9079,0,1,0,-1227
15582,222,-148,-9079,0,1,0,-1227
15583,223,-148,-9079,0,1,0,-1227
15584,224,-148,-9079,0,1,0,-1227
15585,225,-148,-9079,0,1,0,-1227
15586,226,-148,-9079,0,1,0,-1227
15587,227,-148,-9079,0,1,0,-1227
15588,228,-148,-9079,0,1,0,-1227
15589,229,-148,-9079,0,1,0,-1227
15590,230,-148,-9079,0,1,0,-1227
15591,231,-148,-9079,0,1,0,-1227
15592,232,-148,-9079,0,1,0,-1227
15593,233,-148,-9079,0,1,0,-1141
15594,234,-148,-9079,0,1,0,-1141
15595,235,-148,-9079,0,1,0,-1141
15596,236,-148,-9079,0,1,0,-1132
15597,237,-148,-9079,0,1,0,-1231
15598,238,-148,-9079,0,1,0,-1231
15599,239,-148,-9079,0,1,0,-1231
15600,240,-148,-9079,0,1,0,-1231
15601,241,-148,-9079,0,1,0,-1231
15602,242,-148,-9079,0,1,0,-1231
15603,243,-148,-9079,0,1,0,-1232
15604,244,-148,-9079,0,1,0,-1232
15605,245,-148,-9079,0,1,0,-1232
15606,246,-148,-9079,0,1,0,-1232
15607,247,-148,-9079,0,1,0,-1232
15608,248,-148,-9079,0,1,0,-1232
15609,249,-148,-9079,0,1,0,-1232
15610,250,-148,-9079,0,1,0,-1232
15611,251,-148,-9079,0,1,0,-1232
15612,252,-148,-9079,0,1,0,-1232
15613,253,-148,-9079,0,1,0,-1232
15614,254,-148,-9079,0,1,0,-1232
15615,255,-148,-9079,0,1,0,-1232
15616,0,-148,-9079,0,1,0,-1232
15617,1,-148,-9079,0,1,0,-1232
15618,2,-148,-9079,0,1,0,-1232
15619,3,-148,-9079,0,1,0,-1232
15620,4,-148,-9079,0,1,0,-1232
15621,5,-148,-9079,0,1,0,-1232
15622,6,-148,-9079,0,1,0,-1232
15623,7,-148,-9079,0,1,0,-1232
15624,8,-148,-9079,0,1,0,-1232
15625,9,-148,-9079,0,1,0,-1232
15626,10,-148,-9079,0,1,0,-1232
15627,11,-148,-9079,0,1,0,-1232
15628,12,-148,-9079,0,1,0,-1232
15629,13,-148,-9079,0,1,0,-1232
15630,14,-148,-9079,0,1,0,-1232
15631,15,-148,-9079,0,1,0,-1232
15632,16,-148,-9079,0,1,0,-1232
15633,17,-148,-9079,0,1,0,-1232
15634,18,-148,-9079,0,1,0,-1232
15635,19,-148,-9079,0,1,0,-1232
15636,20,-148,-9079,0,1,0,-1232
15637,21,-148,-9079,0,1,0,-1232
15638,22,-148,-9079,0,1,0,-1232
15639,23,-148,-9079,0,1,0,-1232
15640,24,-148,-9079,0,1,0,-1232
15641,25,-148,-9079,0,1,0,-1232
15642,26,-148,-9079,0,1,0,-1232
15643,27,-148,-9079,0,1,0,-1232
15644,28,-148,-9079,0,1,0,-1232
15645,29,-148,-9079,0,1,0,-1232
15646,30,-148,-9079,0,1,0,-1232
15647,31,-148,-9079,0,1,0,-1232
15648,32,-148,-9079,0,1,0,-1232
15649,33,-148,-9079,0,1,0,-1232
15650,34,-148,-9079,0,1,0,-1232
15651,35,-148,-9079,0,1,0,-1232
15652,36,-148,-9079,0,1,0,-1232
15653,37,-148,-9079,0,1,0,-1232
15654,38,-148,-9079,0,1,0,-1232
15655,39,-148,-9079,0,1,0,-1136
15656,40,-148,-9079,0,1,0,-1136
15657,41,-148,-9079,0,1,0,-1136
15658,42,-148,-9079,0,1,0,-1136
15659,43,-148,-9079,0,1,0,-1136
15660,44,-148,-9079,0,1,0,-1136
15661,45,-148,-9079,0,1,0,-1136
15662,46,-148,-9079,0,1,0,-1136
15663,47,-148,-9079,0,1,0,-1136
15664,48,-148,-9079,0,1,0,-1136
15665,49,-148,-9079,0,1,0,-1136
15666,50,-148,-9079,0,1,0,-1136
15667,51,-148,-9079,0,1,0,-1136
15668,52,-148,-9079,0,1,0,-1136
15669,53,-148,-9079,0,1,0,-1136
15670,54,-148,-9079,0,1,0,-1136
15671,55,-148,-9079,0,1,0,-1136
15672,56,-148,-9079,0,1,0,-1136
15673,57,-148,-9079,0,1,0,-1136
15674,58,-148,-9079,0,1,0,-1136
15675,59,-148,-9079,0,1,0,-1136
15676,60,-148,-9079,0,1,0,-1136
15677,61,-148,-9079,0,1,0,-1136
15678,62,-148,-9079,0,1,0,-1136
15679,63,-148,-9079,0,1,0,-1136
15680,64,-148,-9079,0,1,0,-1136
15681,65,-148,-9079,0,1,0,-1136
15682,66,-148,-9079,0,1,0,-1136
15683,67,-148,-9079,0,1,0,-1136
15684,68,-148,-9079,0,1,0,-1136
15685,69,-148,-9079,0,1,0,-1136
15686,70,-148,-9079,0,1,0,-1136
15687,71,-148,-9079,0,1,0,-1136
15688,72,-148,-9079,0,1,0,-1136
15689,73,-148,-9079,0,1,0,-1136
15690,74,-148,-9079,0,1,0,-1136
15691,75,-148,-9079,0,1,0,-1136
15692,76,-148,-9079,0,1,0,-1136
15693,77,-148,-9079,0,1,0,-1136
15694,78,-148,-9079,0,1,0,-1136
15695,79,-148,-9079,0,1,0,-1136
15696,80,-148,-9079,0,1,0,-1136
15697,81,-148,-9079,0,1,0,-1136
15698,82,-148,-9079,0,1,0,-1136
15699,83,-148,-9079,0,1,0,-1136
15700,84,-148,-9079,0,1,0,-1136
15701,85,-148,-9079,0,1,0,-1136
15702,86,-148,-9079,0,1,0,-1136
15703,87,-148,-9079,0,1,0,-1136
15704,88,-148,-9079,0,1,0,-1136
15705,89,-148,-9079,0,1,0,-1136
15706,90,-148,-9079,0,1,0,-1136
15707,91,-148,-9079,0,1,0,-1136
15708,92,-148,-9079,0,1,0,-1136
15709,93,-148,-9079,0,1,0,-1136
15710,94,-148,-9079,0,1,0,-1136
15711,95,-148,-9079,0,1,0,-1136
15712,96,-148,-9079,0,1,0,-1136
15713,97,-148,-9079,0,1,0,-1136
15714,98,-148,-9079,0,1,0,-1136
15715,99,-148,-9079,0,1,0,-1136
15716,100,-148,-9079,0,1,0,-1136
15717,101,-148,-9079,0,1,0,-1136
15718,102,-148,-9079,0,1,0,-1136
15719,103,-148,-9079,0,1,0,-1136
15720,104,-148,-9079,0,1,0,-1136
15721,105,-148,-9079,0,1,0,-1136
15722,106,-148,-9079,0,1,0,-1136
15723,107,-148,-9079,0,1,0,-1136
15724,108,-148,-9079,0,1,0,-1037
15725,109,-148,-9079,0,1,0,-1002
15726,110,-148,-9079,0,1,0,-1027
15727,111,-148,-9079,0,1,0,-1227
15728,112,-148,-9079,0,1,0,-1227
15729,113,-148,-9079,0,1,0,-1227
15730,114,-148,-9079,0,1,0,-1227
15731,115,-148,-9079,0,1,0,-1227
15732,116,-148,-9079,0,1,0,-1227
15733,117,-148,-9079,0,1,0,-1227
15734,118,-148,-9079,0,1,0,-1227
15735,119,-148,-9079,0,1,0,-1227
15736,120,-148,-9079,0,1,0,-1227
15737,121,-148,-9079,0,1,0,-1227
15738,122,-148,-9079,0,1,0,-1227
15739,123,-148,-9079,0,1,0,-1227
15740,124,-148,-9079,0,1,0,-1227
15741,125,-148,-9079,0,1,0,-1227
15742,126,-148,-9079,0,1,0,-1227
15743,127,-148,-9079,0,1,0,-1227
15744,128,-148,-9079,0,1,0,-1227
15745,129,-148,-9079,0,1,0,-1126
15746,130,-148,-9079,0,1,0,-1126
15747,131,-148,-9079,0,1,0,-1126
15748,132,-148,-9079,0,1,0,-1126
15749,133,-148,-9079,0,1,0,-998
15750,134,-148,-9079,0,1,0,-998
15751,135,-148,-9079,0,1,0,-998
15752,136,-148,-9079,0,1,0,-998
15753,137,-148,-9079,0,1,0,-998
15754,138,-148,-9079,0,1,0,-998
15755,139,-148,-9079,0,1,0,-998
15756,140,-148,-9079,0,1,0,-998
15757,141,-148,-9079,0,1,0,-998
15758,142,-148,-9079,0,1,0,-998
15759,143,-148,-9079,0,1,0,-998
15760,144,-148,-9079,0,1,0,-998
15761,145,-148,-9079,0,1,0,-998
15762,146,-148,-9079,0,1,0,-998
15763,147,-148,-9079,0,1,0,-998
15764,148,-148,-9079,0,1,0,-998
15765,149,-148,-9079,0,1,0,-998
15766,150,-148,-9079,0,1,0,-998
15767,151,-148,-9079,0,1,0,-998
15768,152,-148,-9079,0,1,0,-998
15769,153,-148,-9079,0,1,0,-998
15770,154,-148,-9079,0,1,0,-998
15771,155,-148,-9079,0,1,0,-998
15772,156,-148,-9079,0,1,0,-998
15773,157,-148,-9079,0,1,0,-998
15774,158,-148,-9079,0,1,0,-998
15775,159,-148,-9079,0,1,0,-998
15776,160,-148,-9079,0,1,0,-1009
15777,161,-148,-9079,0,1,0,-1009
15778,162,-148,-9079,0,1,0,-1009
15779,163,-148,-9079,0,1,0,-1009
15780,164,-148,-9079,0,1,0,-1009
15781,165,-148,-9079,0,1,0,-1009
15782,166,-148,-9079,0,1,0,-1009
15783,167,-148,-9079,0,1,0,-998
15784,168,-148,-9079,0,1,0,-998
15785,169,-148,-9079,0,1,0,-998
15786,170,-148,-9079,0,1,0,-998
15787,171,-148,-9079,0,1,0,-998
15788,172,-148,-9079,0,1,0,-998
15789,173,-148,-9079,0,1,0,-998
15790,174,-148,-9079,0,1,0,-998
15791,175,-148,-9079,0,1,0,-998
15792,176,-148,-9079,0,1,0,-918
15793,177,-148,-9079,0,1,0,-918
15794,178,-148,-9079,0,1,0,-918
15795,179,-148,-9079,0,1,0,-918
15796,180,-148,-9079,0,1,0,-918
15797,181,-148,-9079,0,1,0,-918
15798,182,-148,-9079,0,1,0,-898
15799,183,-148,-9079,0,1,0,-818
15800,184,-148,-9079,0,1,0,-743
15801,185,-148,-9079,0,1,0,-743
15802,186,-148,-9079,0,1,0,-743
15803,187,-148,-9079,0,1,0,-743
15804,188,-148,-9079,0,1,0,-743
15805,189,-148,-9079,0,1,0,-698
15806,190,-148,-9079,0,1,0,-698
15807,191,-148,-9079,0,1,0,-698
15808,192,-148,-9079,0,1,0,-698
15809,193,-148,-9079,0,1,0,-698
15810,194,-148,-9079,0,1,0,-797
15811,195,-148,-9079,0,1,0,-797
15812,196,-148,-9079,0,1,0,-797
15813,197,-148,-9079,0,1,0,-797
15814,198,-148,-9079,0,1,0,-797
15815,199,-148,-9079,0,1,0,-797
15816,200,-148,-9079,0,1,0,-797
15817,201,-148,-9079,0,1,0,-797
15818,202,-148,-9079,0,1,0,-797
15819,203,-148,-9079,0,1,0,-797
15820,204,-148,-9079,0,1,0,-797
15821,205,-148,-9079,0,1,0,-797
15822,206,-148,-9079,0,1,0,-764
15823,207,-148,-9079,0,1,0,-729
15824,208,-148,-9079,0,1,0,-729
15825,209,-148,-9079,0,1,0,-626
15826,210,-148,-9079,0,1,0,-620
15827,211,-148,-9079,0,1,0,-613
15828,212,-148,-9079,0,1,0,-613
15829,213,-148,-9079,0,1,0,-613
15830,214,-148,-9079,0,1,0,-500
15831,215,-148,-9079,0,1,0,-500
15832,216,-148,-9079,0,1,0,-378
15833,217,-148,-9079,0,1,0,-378
15834,218,-148,-9079,0,1,0,-558
15835,219,-148,-9079,0,1,0,-558
15836,220,-148,-9079,0,1,0,-558
15837,221,-148,-9079,0,1,0,-558
15838,222,-148,-9079,0,1,0,-578
15839,223,-148,-9079,0,1,0,-578
15840,224,-148,-9079,0,1,0,-578
15841,225,-148,-9079,0,1,0,-578
15842,226,-148,-9079,0,1,0,-578
15843,227,-148,-9079,0,1,0,-578
15844,228,-148,-9079,0,1,0,-578
15845,229,-148,-9079,0,1,0,-578
15846,230,-148,-9079,0,1,0,-578
15847,231,-148,-9079,0,1,0,-578
15848,232,-148,-9079,0,1,0,-578
15849,233,-148,-9079,0,1,0,-578
15850,234,-148,-9079,0,1,0,-578
15851,235,-148,-9079,0,1,0,-578
15852,236,-148,-9079,0,1,0,-378
15853,237,-148,-9079,0,1,0,-378
15854,238,-148,-9079,0,1,0,-458
15855,239,-148,-9079,0,1,0,-458
15856,240,-148,-9079,0,1,0,-458
15857,241,-148,-9079,0,1,0,-458
15858,242,-148,-9079,0,1,0,-458
15859,243,-148,-9079,0,1,0,-458
15860,244,-148,-9079,0,1,0,-458
15861,245,-148,-9079,0,1,0,-458
15862,246,-148,-9079,0,1,0,-458
15863,247,-148,-9079,0,1,0,-458
15864,248,-148,-9079,0,1,0,-458
15865,249,-148,-9079,0,1,0,-458
15866,250,-148,-9079,0,1,0,-458
15867,251,-148,-9079,0,1,0,-458
15868,252,-148,-9079,0,1,0,-458
15869,253,-148,-9079,0,1,0,-458
15870,254,-148,-9079,0,1,0,-458
15871,255,-148,-9079,0,1,0,-458
15872,0,-148,-9079,0,1,0,-458
15873,1,-148,-9079,0,1,0,-458
15874,2,-148,-9079,0,1,0,-458
15875,3,-148,-9079,0,1,0,-375
15876,4,-148,-9079,0,1,0,-375
15877,5,-148,-9079,0,1,0,-350
15878,6,-148,-9079,0,1,0,-233
15879,7,-148,-9079,0,1,0,-78
15880,8,-148,-9079,0,1,0,-78
15881,9,-148,-9079,0,1,0,-78
15882,10,-148,-9079,0,1,0,122
15883,11,-148,-9079,0,1,0,122
15884,12,-148,-9079,0,1,0,122
15885,13,-148,-9079,0,1,0,122
15886,14,-148,-9079,0,1,0,122
15887,15,-148,-9079,0,1,0,122
15888,16,-148,-9079,0,1,0,122
15889,17,-148,-9079,0,1,0,122
15890,18,-148,-9079,0,1,0,122
15891,19,-148,-9079,0,1,0,122
15892,20,-148,-9079,0,1,0,122
15893,21,-148,-9079,0,1,0,369
15894,22,-148,-9079,0,1,0,369
15895,23,-148,-9079,0,1,0,369
15896,24,-148,-9079,0,1,0,369
15897,25,-148,-9079,0,1,0,369
15898,26,-148,-9079,0,1,0,369
15899,27,-148,-9079,0,1,0,369
15900,28,-148,-9079,0,1,0,369
15901,29,-148,-9079,0,1,0,369
15902,30,-148,-9079,0,1,0,264
15903,31,-148,-9079,0,1,0,264
15904,32,-148,-9079,0,1,0,264
15905,33,-148,-9079,0,1,0,264
15906,34,-148,-9079,0,1,0,264
15907,35,-148,-9079,0,1,0,264
15908,36,-148,-9079,0,1,0,264
15909,37,-148,-9079,0,1,0,264
15910,38,-148,-9079,0,1,0,264
15911,39,-148,-9079,0,1,0,264
15912,40,-148,-9079,0,1,0,264
15913,41,-148,-9079,0,1,0,264
15914,42,-148,-9079,0,1,0,407
15915,43,-148,-9079,0,1,0,407
15916,44,-148,-9079,0,1,0,407
15917,45,-148,-9079,0,1,0,370
15918,46,-148,-9079,0,1,0,370
15919,47,-148,-9079,0,1,0,370
15920,48,-148,-9079,0,1,0,370
15921,49,-148,-9079,0,1,0,370
15922,50,-148,-9079,0,1,0,370
15923,51,-148,-9079,0,1,0,235
15924,52,-148,-9079,0,1,0,235
15925,53,-148,-9079,0,1,0,235
15926,54,-148,-9079,0,1,0,235
15927,55,-148,-9079,0,1,0,235
15928,56,-148,-9079,0,1,0,235
15929,57,-148,-9079,0,1,0,235
15930,58,-148,-9079,0,1,0,235
15931,59,-148,-9079,0,1,0,622
15932,60,-148,-9079,0,1,0,622
15933,61,-148,-9079,0,1,0,622
15934,62,-148,-9079,0,1,0,622
15935,63,-148,-9079,0,1,0,622
15936,64,-148,-9079,0,1,0,653
15937,65,-148,-9079,0,1,0,653
15938,66,-148,-9079,0,1,0,653
15939,67,-148,-9079,0,1,0,653
15940,68,-148,-9079,0,1,0,653
15941,69,-148,-9079,0,1,0,653
15942,70,-148,-9079,0,1,0,653
15943,71,-148,-9079,0,1,0,653
15944,72,-148,-9079,0,1,0,653
15945,73,-148,-9079,0,1,0,653
15946,74,-148,-9079,0,1,0,653
15947,75,-148,-9079,0,1,0,653
15948,76,-148,-9079,0,1,0,653
15949,77,-148,-9079,0,1,0,653
15950,78,-148,-9079,0,1,0,653
15951,79,-148,-9079,0,1,0,653
15952,80,-148,-9079,0,1,0,653
15953,81,-148,-9079,0,1,0,653
15954,82,-148,-9079,0,1,0,653
15955,83,-148,-9079,0,1,0,653
15956,84,-148,-9079,0,1,0,653
15957,85,-148,-9079,0,1,0,653
15958,86,-148,-9079,0,1,0,653
15959,87,-148,-9079,0,1,0,653
15960,88,-148,-9079,0,1,0,851
15961,89,-148,-9079,0,1,0,851
15962,90,-148,-9079,0,1,0,851
15963,91,-148,-9079,0,1,0,1051
15964,92,-148,-9079,0,1,0,1051
15965,93,-148,-9079,0,1,0,1051
15966,94,-148,-9079,0,1,0,1051
15967,95,-148,-9079,0,1,0,1051
15968,96,-148,-9079,0,1,0,1051
15969,97,-148,-9079,0,1,0,1051
15970,98,-148,-9079,0,1,0,1051
15971,99,-148,-9079,0,1,0,1051
15972,100,-148,-9079,0,1,0,1051
15973,101,-148,-9079,0,1,0,1051
15974,102,-148,-9079,0,1,0,1051
15975,103,-148,-9079,0,1,0,1051
15976,104,-148,-9079,0,1,0,1051
15977,105,-148,-9079,0,1,0,1051
15978,106,-148,-9079,0,1,0,1051
15979,107,-148,-9079,0,1,0,1051
15980,108,-148,-9079,0,1,0,1051
15981,109,-148,-9079,0,1,0,1051
15982,110,-148,-9079,0,1,0,1051
15983,111,-148,-9079,0,1,0,1051
15984,112,-148,-9079,0,1,0,1051
15985,113,-148,-9079,0,1,0,1051
15986,114,-148,-9079,0,1,0,1051
15987,115,-148,-9079,0,1,0,1051
15988,116,-148,-9079,0,1,0,1051
15989,117,-148,-9079,0,1,0,1051
15990,118,-148,-9079,0,1,0,1051
15991,119,-148,-9079,0,1,0,1051
15992,120,-148,-9079,0,1,0,1051
15993,121,-148,-9079,0,1,0,1051
15994,122,-148,-9079,0,1,0,1051
15995,123,-148,-9079,0,1,0,1051
15996,124,-148,-9079,0,1,0,1051
15997,125,-148,-9079,0,1,0,1051
15998,126,-148,-9079,0,1,0,1051
15999,127,-148,-9079,0,1,0,1051
16000,128,-148,-9079,0,1,0,1051
16001,129,-148,-9079,0,1,0,851
16002,130,-148,-9079,0,1,0,851
16003,131,-148,-9079,0,1,0,851
16004,132,-148,-9079,0,1,0,851
16005,133,-148,-9079,0,1,0,851
16006,134,-148,-9079,0,1,0,851
16007,135,-148,-9079,0,1,0,851
16008,136,-148,-9079,0,1,0,851
16009,137,-148,-9079,0,1,0,851
16010,138,-148,-9079,0,1,0,851
16011,139,-148,-9079,0,1,0,851
16012,140,-148,-9079,0,1,0,851
16013,141,-148,-9079,0,1,0,851
16014,142,-148,-9079,0,1,0,851
16015,143,-148,-9079,0,1,0,851
16016,144,-148,-9079,0,1,0,851
16017,145,-148,-9079,0,1,0,851
16018,146,-148,-9079,0,1,0,851
16019,147,-148,-9079,0,1,0,851
16020,148,-148,-9079,0,1,0,851
16021,149,-148,-9079,0,1,0,851
16022,150,-148,-9079,0,1,0,851
16023,151,-148,-9079,0,1,0,851
16024,152,-148,-9079,0,1,0,851
16025,153,-148,-9079,0,1,0,851
16026,154,-148,-9079,0,1,0,851
16027,155,-148,-9079,0,1,0,851
16028,156,-148,-9079,0,1,0,851
16029,157,-148,-9079,0,1,0,851
16030,158,-148,-9079,0,1,0,851
16031,159,-148,-9079,0,1,0,851
16032,160,-148,-9079,0,1,0,851
16033,161,-148,-9079,0,1,0,851
16034,162,-148,-9079,0,1,0,851
16035,163,-148,-9079,0,1,0,851
16036,164,-148,-9079,0,1,0,851
16037,165,-148,-9079,0,1,0,851
16038,166,-148,-9079,0,1,0,851
16039,167,-148,-9079,0,1,0,851
16040,168,-148,-9079,0,1,0,851
16041,169,-148,-9079,0,1,0,851
16042,170,-148,-9079,0,1,0,851
16043,171,-148,-9079,0,1,0,851
16044,172,-148,-9079,0,1,0,851
16045,173,-148,-9079,0,1,0,851
16046,174,-148,-9079,0,1,0,851
16047,175,-148,-9079,0,1,0,748
16048,176,-148,-9079,0,1,0,748
16049,177,-148,-9079,0,1,0,748
16050,178,-148,-9079,0,1,0,748
16051,179,-148,-9079,0,1,0,748
16052,180,-148,-9079,0,1,0,748
16053,181,-148,-9079,0,1,0,748
16054,182,-148,-9079,0,1,0,748
16055,183,-148,-9079,0,1,0,748
16056,184,-148,-9079,0,1,0,748
16057,185,-148,-9079,0,1,0,748
16058,186,-148,-9079,0,1,0,748
16059,187,-148,-9079,0,1,0,748
16060,188,-148,-9079,0,1,0,748
16061,189,-148,-9079,0,1,0,643
16062,190,-148,-9079,0,1,0,643
16063,191,-148,-9079,0,1,0,643
16064,192,-148,-9079,0,1,0,643
16065,193,-148,-9079,0,1,0,643
16066,194,-148,-9079,0,1,0,643
16067,195,-148,-9079,0,1,0,643
16068,196,-148,-9079,0,1,0,643
16069,197,-148,-9079,0,1,0,643
16070,198,-148,-9079,0,1,0,643
16071,199,-148,-9079,0,1,0,643
16072,200,-148,-9079,0,1,0,643
16073,201,-148,-9079,0,1,0,643
16074,202,-148,-9079,0,1,0,643
16075,203,-148,-9079,0,1,0,643
16076,204,-148,-9079,0,1,0,643
16077,205,-148,-9079,0,1,0,643
16078,206,-148,-9079,0,1,0,643
16079,207,-148,-9079,0,1,0,643
16080,208,-148,-9079,0,1,0,643
16081,209,-148,-9079,0,1,0,643
16082,210,-148,-9079,0,1,0,643
16083,211,-148,-9079,0,1,0,643
16084,212,-148,-9079,0,1,0,643
16085,213,-148,-9079,0,1,0,643
16086,214,-148,-9079,0,1,0,643
16087,215,-148,-9079,0,1,0,643
16088,216,-148,-9079,0,1,0,643
16089,217,-148,-9079,0,1,0,643
16090,218,-148,-9079,0,1,0,643
16091,219,-148,-9079,0,1,0,550
16092,220,-148,-9079,0,1,0,550
16093,221,-148,-9079,0,1,0,426
16094,222,-148,-9079,0,1,0,426
16095,223,-148,-9079,0,1,0,426
16096,224,-148,-9079,0,1,0,426
16097,225,-148,-9079,0,1,0,426
16098,226,-148,-9079,0,1,0,426
16099,227,-148,-9079,0,1,0,426
16100,228,-148,-9079,0,1,0,426
16101,229,-148,-9079,0,1,0,426
16102,230,-148,-9079,0,1,0,426
16103,231,-148,-9079,0,1,0,426
16104,232,-148,-9079,0,1,0,426
16105,233,-148,-9079,0,1,0,426
16106,234,-148,-9079,0,1,0,426
16107,235,-148,-9079,0,1,0,426
16108,236,-148,-9079,0,1,0,426
16109,237,-148,-9079,0,1,0,426
16110,238,-148,-9079,0,1,0,426
16111,239,-148,-9079,0,1,0,426
16112,240,-148,-9079,0,1,0,426
16113,241,-148,-9079,0,1,0,426
16114,242,-148,-9079,0,1,0,426
16115,243,-148,-9079,0,1,0,426
16116,244,-148,-9079,0,1,0,426
16117,245,-148,-9079,0,1,0,426
16118,246,-148,-9079,0,1,0,426
16119,247,-148,-9079,0,1,0,426
16120,248,-148,-9079,0,1,0,426
16121,249,-148,-9079,0,1,0,327
16122,250,-148,-9079,0,1,0,327
16123,251,-148,-9079,0,1,0,327
16124,252,-148,-9079,0,1,0,327
16125,253,-148,-9079,0,1,0,327
16126,254,-148,-9079,0,1,0,327
16127,255,-148,-9079,0,1,0,327
16128,0,-148,-9079,0,1,0,327
16129,1,-148,-9079,0,1,0,327
16130,2,-148,-9079,0,1,0,73
16131,3,-148,-9079,0,1,0,473
16132,4,-148,-9079,0,1,0,473
16133,5,-148,-9079,0,1,0,473
16134,6,-148,-9079,0,1,0,473
16135,7,-148,-9079,0,1,0,473
16136,8,-148,-9079,0,1,0,473
16137,9,-148,-9079,0,1,0,473
16138,10,-148,-9079,0,1,0,473
16139,11,-148,-9079,0,1,0,473
16140,12,-148,-9079,0,1,0,473
16141,13,-148,-9079,0,1,0,473
16142,14,-148,-9079,0,1,0,473
16143,15,-148,-9079,0,1,0,473
16144,16,-148,-9079,0,1,0,473
16145,17,-148,-9079,0,1,0,473
16146,18,-148,-9079,0,1,0,473
16147,19,-148,-9079,0,1,0,377
16148,20,-148,-9079,0,1,0,403
16149,21,-148,-9079,0,1,0,403
16150,22,-148,-9079,0,1,0,403
16151,23,-148,-9079,0,1,0,403
16152,24,-148,-9079,0,1,0,403
16153,25,-148,-9079,0,1,0,403
16154,26,-148,-9079,0,1,0,403
16155,27,-148,-9079,0,1,0,403
16156,28,-148,-9079,0,1,0,403
16157,29,-148,-9079,0,1,0,403
16158,30,-148,-9079,0,1,0,403
16159,31,-148,-9079,0,1,0,403
16160,32,-148,-9079,0,1,0,403
16161,33,-148,-9079,0,1,0,403
16162,34,-148,-9079,0,1,0,403
16163,35,-148,-9079,0,1,0,403
16164,36,-148,-9079,0,1,0,403
16165,37,-148,-9079,0,1,0,403
16166,38,-148,-9079,0,1,0,403
16167,39,-148,-9079,0,1,0,403
16168,40,-148,-9079,0,1,0,403
16169,41,-148,-9079,0,1,0,403
16170,42,-148,-9079,0,1,0,403
16171,43,-148,-9079,0,1,0,403
16172,44,-148,-9079,0,1,0,403
16173,45,-148,-9079,0,1,0,403
16174,46,-148,-9079,0,1,0,403
16175,47,-148,-9079,0,1,0,403
16176,48,-148,-9079,0,1,0,403
16177,49,-148,-9079,0,1,0,403
16178,50,-148,-9079,0,1,0,403
16179,51,-148,-9079,0,1,0,403
16180,52,-148,-9079,0,1,0,403
16181,53,-148,-9079,0,1,0,403
16182,54,-148,-9079,0,1,0,403
16183,55,-148,-9079,0,1,0,403
16184,56,-148,-9079,0,1,0,403
16185,57,-148,-9079,0,1,0,403
16186,58,-148,-9079,0,1,0,633
16187,59,-148,-9079,0,1,0,303
16188,60,-148,-9079,0,1,0,303
16189,61,-148,-9079,0,1,0,303
16190,62,-148,-9079,0,1,0,303
16191,63,-148,-9079,0,1,0,303
16192,64,-148,-9079,0,1,0,303
16193,65,-148,-9079,0,1,0,303
16194,66,-148,-9079,0,1,0,303
16195,67,-148,-9079,0,1,0,303
16196,68,-148,-9079,0,1,0,303
16197,69,-148,-9079,0,1,0,303
16198,70,-148,-9079,0,1,0,303
16199,71,-148,-9079,0,1,0,303
16200,72,-148,-9079,0,1,0,303
16201,73,-148,-9079,0,1,0,303
16202,74,-148,-9079,0,1,0,303
16203,75,-148,-9079,0,1,0,303
16204,76,-148,-9079,0,1,0,303
16205,77,-148,-9079,0,1,0,303
16206,78,-148,-9079,0,1,0,303
16207,79,-148,-9079,0,1,0,303
16208,80,-148,-9079,0,1,0,303
16209,81,-148,-9079,0,1,0,303
16210,82,-148,-9079,0,1,0,303
16211,83,-148,-9079,0,1,0,303
16212,84,-148,-9079,0,1,0,303
16213,85,-148,-9079,0,1,0,303
16214,86,-148,-9079,0,1,0,303
16215,87,-148,-9079,0,1,0,303
16216,88,-148,-9079,0,1,0,303
16217,89,-148,-9079,0,1,0,303
16218,90,-148,-9079,0,1,0,303
16219,91,-148,-9079,0,1,0,303
16220,92,-148,-9079,0,1,0,303
16221,93,-148,-9079,0,1,0,303
16222,94,-148,-9079,0,1,0,303
16223,95,-148,-9079,0,1,0,303
16224,96,-148,-9079,0,1,0,303
16225,97,-148,-9079,0,1,0,350
16226,98,-148,-9079,0,1,0,452
16227,99,-148,-9079,0,1,0,452
16228,100,-148,-9079,0,1,0,452
16229,101,-148,-9079,0,1,0,452
16230,102,-148,-9079,0,1,0,353
16231,103,-148,-9079,0,1,0,353
16232,104,-148,-9079,0,1,0,353
16233,105,-148,-9079,0,1,0,353
16234,106,-148,-9079,0,1,0,353
16235,107,-148,-9079,0,1,0,353
16236,108,-148,-9079,0,1,0,353
16237,109,-148,-9079,0,1,0,353
16238,110,-148,-9079,0,1,0,552
16239,111,-148,-9079,0,1,0,552
16240,112,-148,-9079,0,1,0,552
16241,113,-148,-9079,0,1,0,552
16242,114,-148,-9079,0,1,0,653
16243,115,-148,-9079,0,1,0,852
16244,116,-148,-9079,0,1,0,852
16245,117,-148,-9079,0,1,0,852
16246,118,-148,-9079,0,1,0,852
16247,119,-148,-9079,0,1,0,852
16248,120,-148,-9079,0,1,0,953
16249,121,-148,-9079,0,1,0,1053
16250,122,-148,-9079,0,1,0,1053
16251,123,-148,-9079,0,1,0,1053
16252,124,-148,-9079,0,1,0,1053
16253,125,-148,-9079,0,1,0,1027
16254,126,-148,-9079,0,1,0,1027
16255,127,-148,-9079,0,1,0,1101
16256,128,-148,-9079,0,1,0,1101
16257,129,-148,-9079,0,1,0,1101
16258,130,-148,-9079,0,1,0,802
16259,131,-148,-9079,0,1,0,852
16260,132,-148,-9079,0,1,0,852
16261,133,-148,-9079,0,1,0,852
16262,134,-148,-9079,0,1,0,852
16263,135,-148,-9079,0,1,0,852
16264,136,-148,-9079,0,1,0,852
16265,137,-148,-9079,0,1,0,852
16266,138,-148,-9079,0,1,0,951
16267,139,-148,-9079,0,1,0,951
16268,140,-148,-9079,0,1,0,951
16269,141,-148,-9079,0,1,0,951
16270,142,-148,-9079,0,1,0,889
16271,143,-148,-9079,0,1,0,889
16272,144,-148,-9079,0,1,0,851
16273,145,-148,-9079,0,1,0,851
16274,146,-148,-9079,0,1,0,851
16275,147,-148,-9079,0,1,0,851
16276,148,-148,-9079,0,1,0,851
16277,149,-148,-9079,0,1,0,851
16278,150,-148,-9079,0,1,0,851
16279,151,-148,-9079,0,1,0,851
16280,152,-148,-9079,0,1,0,851
16281,153,-148,-9079,0,1,0,851
16282,154,-148,-9079,0,1,0,851
16283,155,-148,-9079,0,1,0,851
16284,156,-148,-9079,0,1,0,851
16285,157,-148,-9079,0,1,0,851
16286,158,-148,-9079,0,1,0,851
16287,159,-148,-9079,0,1,0,950
16288,160,-148,-9079,0,1,0,950
16289,161,-148,-9079,0,1,0,950
16290,162,-148,-9079,0,1,0,950
16291,163,-148,-9079,0,1,0,951
16292,164,-148,-9079,0,1,0,951
16293,165,-148,-9079,0,1,0,951
16294,166,-148,-9079,0,1,0,951
16295,167,-148,-9079,0,1,0,1050
16296,168,-148,-9079,0,1,0,1050
16297,169,-148,-9079,0,1,0,1050
16298,170,-148,-9079,0,1,0,1050
16299,171,-148,-9079,0,1,0,984
16300,172,-148,-9079,0,1,0,984
16301,173,-148,-9079,0,1,0,984
16302,174,-148,-9079,0,1,0,984
16303,175,-148,-9079,0,1,0,984
16304,176,-148,-9079,0,1,0,984
16305,177,-148,-9079,0,1,0,984
16306,178,-148,-9079,0,1,0,984
16307,179,-148,-9079,0,1,0,984
16308,180,-148,-9079,0,1,0,984
16309,181,-148,-9079,0,1,0,984
16310,182,-148,-9079,0,1,0,984
16311,183,-148,-9079,0,1,0,984
16312,184,-148,-9079,0,1,0,984
16313,185,-148,-9079,0,1,0,984
16314,186,-148,-9079,0,1,0,984
16315,187,-148,-9079,0,1,0,984
16316,188,-148,-9079,0,1,0,984
16317,189,-148,-9079,0,1,0,984
16318,190,-148,-9079,0,1,0,984
16319,191,-148,-9079,0,1,0,1012
16320,192,-148,-9079,0,1,0,1012
16321,193,-148,-9079,0,1,0,1012
16322,194,-148,-9079,0,1,0,1012
16323,195,-148,-9079,0,1,0,984
16324,196,-148,-9079,0,1,0,1063
16325,197,-148,-9079,0,1,0,1063
16326,198,-148,-9079,0,1,0,1133
16327,199,-148,-9079,0,1,0,1063
16328,200,-148,-9079,0,1,0,1063
16329,201,-148,-9079,0,1,0,1082
16330,202,-148,-9079,0,1,0,1082
16331,203,-148,-9079,0,1,0,1033
16332,204,-148,-9079,0,1,0,982
16333,205,-148,-9079,0,1,0,982
16334,206,-148,-9079,0,1,0,982
16335,207,-148,-9079,0,1,0,982
16336,208,-148,-9079,0,1,0,982
16337,209,-148,-9079,0,1,0,965
16338,210,-148,-9079,0,1,0,1033
16339,211,-148,-9079,0,1,0,1033
16340,212,-148,-9079,0,1,0,1033
16341,213,-148,-9079,0,1,0,1033
16342,214,-148,-9079,0,1,0,1033
16343,215,-148,-9079,0,1,0,1033
16344,216,-148,-9079,0,1,0,1033
16345,217,-148,-9079,0,1,0,1033
16346,218,-148,-9079,0,1,0,1033
16347,219,-148,-9079,0,1,0,1033
16348,220,-148,-9079,0,1,0,1033
16349,221,-148,-9079,0,1,0,1033
16350,222,-148,-9079,0,1,0,1033
16351,223,-148,-9079,0,1,0,1033
16352,224,-148,-9079,0,1,0,1033
16353,225,-148,-9079,0,1,0,1033
16354,226,-148,-9079,0,1,0,1033
16355,227,-148,-9079,0,1,0,1033
16356,228,-148,-9079,0,1,0,1233
16357,229,-148,-9079,0,1,0,1233
16358,230,-148,-9079,0,1,0,1233
16359,231,-148,-9079,0,1,0,1233
16360,232,-148,-9079,0,1,0,1233
16361,233,-148,-9079,0,1,0,1233
16362,234,-148,-9079,0,1,0,1233
16363,235,-148,-9079,0,1,0,1233
16364,236,-148,-9079,0,1,0,1233
16365,237,-148,-9079,0,1,0,1233
16366,238,-148,-9079,0,1,0,1233
16367,239,-148,-9079,0,1,0,1233
16368,240,-148,-9079,0,1,0,1233
16369,241,-148,-9079,0,1,0,1233
16370,242,-148,-9079,0,1,0,1233
16371,243,-148,-9079,0,1,0,1233
16372,244,-148,-9079,0,1,0,1233
16373,245,-148,-9079,0,1,0,1233
16374,246,-148,-9079,0,1,0,1233
16375,247,-148,-9079,0,1,0,1233
16376,248,-148,-9079,0,1,0,1233
16377,249,-148,-9079,0,1,0,1233
16378,250,-148,-9079,0,1,0,1233
16379,251,-148,-9079,0,1,0,1233
16380,252,-148,-9079,0,1,0,1233
16381,253,-148,-9079,0,1,0,1233
16382,254,-148,-9079,0,1,0,1233
16383,255,-148,-9079,0,1,0,1233
16384,0,-148,-9079,0,1,0,1233
16385,1,-148,-9079,0,1,0,1233
16386,2,-148,-9079,0,1,0,1158
16387,3,-148,-9079,0,1,0,1158
16388,4,-148,-9079,0,1,0,1158
16389,5,-148,-9079,0,1,0,1158
16390,6,-148,-9079,0,1,0,1158
16391,7,-148,-9079,0,1,0,1158
16392,8,-148,-9079,0,1,0,1158
16393,9,-148,-9079,0,1,0,1158
16394,10,-148,-9079,0,1,0,1158
16395,11,-148,-9079,0,1,0,1158
16396,12,-148,-9079,0,1,0,1158
16397,13,-148,-9079,0,1,0,1233
16398,14,-148,-9079,0,1,0,1233
16399,15,-148,-9079,0,1,0,1233
16400,16,-148,-9079,0,1,0,1233
16401,17,-148,-9079,0,1,0,1233
16402,18,-148,-9079,0,1,0,1233
16403,19,-148,-9079,0,1,0,1233
16404,20,-148,-9079,0,1,0,1233
16405,21,-148,-9079,0,1,0,1233
16406,22,-148,-9079,0,1,0,1233
16407,23,-148,-9079,0,1,0,1233
16408,24,-148,-9079,0,1,0,1055
16409,25,-148,-9079,0,1,0,1000
16410,26,-148,-9079,0,1,0,893
16411,27,-148,-9079,0,1,0,893
16412,28,-148,-9079,0,1,0,893
16413,29,-148,-9079,0,1,0,893
16414,30,-148,-9079,0,1,0,893
16415,31,-148,-9079,0,1,0,893
16416,32,-148,-9079,0,1,0,893
16417,33,-148,-9079,0,1,0,893
16418,34,-148,-9079,0,1,0,893
16419,35,-148,-9079,0,1,0,893
16420,36,-148,-9079,0,1,0,893
16421,37,-148,-9079,0,1,0,893
16422,38,-148,-9079,0,1,0,893
16423,39,-148,-9079,0,1,0,893
16424,40,-148,-9079,0,1,0,893
16425,41,-148,-9079,0,1,0,893
16426,42,-148,-9079,0,1,0,893
16427,43,-148,-9079,0,1,0,893
16428,44,-148,-9079,0,1,0,893
16429,45,-148,-9079,0,1,0,893
16430,46,-148,-9079,0,1,0,893
16431,47,-148,-9079,0,1,0,893
16432,48,-148,-9079,0,1,0,893
16433,49,-148,-9079,0,1,0,893
16434,50,-148,-9079,0,1,0,893
16435,51,-148,-9079,0,1,0,893
16436,52,-148,-9079,0,1,0,893
16437,53,-148,-9079,0,1,0,893
16438,54,-148,-9079,0,1,0,893
16439,55,-148,-9079,0,1,0,893
16440,56,-148,-9079,0,1,0,872
16441,57,-148,-9079,0,1,0,872
16442,58,-148,-9079,0,1,0,872
16443,59,-148,-9079,0,1,0,743
16444,60,-148,-9079,0,1,0,743
16445,61,-148,-9079,0,1,0,743
16446,62,-148,-9079,0,1,0,743
16447,63,-148,-9079,0,1,0,572
16448,64,-148,-9079,0,1,0,572
16449,65,-148,-9079,0,1,0,572
16450,66,-148,-9079,0,1,0,572
16451,67,-148,-9079,0,1,0,572
16452,68,-148,-9079,0,1,0,572
16453,69,-148,-9079,0,1,0,572
16454,70,-148,-9079,0,1,0,572
16455,71,-148,-9079,0,1,0,572
16456,72,-148,-9079,0,1,0,572
16457,73,-148,-9079,0,1,0,572
16458,74,-148,-9079,0,1,0,572
16459,75,-148,-9079,0,1,0,593
16460,76,-148,-9079,0,1,0,593
16461,77,-148,-9079,0,1,0,593
16462,78,-148,-9079,0,1,0,593
16463,79,-148,-9079,0,1,0,593
16464,80,-148,-9079,0,1,0,593
16465,81,-148,-9079,0,1,0,593
16466,82,-148,-9079,0,1,0,623
16467,83,-148,-9079,0,1,0,623
16468,84,-148,-9079,0,1,0,623
16469,85,-148,-9079,0,1,0,623
16470,86,-148,-9079,0,1,0,623
16471,87,-148,-9079,0,1,0,623
16472,88,-148,-9079,0,1,0,672
16473,89,-148,-9079,0,1,0,723
16474,90,-148,-9079,0,1,0,723
16475,91,-148,-9079,0,1,0,723
16476,92,-148,-9079,0,1,0,723
16477,93,-148,-9079,0,1,0,723
16478,94,-148,-9079,0,1,0,723
16479,95,-148,-9079,0,1,0,723
16480,96,-148,-9079,0,1,0,723
16481,97,-148,-9079,0,1,0,723
16482,98,-148,-9079,0,1,0,723
16483,99,-148,-9079,0,1,0,723
16484,100,-148,-9079,0,1,0,723
16485,101,-148,-9079,0,1,0,723
16486,102,-148,-9079,0,1,0,723
16487,103,-148,-9079,0,1,0,723
16488,104,-148,-9079,0,1,0,723
16489,105,-148,-9079,0,1,0,1472
16490,106,-148,-9079,0,1,0,1472
16491,107,-148,-9079,0,1,0,1472
16492,108,-148,-9079,0,1,0,1472
16493,109,-148,-9079,0,1,0,1472
16494,110,-148,-9079,0,1,0,1472
16495,111,-148,-9079,0,1,0,1472
16496,112,-148,-9079,0,1,0,1472
16497,113,-148,-9079,0,1,0,1472
16498,114,-148,-9079,0,1,0,1472
16499,115,-148,-9079,0,1,0,1472
16500,116,-148,-9079,0,1,0,1472
16501,117,-148,-9079,0,1,0,1472
16502,118,-148,-9079,0,1,0,1472
16503,119,-148,-9079,0,1,0,1472
16504,120,-148,-9079,0,1,0,1472
16505,121,-148,-9079,0,1,0,1472
16506,122,-148,-9079,0,1,0,1472
16507,123,-148,-9079,0,1,0,1472
16508,124,-148,-9079,0,1,0,1472
16509,125,-148,-9079,0,1,0,1472
16510,126,-148,-9079,0,1,0,1872
16511,127,-148,-9079,0,1,0,1872
16512,128,-148,-9079,0,1,0,2072
16513,129,-148,-9079,0,1,0,2072
16514,130,-148,-9079,0,1,0,2072
16515,131,-148,-9079,0,1,0,2072
16516,132,-148,-9079,0,1,0,2072
16517,133,-148,-9079,0,1,0,2072
16518,134,-148,-9079,0,1,0,2072
16519,135,-148,-9079,0,1,0,2072
16520,136,-148,-9079,0,1,0,2072
16521,137,-148,-9079,0,1,0,2072
16522,138,-148,-9079,0,1,0,2072
16523,139,-148,-9079,0,1,0,2072
16524,140,-148,-9079,0,1,0,2072
16525,141,-148,-9079,0,1,0,2072
16526,142,-148,-9079,0,1,0,2072
16527,143,-148,-9079,0,1,0,2072
16528,144,-148,-9079,0,1,0,2072
16529,145,-148,-9079,0,1,0,2072
16530,146,-148,-9079,0,1,0,2072
16531,147,-148,-9079,0,1,0,2072
16532,148,-148,-9079,0,1,0,2072
16533,149,-148,-9079,0,1,0,2437
16534,150,-148,-9079,0,1,0,2437
16535,151,-148,-9079,0,1,0,2437
16536,152,-148,-9079,0,1,0,2437
16537,153,-148,-9079,0,1,0,2437
16538,154,-148,-9079,0,1,0,2537
16539,155,-148,-9079,0,1,0,2537
16540,156,-148,-9079,0,1,0,2537
16541,157,-148,-9079,0,1,0,2562
16542,158,-148,-9079,0,1,0,2850
16543,159,-148,-9079,0,1,0,2850
16544,160,-148,-9079,0,1,0,2850
16545,161,-148,-9079,0,1,0,2850
16546,162,-148,-9079,0,1,0,2850
16547,163,-148,-9079,0,1,0,2850
16548,164,-148,-9079,0,1,0,2850
16549,165,-148,-9079,0,1,0,2850
16550,166,-148,-9079,0,1,0,2850
16551,167,-148,-9079,0,1,0,2850
16552,168,-148,-9079,0,1,0,2850
16553,169,-148,-9079,0,1,0,2850
16554,170,-148,-9079,0,1,0,2850
16555,171,-148,-9079,0,1,0,2850
16556,172,-148,-9079,0,1,0,2850
16557,173,-148,-9079,0,1,0,2850
16558,174,-148,-9079,0,1,0,2850
16559,175,-148,-9079,0,1,0,2850
16560,176,-148,-9079,0,1,0,2850
16561,177,-148,-9079,0,1,0,2850
16562,178,-148,-9079,0,1,0,2850
16563,179,-148,-9079,0,1,0,2850
16564,180,-148,-9079,0,1,0,2850
16565,181,-148,-9079,0,1,0,3272
16566,182,-148,-9079,0,1,0,3272
16567,183,-148,-9079,0,1,0,3272
16568,184,-148,-9079,0,1,0,3272
16569,185,-148,-9079,0,1,0,3450
16570,186,-148,-9079,0,1,0,3450
16571,187,-148,-9079,0,1,0,3500
16572,188,-148,-9079,0,1,0,3500
16573,189,-148,-9079,0,1,0,3500
16574,190,-148,-9079,0,1,0,3500
16575,191,-148,-9079,0,1,0,3500
16576,192,-148,-9079,0,1,0,3500
16577,193,-148,-9079,0,1,0,3500
16578,194,-148,-9079,0,1,0,3500
16579,195,-148,-9079,0,1,0,3500
16580,196,-148,-9079,0,1,0,3500
16581,197,-148,-9079,0,1,0,3500
16582,198,-148,-9079,0,1,0,3500
16583,199,-148,-9079,0,1,0,3500
16584,200,-148,-9079,0,1,0,3500
16585,201,-148,-9079,0,1,0,3500
16586,202,-148,-9079,0,1,0,3620
16587,203,-148,-9079,0,1,0,3620
16588,204,-148,-9079,0,1,0,3620
16589,205,-148,-9079,0,1,0,3620
16590,206,-148,-9079,0,1,0,3620
16591,207,-148,-9079,0,1,0,3620
16592,208,-148,-9079,0,1,0,3620
16593,209,-148,-9079,0,1,0,3620
16594,210,-148,-9079,0,1,0,3620
16595,211,-148,-9079,0,1,0,3620
16596,212,-148,-9079,0,1,0,3620
16597,213,-148,-9079,0,1,0,3620
16598,214,-148,-9079,0,1,0,3620
16599,215,-148,-9079,0,1,0,3620
16600,216,-148,-9079,0,1,0,3620
16601,217,-148,-9079,0,1,0,3620
16602,218,-148,-9079,0,1,0,3620
16603,219,-148,-9079,0,1,0,3620
16604,220,-148,-9079,0,1,0,3620
16605,221,-148,-9079,0,1,0,3620
16606,222,-148,-9079,0,1,0,3620
16607,223,-148,-9079,0,1,0,3620
16608,224,-148,-9079,0,1,0,3620
16609,225,-148,-9079,0,1,0,3620
16610,226,-148,-9079,0,1,0,3620
16611,227,-148,-9079,0,1,0,3620
16612,228,-148,-9079,0,1,0,3620
16613,229,-148,-9079,0,1,0,3620
16614,230,-148,-9079,0,1,0,3620
16615,231,-148,-9079,0,1,0,3620
16616,232,-148,-9079,0,1,0,3620
16617,233,-148,-9079,0,1,0,3620
16618,234,-148,-9079,0,1,0,3620
16619,235,-148,-9079,0,1,0,3620
16620,236,-148,-9079,0,1,0,3620
16621,237,-148,-9079,0,1,0,3620
16622,238,-148,-9079,0,1,0,3620
16623,239,-148,-9079,0,1,0,3620
16624,240,-148,-9079,0,1,0,3620
16625,241,-148,-9079,0,1,0,3470
16626,242,-148,-9079,0,1,0,3470
16627,243,-148,-9079,0,1,0,3470
16628,244,-148,-9079,0,1,0,3470
16629,245,-148,-9079,0,1,0,3470
16630,246,-148,-9079,0,1,0,3470
16631,247,-148,-9079,0,1,0,3470
16632,248,-148,-9079,0,1,0,3470
16633,249,-148,-9079,0,1,0,3470
16634,250,-148,-9079,0,1,0,3470
16635,251,-148,-9079,0,1,0,3470
16636,252,-148,-9079,0,1,0,3320
16637,253,-148,-9079,0,1,0,3320
16638,254,-148,-9079,0,1,0,3320
16639,255,-148,-9079,0,1,0,3320
16640,0,-148,-9079,0,1,0,3320
16641,1,-148,-9079,0,1,0,3320
16642,2,-148,-9079,0,1,0,3320
16643,3,-148,-9079,0,1,0,3320
16644,4,-148,-9079,0,1,0,3320
16645,5,-148,-9079,0,1,0,3320
16646,6,-148,-9079,0,1,0,3320
16647,7,-148,-9079,0,1,0,3320
16648,8,-148,-9079,0,1,0,3320
16649,9,-148,-9079,0,1,0,3320
16650,10,-148,-9079,0,1,0,3120
16651,11,-148,-9079,0,1,0,3120
16652,12,-148,-9079,0,1,0,3120
16653,13,-148,-9079,0,1,0,3120
16654,14,-148,-9079,0,1,0,3120
16655,15,-148,-9079,0,1,0,3120
16656,16,-148,-9079,0,1,0,3120
16657,17,-148,-9079,0,1,0,3120
16658,18,-148,-9079,0,1,0,3120
16659,19,-148,-9079,0,1,0,3120
16660,20,-148,-9079,0,1,0,3120
16661,21,-148,-9079,0,1,0,3120
16662,22,-148,-9079,0,1,0,2920
16663,23,-148,-9079,0,1,0,2920
16664,24,-148,-9079,0,1,0,2920
16665,25,-148,-9079,0,1,0,2920
16666,26,-148,-9079,0,1,0,2920
16667,27,-148,-9079,0,1,0,2920
16668,28,-148,-9079,0,1,0,2920
16669,29,-148,-9079,0,1,0,2920
16670,30,-148,-9079,0,1,0,2920
16671,31,-148,-9079,0,1,0,2920
16672,32,-148,-9079,0,1,0,2920
16673,33,-148,-9079,0,1,0,2920
16674,34,-148,-9079,0,1,0,2920
16675,35,-148,-9079,0,1,0,2920
16676,36,-148,-9079,0,1,0,2920
16677,37,-148,-9079,0,1,0,2920
16678,38,-148,-9079,0,1,0,2920
16679,39,-148,-9079,0,1,0,2920
16680,40,-148,-9079,0,1,0,2920
16681,41,-148,-9079,0,1,0,2920
16682,42,-148,-9079,0,1,0,2920
16683,43,-148,-9079,0,1,0,2920
16684,44,-148,-9079,0,1,0,2920
16685,45,-148,-9079,0,1,0,2920
16686,46,-148,-9079,0,1,0,2920
16687,47,-148,-9079,0,1,0,2920
16688,48,-148,-9079,0,1,0,2920
16689,49,-148,-9079,0,1,0,2920
16690,50,-148,-9079,0,1,0,2920
16691,51,-148,-9079,0,1,0,2920
16692,52,-148,-9079,0,1,0,2920
16693,53,-148,-9079,0,1,0,2020
16694,54,-148,-9079,0,1,0,2020
16695,55,-148,-9079,0,1,0,2020
16696,56,-148,-9079,0,1,0,1420
16697,57,-148,-9079,0,1,0,1420
16698,58,-148,-9079,0,1,0,1420
16699,59,-148,-9079,0,1,0,870
16700,60,-148,-9079,0,1,0,870
16701,61,-148,-9079,0,1,0,870
16702,62,-148,-9079,0,1,0,870
16703,63,-148,-9079,0,1,0,870
16704,64,-148,-9079,0,1,0,870
16705,65,-148,-9079,0,1,0,870
16706,66,-148,-9079,0,1,0,870
16707,67,-148,-9079,0,1,0,870
16708,68,-148,-9079,0,1,0,870
16709,69,-148,-9079,0,1,0,870
16710,70,-148,-9079,0,1,0,870
16711,71,-148,-9079,0,1,0,870
16712,72,-148,-9079,0,1,0,870
16713,73,-148,-9079,0,1,0,870
16714,74,-148,-9079,0,1,0,870
16715,75,-148,-9079,0,1,0,870
16716,76,-148,-9079,0,1,0,870
16717,77,-148,-9079,0,1,0,870
16718,78,-148,-9079,0,1,0,870
16719,79,-148,-9079,0,1,0,870
16720,80,-148,-9079,0,1,0,870
16721,81,-148,-9079,0,1,0,870
16722,82,-148,-9079,0,1,0,870
16723,83,-148,-9079,0,1,0,870
16724,84,-148,-9079,0,1,0,870
16725,85,-148,-9079,0,1,0,870
16726,86,-148,-9079,0,1,0,870
16727,87,-148,-9079,0,1,0,870
16728,88,-148,-9079,0,1,0,870
16729,89,-148,-9079,0,1,0,580
16730,90,-148,-9079,0,1,0,580
16731,91,-148,-9079,0,1,0,580
16732,92,-148,-9079,0,1,0,580
16733,93,-148,-9079,0,1,0,580
16734,94,-148,-9079,0,1,0,580
16735,95,-148,-9079,0,1,0,580
16736,96,-148,-9079,0,1,0,580
16737,97,-148,-9079,0,1,0,580
16738,98,-148,-9079,0,1,0,580
16739,99,-148,-9079,0,1,0,580
16740,100,-148,-9079,0,1,0,382
16741,101,-148,-9079,0,1,0,382
16742,102,-148,-9079,0,1,0,282
16743,103,-148,-9079,0,1,0,282
16744,104,-148,-9079,0,1,0,282
16745,105,-148,-9079,0,1,0,282
16746,106,-148,-9079,0,1,0,282
16747,107,-148,-9079,0,1,0,282
16748,108,-148,-9079,0,1,0,282
16749,109,-148,-9079,0,1,0,282
16750,110,-148,-9079,0,1,0,172
16751,111,-148,-9079,0,1,0,172
16752,112,-148,-9079,0,1,0,172
16753,113,-148,-9079,0,1,0,172
16754,114,-148,-9079,0,1,0,172
16755,115,-148,-9079,0,1,0,172
16756,116,-148,-9079,0,1,0,172
16757,117,-148,-9079,0,1,0,172
16758,118,-148,-9079,0,1,0,-128
16759,119,-148,-9079,0,1,0,-128
16760,120,-148,-9079,0,1,0,-128
16761,121,-148,-9079,0,1,0,-128
16762,122,-148,-9079,0,1,0,-128
16763,123,-148,-9079,0,1,0,-128
16764,124,-148,-9079,0,1,0,-128
16765,125,-148,-9079,0,1,0,-128
16766,126,-148,-9079,0,1,0,-128
16767,127,-148,-9079,0,1,0,-128
16768,128,-148,-9079,0,1,0,-128
16769,129,-148,-9079,0,1,0,-128
16770,130,-148,-9079,0,1,0,-128
16771,131,-148,-9079,0,1,0,-128
16772,132,-148,-9079,0,1,0,-128
16773,133,-148,-9079,0,1,0,-128
16774,134,-148,-9079,0,1,0,-128
16775,135,-148,-9079,0,1,0,-128
16776,136,-148,-9079,0,1,0,-128
16777,137,-148,-9079,0,1,0,-128
16778,138,-148,-9079,0,1,0,-128
16779,139,-148,-9079,0,1,0,-128
16780,140,-148,-9079,0,1,0,-128
16781,141,-148,-9079,0,1,0,-128
16782,142,-148,-9079,0,1,0,-128
16783,143,-148,-9079,0,1,0,-128
16784,144,-148,-9079,0,1,0,-128
16785,145,-148,-9079,0,1,0,-328
16786,146,-148,-9079,0,1,0,-328
16787,147,-148,-9079,0,1,0,-328
16788,148,-148,-9079,0,1,0,-328
16789,149,-148,-9079,0,1,0,-328
16790,150,-148,-9079,0,1,0,-328
16791,151,-148,-9079,0,1,0,-328
16792,152,-148,-9079,0,1,0,-328
16793,153,-148,-9079,0,1,0,-328
16794,154,-148,-9079,0,1,0,-328
16795,155,-148,-9079,0,1,0,-328
16796,156,-148,-9079,0,1,0,-328
16797,157,-148,-9079,0,1,0,-328
16798,158,-148,-9079,0,1,0,-328
16799,159,-148,-9079,0,1,0,-328
16800,160,-148,-9079,0,1,0,-328
16801,161,-148,-9079,0,1,0,-328
16802,162,-148,-9079,0,1,0,-528
16803,163,-148,-9079,0,1,0,-528
16804,164,-148,-9079,0,1,0,-528
16805,165,-148,-9079,0,1,0,-528
16806,166,-148,-9079,0,1,0,-528
16807,167,-148,-9079,0,1,0,-528
16808,168,-148,-9079,0,1,0,-528
16809,169,-148,-9079,0,1,0,-528
16810,170,-148,-9079,0,1,0,-528
16811,171,-148,-9079,0,1,0,-528
16812,172,-148,-9079,0,1,0,-528
16813,173,-148,-9079,0,1,0,-528
16814,174,-148,-9079,0,1,0,-528
16815,175,-148,-9079,0,1,0,-528
16816,176,-148,-9079,0,1,0,-528
16817,177,-148,-9079,0,1,0,-528
16818,178,-148,-9079,0,1,0,-528
16819,179,-148,-9079,0,1,0,-528
16820,180,-148,-9079,0,1,0,-648
16821,181,-148,-9079,0,1,0,-648
16822,182,-148,-9079,0,1,0,-648
16823,183,-148,-9079,0,1,0,-648
16824,184,-148,-9079,0,1,0,-648
16825,185,-148,-9079,0,1,0,-648
16826,186,-148,-9079,0,1,0,-648
16827,187,-148,-9079,0,1,0,-648
16828,188,-148,-9079,0,1,0,-648
16829,189,-148,-9079,0,1,0,-648
16830,190,-148,-9079,0,1,0,-648
16831,191,-148,-9079,0,1,0,-648
16832,192,-148,-9079,0,1,0,-648
16833,193,-148,-9079,0,1,0,-648
16834,194,-148,-9079,0,1,0,-648
16835,195,-148,-9079,0,1,0,-648
16836,196,-148,-9079,0,1,0,-648
16837,197,-148,-9079,0,1,0,-648
16838,198,-148,-9079,0,1,0,-648
16839,199,-148,-9079,0,1,0,-648
16840,200,-148,-9079,0,1,0,-648
16841,201,-148,-9079,0,1,0,-648
16842,202,-148,-9079,0,1,0,-648
16843,203,-148,-9079,0,1,0,-648
16844,204,-148,-9079,0,1,0,-648
16845,205,-148,-9079,0,1,0,-648
16846,206,-148,-9079,0,1,0,-648
16847,207,-148,-9079,0,1,0,-648
16848,208,-148,-9079,0,1,0,-648
16849,209,-148,-9079,0,1,0,-648
16850,210,-148,-9079,0,1,0,-648
16851,211,-148,-9079,0,1,0,-648
16852,212,-148,-9079,0,1,0,-648
16853,213,-148,-9079,0,1,0,-648
16854,214,-148,-9079,0,1,0,-648
16855,215,-148,-9079,0,1,0,-648
16856,216,-148,-9079,0,1,0,-648
16857,217,-148,-9079,0,1,0,-648
16858,218,-148,-9079,0,1,0,-648
16859,219,-148,-9079,0,1,0,-648
16860,220,-148,-9079,0,1,0,-648
16861,221,-148,-9079,0,1,0,-648
16862,222,-148,-9079,0,1,0,-648
16863,223,-148,-9079,0,1,0,-648
16864,224,-148,-9079,0,1,0,-648
16865,225,-148,-9079,0,1,0,-648
16866,226,-148,-9079,0,1,0,-648
16867,227,-148,-9079,0,1,0,-648
16868,228,-148,-9079,0,1,0,-644
16869,229,-148,-9079,0,1,0,-644
16870,230,-148,-9079,0,1,0,-644
16871,231,-148,-9079,0,1,0,-644
16872,232,-148,-9079,0,1,0,-644
16873,233,-148,-9079,0,1,0,-644
16874,234,-148,-9079,0,1,0,-644
16875,235,-148,-9079,0,1,0,-644
16876,236,-148,-9079,0,1,0,-644
16877,237,-148,-9079,0,1,0,-644
16878,238,-148,-9079,0,1,0,-644
16879,239,-148,-9079,0,1,0,-644
16880,240,-148,-9079,0,1,0,-644
16881,241,-148,-9079,0,1,0,-644
16882,242,-148,-9079,0,1,0,-644
16883,243,-148,-9079,0,1,0,-644
16884,244,-148,-9079,0,1,0,-644
16885,245,-148,-9079,0,1,0,-644
16886,246,-148,-9079,0,1,0,-644
16887,247,-148,-9079,0,1,0,-644
16888,248,-148,-9079,0,1,0,-644
16889,249,-148,-9079,0,1,0,-644
16890,250,-148,-9079,0,1,0,-644
16891,251,-148,-9079,0,1,0,-644
16892,252,-148,-9079,0,1,0,-644
16893,253,-148,-9079,0,1,0,-644
16894,254,-148,-9079,0,1,0,-644
16895,255,-148,-9079,0,1,0,-644
16896,0,-148,-9079,0,1,0,-644
16897,1,-148,-9079,0,1,0,-644
16898,2,-148,-9079,0,1,0,-644
16899,3,-148,-9079,0,1,0,-644
16900,4,-148,-9079,0,1,0,-644
16901,5,-148,-9079,0,1,0,-644
16902,6,-148,-9079,0,1,0,-644
16903,7,-148,-9079,0,1,0,-644
16904,8,-148,-9079,0,1,0,-644
16905,9,-148,-9079,0,1,0,-644
16906,10,-148,-9079,0,1,0,-644
16907,11,-148,-9079,0,1,0,-644
16908,12,-148,-9079,0,1,0,-644
16909,13,-148,-9079,0,1,0,-644
16910,14,-148,-9079,0,1,0,-644
16911,15,-148,-9079,0,1,0,-644
16912,16,-148,-9079,0,1,0,-644
16913,17,-148,-9079,0,1,0,-644
16914,18,-148,-9079,0,1,0,-644
16915,19,-148,-9079,0,1,0,-644
16916,20,-148,-9079,0,1,0,-543
16917,21,-148,-9079,0,1,0,-543
16918,22,-148,-9079,0,1,0,-439
16919,23,-148,-9079,0,1,0,-439
16920,24,-148,-9079,0,1,0,-493
16921,25,-148,-9079,0,1,0,-493
16922,26,-148,-9079,0,1,0,-493
16923,27,-148,-9079,0,1,0,-493
16924,28,-148,-9079,0,1,0,-493
16925,29,-148,-9079,0,1,0,-493
16926,30,-148,-9079,0,1,0,-493
16927,31,-148,-9079,0,1,0,-493
16928,32,-148,-9079,0,1,0,-493
16929,33,-148,-9079,0,1,0,-493
16930,34,-148,-9079,0,1,0,-493
16931,35,-148,-9079,0,1,0,-493
16932,36,-148,-9079,0,1,0,-493
16933,37,-148,-9079,0,1,0,-493
16934,38,-148,-9079,0,1,0,-493
16935,39,-148,-9079,0,1,0,-493
16936,40,-148,-9079,0,1,0,-493
16937,41,-148,-9079,0,1,0,-493
16938,42,-148,-9079,0,1,0,-493
16939,43,-148,-9079,0,1,0,-493
16940,44,-148,-9079,0,1,0,-493
16941,45,-148,-9079,0,1,0,-493
16942,46,-148,-9079,0,1,0,-493
16943,47,-148,-9079,0,1,0,-493
16944,48,-148,-9079,0,1,0,-493
16945,49,-148,-9079,0,1,0,-493
16946,50,-148,-9079,0,1,0,-493
16947,51,-148,-9079,0,1,0,-493
16948,52,-148,-9079,0,1,0,-493
16949,53,-148,-9079,0,1,0,-493
16950,54,-148,-9079,0,1,0,-493
16951,55,-148,-9079,0,1,0,-493
16952,56,-148,-9079,0,1,0,-493
16953,57,-148,-9079,0,1,0,-493
16954,58,-148,-9079,0,1,0,-493
16955,59,-148,-9079,0,1,0,-493
16956,60,-148,-9079,0,1,0,-595
16957,61,-148,-9079,0,1,0,-795
16958,62,-148,-9079,0,1,0,-995
16959,63,-148,-9079,0,1,0,-995
16960,64,-148,-9079,0,1,0,-1195
16961,65,-148,-9079,0,1,0,-1195
16962,66,-148,-9079,0,1,0,-1195
16963,67,-148,-9079,0,1,0,-1195
16964,68,-148,-9079,0,1,0,-1195
16965,69,-148,-9079,0,1,0,-1195
16966,70,-148,-9079,0,1,0,-1195
16967,71,-148,-9079,0,1,0,-1195
16968,72,-148,-9079,0,1,0,-1195
16969,73,-148,-9079,0,1,0,-1395
16970,74,-148,-9079,0,1,0,-1395
16971,75,-148,-9079,0,1,0,-1395
16972,76,-148,-9079,0,1,0,-1395
16973,77,-148,-9079,0,1,0,-1395
16974,78,-148,-9079,0,1,0,-1395
16975,79,-148,-9079,0,1,0,-1395
16976,80,-148,-9079,0,1,0,-1395
16977,81,-148,-9079,0,1,0,-1395
16978,82,-148,-9079,0,1,0,-1395
16979,83,-148,-9079,0,1,0,-1395
16980,84,-148,-9079,0,1,0,-1395
16981,85,-148,-9079,0,1,0,-1395
16982,86,-148,-9079,0,1,0,-1395
16983,87,-148,-9079,0,1,0,-1395
16984,88,-148,-9079,0,1,0,-1399
16985,89,-148,-9079,0,1,0,-1399
16986,90,-148,-9079,0,1,0,-1399
16987,91,-148,-9079,0,1,0,-1399
16988,92,-148,-9079,0,1,0,-1399
16989,93,-148,-9079,0,1,0,-1399
16990,94,-148,-9079,0,1,0,-1399
16991,95,-148,-9079,0,1,0,-1399
16992,96,-148,-9079,0,1,0,-1399
16993,97,-148,-9079,0,1,0,-1399
16994,98,-148,-9079,0,1,0,-1399
16995,99,-148,-9079,0,1,0,-1399
16996,100,-148,-9079,0,1,0,-1399
16997,101,-148,-9079,0,1,0,-1399
16998,102,-148,-9079,0,1,0,-1399
16999,103,-148,-9079,0,1,0,-1399
17000,104,-148,-9079,0,1,0,-1399
17001,105,-148,-9079,0,1,0,-1399
17002,106,-148,-9079,0,1,0,-1399
17003,107,-148,-9079,0,1,0,-1399
17004,108,-148,-9079,0,1,0,-1399
17005,109,-148,-9079,0,1,0,-1399
17006,110,-148,-9079,0,1,0,-1399
17007,111,-148,-9079,0,1,0,-1800
17008,112,-148,-9079,0,1,0,-1800
17009,113,-148,-9079,0,1,0,-1800
17010,114,-148,-9079,0,1,0,-1954
17011,115,-148,-9079,0,1,0,-1954
17012,116,-148,-9079,0,1,0,-1954
17013,117,-148,-9079,0,1,0,-1954
17014,118,-148,-9079,0,1,0,-1954
17015,119,-148,-9079,0,1,0,-1954
17016,120,-148,-9079,0,1,0,-1954
17017,121,-148,-9079,0,1,0,-1954
17018,122,-148,-9079,0,1,0,-1954
17019,123,-148,-9079,0,1,0,-1954
17020,124,-148,-9079,0,1,0,-1954
17021,125,-148,-9079,0,1,0,-1954
17022,126,-148,-9079,0,1,0,-1954
17023,127,-148,-9079,0,1,0,-1954
17024,128,-148,-9079,0,1,0,-1954
17025,129,-148,-9079,0,1,0,-1954
17026,130,-148,-9079,0,1,0,-1954
17027,131,-148,-9079,0,1,0,-1954
17028,132,-148,-9079,0,1,0,-1954
17029,133,-148,-9079,0,1,0,-1954
17030,134,-148,-9079,0,1,0,-1954
17031,135,-148,-9079,0,1,0,-1954
17032,136,-148,-9079,0,1,0,-2900
17033,137,-148,-9079,0,1,0,-2900
17034,138,-148,-9079,0,1,0,-2900
17035,139,-148,-9079,0,1,0,-2900
17036,140,-148,-9079,0,1,0,-2900
17037,141,-148,-9079,0,1,0,-2900
17038,142,-148,-9079,0,1,0,-2900
17039,143,-148,-9079,0,1,0,-2900
17040,144,-148,-9079,0,1,0,-2900
17041,145,-148,-9079,0,1,0,-2900
17042,146,-148,-9079,0,1,0,-2900
17043,147,-148,-9079,0,1,0,-2900
17044,148,-148,-9079,0,1,0,-2900
17045,149,-148,-9079,0,1,0,-2900
17046,150,-148,-9079,0,1,0,-2900
17047,151,-148,-9079,0,1,0,-2900
17048,152,-148,-9079,0,1,0,-2900
17049,153,-148,-9079,0,1,0,-2900
17050,154,-148,-9079,0,1,0,-2880
17051,155,-148,-9079,0,1,0,-3080
17052,156,-148,-9079,0,1,0,-3080
17053,157,-148,-9079,0,1,0,-3080
17054,158,-148,-9079,0,1,0,-3280
17055,159,-148,-9079,0,1,0,-3280
17056,160,-148,-9079,0,1,0,-3280
17057,161,-148,-9079,0,1,0,-3280
17058,162,-148,-9079,0,1,0,-3400
17059,163,-148,-9079,0,1,0,-3480
17060,164,-148,-9079,0,1,0,-3480
17061,165,-148,-9079,0,1,0,-3480
17062,166,-148,-9079,0,1,0,-3480
17063,167,-148,-9079,0,1,0,-3480
17064,168,-148,-9079,0,1,0,-3480
17065,169,-148,-9079,0,1,0,-3480
17066,170,-148,-9079,0,1,0,-3480
17067,171,-148,-9079,0,1,0,-3480
17068,172,-148,-9079,0,1,0,-3480
17069,173,-148,-9079,0,1,0,-3480
17070,174,-148,-9079,0,1,0,-3480
17071,175,-148,-9079,0,1,0,-3480
17072,176,-148,-9079,0,1,0,-3480
17073,177,-148,-9079,0,1,0,-3480
17074,178,-148,-9079,0,1,0,-3480
17075,179,-148,-9079,0,1,0,-3480
17076,180,-148,-9079,0,1,0,-3480
17077,181,-148,-9079,0,1,0,-3480
17078,182,-148,-9079,0,1,0,-3480
17079,183,-148,-9079,0,1,0,-3480
17080,184,-148,-9079,0,1,0,-3480
17081,185,-148,-9079,0,1,0,-3378
17082,186,-148,-9079,0,1,0,-3378
17083,187,-148,-9079,0,1,0,-3378
17084,188,-148,-9079,0,1,0,-3378
17085,189,-148,-9079,0,1,0,-3378
17086,190,-148,-9079,0,1,0,-3378
17087,191,-148,-9079,0,1,0,-3378
17088,192,-148,-9079,0,1,0,-3378
17089,193,-148,-9079,0,1,0,-3378
17090,194,-148,-9079,0,1,0,-3378
17091,195,-148,-9079,0,1,0,-3378
17092,196,-148,-9079,0,1,0,-3378
17093,197,-148,-9079,0,1,0,-3378
17094,198,-148,-9079,0,1,0,-3378
17095,199,-148,-9079,0,1,0,-3378
17096,200,-148,-9079,0,1,0,-3378
17097,201,-148,-9079,0,1,0,-3378
17098,202,-148,-9079,0,1,0,-3378
17099,203,-148,-9079,0,1,0,-3378
17100,204,-148,-9079,0,1,0,-3378
17101,205,-148,-9079,0,1,0,-3378
17102,206,-148,-9079,0,1,0,-3378
17103,207,-148,-9079,0,1,0,-3378
17104,208,-148,-9079,0,1,0,-3378
17105,209,-148,-9079,0,1,0,-3378
17106,210,-148,-9079,0,1,0,-3378
17107,211,-148,-9079,0,1,0,-3378
17108,212,-148,-9079,0,1,0,-3378
17109,213,-148,-9079,0,1,0,-3378
17110,214,-148,-9079,0,1,0,-3378
17111,215,-148,-9079,0,1,0,-3378
17112,216,-148,-9079,0,1,0,-3378
17113,217,-148,-9079,0,1,0,-3378
17114,218,-148,-9079,0,1,0,-3378
17115,219,-148,-9079,0,1,0,-3378
17116,220,-148,-9079,0,1,0,-3083
17117,221,-148,-9079,0,1,0,-3083
17118,222,-148,-9079,0,1,0,-3083
17119,223,-148,-9079,0,1,0,-3083
17120,224,-148,-9079,0,1,0,-2980
17121,225,-148,-9079,0,1,0,-2980
17122,226,-148,-9079,0,1,0,-2860
17123,227,-148,-9079,0,1,0,-2283
17124,228,-148,-9079,0,1,0,-2283
17125,229,-148,-9079,0,1,0,-2283
17126,230,-148,-9079,0,1,0,-2283
17127,231,-148,-9079,0,1,0,-2088
17128,232,-148,-9079,0,1,0,-2088
17129,233,-148,-9079,0,1,0,-2088
17130,234,-148,-9079,0,1,0,-2088
17131,235,-148,-9079,0,1,0,-2088
17132,236,-148,-9079,0,1,0,-2088
17133,237,-148,-9079,0,1,0,-2088
17134,238,-148,-9079,0,1,0,-2088
17135,239,-148,-9079,0,1,0,-2088
17136,240,-148,-9079,0,1,0,-2088
17137,241,-148,-9079,0,1,0,-2088
17138,242,-148,-9079,0,1,0,-2088
17139,243,-148,-9079,0,1,0,-2088
17140,244,-148,-9079,0,1,0,-2088
17141,245,-148,-9079,0,1,0,-2088
17142,246,-148,-9079,0,1,0,-2088
17143,247,-148,-9079,0,1,0,-2088
17144,248,-148,-9079,0,1,0,-2088
17145,249,-148,-9079,0,1,0,-2088
17146,250,-148,-9079,0,1,0,-2088
17147,251,-148,-9079,0,1,0,-1990
17148,252,-148,-9079,0,1,0,-1990
17149,253,-148,-9079,0,1,0,-2290
17150,254,-148,-9079,0,1,0,-2290
17151,255,-148,-9079,0,1,0,-1496
17152,0,-148,-9079,0,1,0,-1496
17153,1,-148,-9079,0,1,0,-1496
17154,2,-148,-9079,0,1,0,-1496
17155,3,-148,-9079,0,1,0,-1496
17156,4,-148,-9079,0,1,0,-1496
17157,5,-148,-9079,0,1,0,-1496
17158,6,-148,-9079,0,1,0,-1496
17159,7,-148,-9079,0,1,0,-1496
17160,8,-148,-9079,0,1,0,-1496
17161,9,-148,-9079,0,1,0,-1496
17162,10,-148,-9079,0,1,0,-1496
17163,11,-148,-9079,0,1,0,-1496
17164,12,-148,-9079,0,1,0,-1496
17165,13,-148,-9079,0,1,0,-1496
17166,14,-148,-9079,0,1,0,-1496
17167,15,-148,-9079,0,1,0,-1496
17168,16,-148,-9079,0,1,0,-1496
17169,17,-148,-9079,0,1,0,-1496
17170,18,-148,-9079,0,1,0,-1496
17171,19,-148,-9079,0,1,0,-1496
17172,20,-148,-9079,0,1,0,-1496
17173,21,-148,-9079,0,1,0,-1196
17174,22,-148,-9079,0,1,0,-1196
17175,23,-148,-9079,0,1,0,-916
17176,24,-148,-9079,0,1,0,-615
17177,25,-148,-9079,0,1,0,-615
17178,26,-148,-9079,0,1,0,-615
17179,27,-148,-9079,0,1,0,-615
17180,28,-148,-9079,0,1,0,-615
17181,29,-148,-9079,0,1,0,-615
17182,30,-148,-9079,0,1,0,-615
17183,31,-148,-9079,0,1,0,-15
17184,32,-148,-9079,0,1,0,-15
17185,33,-148,-9079,0,1,0,-15
17186,34,-148,-9079,0,1,0,905
17187,35,-148,-9079,0,1,0,905
17188,36,-148,-9079,0,1,0,905
17189,37,-148,-9079,0,1,0,905
17190,38,-148,-9079,0,1,0,905
17191,39,-148,-9079,0,1,0,905
17192,40,-148,-9079,0,1,0,905
17193,41,-148,-9079,0,1,0,905
17194,42,-148,-9079,0,1,0,905
17195,43,-148,-9079,0,1,0,905
17196,44,-148,-9079,0,1,0,905
17197,45,-148,-9079,0,1,0,905
17198,46,-148,-9079,0,1,0,1104
17199,47,-148,-9079,0,1,0,1104
17200,48,-148,-9079,0,1,0,1602
17201,49,-148,-9079,0,1,0,1602
17202,50,-148,-9079,0,1,0,1602
17203,51,-148,-9079,0,1,0,2007
17204,52,-148,-9079,0,1,0,2007
17205,53,-148,-9079,0,1,0,2007
17206,54,-148,-9079,0,1,0,2007
17207,55,-148,-9079,0,1,0,2007
17208,56,-148,-9079,0,1,0,2007
17209,57,-148,-9079,0,1,0,2007
17210,58,-148,-9079,0,1,0,2007
17211,59,-148,-9079,0,1,0,2085
17212,60,-148,-9079,0,1,0,2134
17213,61,-148,-9079,0,1,0,1857
17214,62,-148,-9079,0,1,0,1857
17215,63,-148,-9079,0,1,0,1857
17216,64,-148,-9079,0,1,0,2062
17217,65,-148,-9079,0,1,0,2062
17218,66,-148,-9079,0,1,0,2062
17219,67,-148,-9079,0,1,0,2164
17220,68,-148,-9079,0,1,0,2164
17221,69,-148,-9079,0,1,0,2164
17222,70,-148,-9079,0,1,0,2164
17223,71,-148,-9079,0,1,0,2764
17224,72,-148,-9079,0,1,0,2764
17225,73,-148,-9079,0,1,0,2764
17226,74,-148,-9079,0,1,0,2764
17227,75,-148,-9079,0,1,0,2764
17228,76,-148,-9079,0,1,0,2764
17229,77,-148,-9079,0,1,0,2764
17230,78,-148,-9079,0,1,0,3264
17231,79,-148,-9079,0,1,0,3264
17232,80,-148,-9079,0,1,0,3264
17233,81,-148,-9079,0,1,0,3264
17234,82,-148,-9079,0,1,0,3264
17235,83,-148,-9079,0,1,0,3401
17236,84,-148,-9079,0,1,0,3670
17237,85,-148,-9079,0,1,0,3670
17238,86,-148,-9079,0,1,0,3670
17239,87,-148,-9079,0,1,0,3670
17240,88,-148,-9079,0,1,0,3670
17241,89,-148,-9079,0,1,0,4001
17242,90,-148,-9079,0,1,0,4001
17243,91,-148,-9079,0,1,0,4001
17244,92,-148,-9079,0,1,0,4001
17245,93,-148,-9079,0,1,0,4001
17246,94,-148,-9079,0,1,0,4001
17247,95,-148,-9079,0,1,0,4001
17248,96,-148,-9079,0,1,0,4001
17249,97,-148,-9079,0,1,0,4001
17250,98,-148,-9079,0,1,0,4001
17251,99,-148,-9079,0,1,0,4001
17252,100,-148,-9079,0,1,0,4001
17253,101,-148,-9079,0,1,0,4001
17254,102,-148,-9079,0,1,0,4001
17255,103,-148,-9079,0,1,0,4960
17256,104,-148,-9079,0,1,0,4960
17257,105,-148,-9079,0,1,0,4960
17258,106,-148,-9079,0,1,0,4960
17259,107,-148,-9079,0,1,0,4960
17260,108,-148,-9079,0,1,0,4700
17261,109,-148,-9079,0,1,0,4700
17262,110,-148,-9079,0,1,0,4700
17263,111,-148,-9079,0,1,0,4700
17264,112,-148,-9079,0,1,0,4700
17265,113,-148,-9079,0,1,0,4700
17266,114,-148,-9079,0,1,0,4700
17267,115,-148,-9079,0,1,0,4700
17268,116,-148,-9079,0,1,0,4700
17269,117,-148,-9079,0,1,0,4300
17270,118,-148,-9079,0,1,0,4300
17271,119,-148,-9079,0,1,0,4300
17272,120,-148,-9079,0,1,0,4300
17273,121,-148,-9079,0,1,0,4300
17274,122,-148,-9079,0,1,0,4581
17275,123,-148,-9079,0,1,0,4581
17276,124,-148,-9079,0,1,0,4581
17277,125,-148,-9079,0,1,0,4581
17278,126,-148,-9079,0,1,0,4581
17279,127,-148,-9079,0,1,0,4581
17280,128,-148,-9079,0,1,0,4581
17281,129,-148,-9079,0,1,0,4581
17282,130,-148,-9079,0,1,0,4329
17283,131,-148,-9079,0,1,0,4329
17284,132,-148,-9079,0,1,0,4329
17285,133,-148,-9079,0,1,0,4329
17286,134,-148,-9079,0,1,0,4329
17287,135,-148,-9079,0,1,0,3979
17288,136,-148,-9079,0,1,0,3979
17289,137,-148,-9079,0,1,0,3910
17290,138,-148,-9079,0,1,0,3910
17291,139,-148,-9079,0,1,0,3910
17292,140,-148,-9079,0,1,0,3910
17293,141,-148,-9079,0,1,0,4241
17294,142,-148,-9079,0,1,0,4241
17295,143,-148,-9079,0,1,0,4241
17296,144,-148,-9079,0,1,0,4241
17297,145,-148,-9079,0,1,0,4241
17298,146,-148,-9079,0,1,0,4241
17299,147,-148,-9079,0,1,0,4241
17300,148,-148,-9079,0,1,0,4241
17301,149,-148,-9079,0,1,0,4241
17302,150,-148,-9079,0,1,0,4241
17303,151,-148,-9079,0,1,0,4241
17304,152,-148,-9079,0,1,0,4241
17305,153,-148,-9079,0,1,0,4241
17306,154,-148,-9079,0,1,0,4241
17307,155,-148,-9079,0,1,0,4241
17308,156,-148,-9079,0,1,0,4641
17309,157,-148,-9079,0,1,0,4641
17310,158,-148,-9079,0,1,0,4641
17311,159,-148,-9079,0,1,0,4641
17312,160,-148,-9079,0,1,0,4641
17313,161,-148,-9079,0,1,0,4541
17314,162,-148,-9079,0,1,0,4541
17315,163,-148,-9079,0,1,0,4541
17316,164,-148,-9079,0,1,0,4641
17317,165,-148,-9079,0,1,0,4641
17318,166,-148,-9079,0,1,0,4641
17319,167,-148,-9079,0,1,0,4641
17320,168,-148,-9079,0,1,0,4641
17321,169,-148,-9079,0,1,0,4641
17322,170,-148,-9079,0,1,0,4741
17323,171,-148,-9079,0,1,0,4741
17324,172,-148,-9079,0,1,0,4741
17325,173,-148,-9079,0,1,0,4741
17326,174,-148,-9079,0,1,0,4741
17327,175,-148,-9079,0,1,0,4741
17328,176,-148,-9079,0,1,0,4741
17329,177,-148,-9079,0,1,0,4741
17330,178,-148,-9079,0,1,0,4741
17331,179,-148,-9079,0,1,0,4741
17332,180,-148,-9079,0,1,0,4741
17333,181,-148,-9079,0,1,0,4741
17334,182,-148,-9079,0,1,0,4741
17335,183,-148,-9079,0,1,0,4741
17336,184,-148,-9079,0,1,0,4741
17337,185,-148,-9079,0,1,0,4741
17338,186,-148,-9079,0,1,0,4741
17339,187,-148,-9079,0,1,0,4741
17340,188,-148,-9079,0,1,0,4549
17341,189,-148,-9079,0,1,0,4120
17342,190,-148,-9079,0,1,0,4120
17343,191,-148,-9079,0,1,0,4120
17344,192,-148,-9079,0,1,0,4120
17345,193,-148,-9079,0,1,0,4120
17346,194,-148,-9079,0,1,0,4120
17347,195,-148,-9079,0,1,0,4120
17348,196,-148,-9079,0,1,0,4120
17349,197,-148,-9079,0,1,0,4120
17350,198,-148,-9079,0,1,0,4120
17351,199,-148,-9079,0,1,0,3049
17352,200,-148,-9079,0,1,0,3049
17353,201,-148,-9079,0,1,0,3049
17354,202,-148,-9079,0,1,0,3049
17355,203,-148,-9079,0,1,0,3049
17356,204,-148,-9079,0,1,0,3049
17357,205,-148,-9079,0,1,0,3049
17358,206,-148,-9079,0,1,0,3049
17359,207,-148,-9079,0,1,0,3049
17360,208,-148,-9079,0,1,0,3049
17361,209,-148,-9079,0,1,0,3049
17362,210,-148,-9079,0,1,0,3049
17363,211,-148,-9079,0,1,0,3049
17364,212,-148,-9079,0,1,0,3049
17365,213,-148,-9079,0,1,0,3049
17366,214,-148,-9079,0,1,0,3049
17367,215,-148,-9079,0,1,0,3049
17368,216,-148,-9079,0,1,0,3049
17369,217,-148,-9079,0,1,0,3049
17370,218,-148,-9079,0,1,0,3049
17371,219,-148,-9079,0,1,0,3049
17372,220,-148,-9079,0,1,0,3049
17373,221,-148,-9079,0,1,0,3049
17374,222,-148,-9079,0,1,0,3049
17375,223,-148,-9079,0,1,0,3049
17376,224,-148,-9079,0,1,0,3049
17377,225,-148,-9079,0,1,0,3049
17378,226,-148,-9079,0,1,0,3049
17379,227,-148,-9079,0,1,0,3049
17380,228,-148,-9079,0,1,0,3049
17381,229,-148,-9079,0,1,0,3049
17382,230,-148,-9079,0,1,0,3049
17383,231,-148,-9079,0,1,0,3049
17384,232,-148,-9079,0,1,0,3049
17385,233,-148,-9079,0,1,0,3049
17386,234,-148,-9079,0,1,0,3049
17387,235,-148,-9079,0,1,0,3049
17388,236,-148,-9079,0,1,0,3049
17389,237,-148,-9079,0,1,0,3049
17390,238,-148,-9079,0,1,0,3049
17391,239,-148,-9079,0,1,0,3049
17392,240,-148,-9079,0,1,0,3049
17393,241,-148,-9079,0,1,0,3049
17394,242,-148,-9079,0,1,0,3049
17395,243,-148,-9079,0,1,0,3049
17396,244,-148,-9079,0,1,0,3049
17397,245,-148,-9079,0,1,0,3049
17398,246,-148,-9079,0,1,0,3049
17399,247,-148,-9079,0,1,0,3049
17400,248,-148,-9079,0,1,0,3049
17401,249,-148,-9079,0,1,0,3049
17402,250,-148,-9079,0,1,0,3049
17403,251,-148,-9079,0,1,0,3049
17404,252,-148,-9079,0,1,0,3049
17405,253,-148,-9079,0,1,0,3049
17406,254,-148,-9079,0,1,0,3049
17407,255,-148,-9079,0,1,0,3049
17408,0,-148,-9079,0,1,0,3049
17409,1,-148,-9079,0,1,0,3049
17410,2,-148,-9079,0,1,0,3049
17411,3,-148,-9079,0,1,0,3049
17412,4,-148,-9079,0,1,0,3049
17413,5,-148,-9079,0,1,0,3049
17414,6,-148,-9079,0,1,0,3049
17415,7,-148,-9079,0,1,0,3049
17416,8,-148,-9079,0,1,0,3049
17417,9,-148,-9079,0,1,0,2618
17418,10,-148,-9079,0,1,0,2618
17419,11,-148,-9079,0,1,0,2618
17420,12,-148,-9079,0,1,0,2618
17421,13,-148,-9079,0,1,0,2618
17422,14,-148,-9079,0,1,0,2618
17423,15,-148,-9079,0,1,0,2618
17424,16,-148,-9079,0,1,0,2618
17425,17,-148,-9079,0,1,0,2618
17426,18,-148,-9079,0,1,0,2618
17427,19,-148,-9079,0,1,0,2618
17428,20,-148,-9079,0,1,0,2618
17429,21,-148,-9079,0,1,0,2618
17430,22,-148,-9079,0,1,0,2618
17431,23,-148,-9079,0,1,0,2618
17432,24,-148,-9079,0,1,0,1582
17433,25,-148,-9079,0,1,0,1518
17434,26,-148,-9079,0,1,0,1518
17435,27,-148,-9079,0,1,0,1518
17436,28,-148,-9079,0,1,0,1518
17437,29,-148,-9079,0,1,0,1518
17438,30,-148,-9079,0,1,0,1518
17439,31,-148,-9079,0,1,0,1518
17440,32,-148,-9079,0,1,0,1518
17441,33,-148,-9079,0,1,0,1518
17442,34,-148,-9079,0,1,0,1518
17443,35,-148,-9079,0,1,0,1518
17444,36,-148,-9079,0,1,0,1518
17445,37,-148,-9079,0,1,0,1518
17446,38,-148,-9079,0,1,0,1518
17447,39,-148,-9079,0,1,0,1518
17448,40,-148,-9079,0,1,0,1518
17449,41,-148,-9079,0,1,0,1518
17450,42,-148,-9079,0,1,0,1518
17451,43,-148,-9079,0,1,0,1518
17452,44,-148,-9079,0,1,0,1518
17453,45,-148,-9079,0,1,0,1518
17454,46,-148,-9079,0,1,0,1518
17455,47,-148,-9079,0,1,0,1518
17456,48,-148,-9079,0,1,0,1518
17457,49,-148,-9079,0,1,0,1518
17458,50,-148,-9079,0,1,0,1518
17459,51,-148,-9079,0,1,0,1518
17460,52,-148,-9079,0,1,0,1518
17461,53,-148,-9079,0,1,0,1242
17462,54,-148,-9079,0,1,0,1242
17463,55,-148,-9079,0,1,0,1242
17464,56,-148,-9079,0,1,0,1242
17465,57,-148,-9079,0,1,0,1242
17466,58,-148,-9079,0,1,0,1242
17467,59,-148,-9079,0,1,0,1242
17468,60,-148,-9079,0,1,0,1242
17469,61,-148,-9079,0,1,0,1242
17470,62,-148,-9079,0,1,0,1242
17471,63,-148,-9079,0,1,0,1242
17472,64,-148,-9079,0,1,0,1242
17473,65,-148,-9079,0,1,0,1242
17474,66,-148,-9079,0,1,0,1242
17475,67,-148,-9079,0,1,0,1242
17476,68,-148,-9079,0,1,0,855
17477,69,-148,-9079,0,1,0,855
17478,70,-148,-9079,0,1,0,855
17479,71,-148,-9079,0,1,0,855
17480,72,-148,-9079,0,1,0,855
17481,73,-148,-9079,0,1,0,207
17482,74,-148,-9079,0,1,0,68
17483,75,-148,-9079,0,1,0,68
17484,76,-148,-9079,0,1,0,68
17485,77,-148,-9079,0,1,0,68
17486,78,-148,-9079,0,1,0,68
17487,79,-148,-9079,0,1,0,68
17488,80,-148,-9079,0,1,0,68
17489,81,-148,-9079,0,1,0,68
17490,82,-148,-9079,0,1,0,68
17491,83,-148,-9079,0,1,0,68
17492,84,-148,-9079,0,1,0,68
17493,85,-148,-9079,0,1,0,68
17494,86,-148,-9079,0,1,0,68
17495,87,-148,-9079,0,1,0,68
17496,88,-148,-9079,0,1,0,68
17497,89,-148,-9079,0,1,0,68
17498,90,-148,-9079,0,1,0,68
17499,91,-148,-9079,0,1,0,68
17500,92,-148,-9079,0,1,0,68
17501,93,-148,-9079,0,1,0,68
17502,94,-148,-9079,0,1,0,68
17503,95,-148,-9079,0,1,0,68
17504,96,-148,-9079,0,1,0,68
17505,97,-148,-9079,0,1,0,68
17506,98,-148,-9079,0,1,0,68
17507,99,-148,-9079,0,1,0,68
17508,100,-148,-9079,0,1,0,68
17509,101,-148,-9079,0,1,0,68
17510,102,-148,-9079,0,1,0,68
17511,103,-148,-9079,0,1,0,68
17512,104,-148,-9079,0,1,0,68
17513,105,-148,-9079,0,1,0,68
17514,106,-148,-9079,0,1,0,68
17515,107,-148,-9079,0,1,0,68
17516,108,-148,-9079,0,1,0,68
17517,109,-148,-9079,0,1,0,68
17518,110,-148,-9079,0,1,0,68
17519,111,-148,-9079,0,1,0,68
17520,112,-148,-9079,0,1,0,68
17521,113,-148,-9079,0,1,0,68
17522,114,-148,-9079,0,1,0,68
17523,115,-148,-9079,0,1,0,68
17524,116,-148,-9079,0,1,0,68
17525,117,-148,-9079,0,1,0,68
17526,118,-148,-9079,0,1,0,68
17527,119,-148,-9079,0,1,0,68
17528,120,-148,-9079,0,1,0,68
17529,121,-148,-9079,0,1,0,68
17530,122,-148,-9079,0,1,0,68
17531,123,-148,-9079,0,1,0,68
17532,124,-148,-9079,0,1,0,68
17533,125,-148,-9079,0,1,0,-244
17534,126,-148,-9079,0,1,0,-244
17535,127,-148,-9079,0,1,0,-244
17536,128,-148,-9079,0,1,0,-244
17537,129,-148,-9079,0,1,0,-244
17538,130,-148,-9079,0,1,0,-244
17539,131,-148,-9079,0,1,0,-244
17540,132,-148,-9079,0,1,0,-244
17541,133,-148,-9079,0,1,0,-244
17542,134,-148,-9079,0,1,0,-244
17543,135,-148,-9079,0,1,0,-244
17544,136,-148,-9079,0,1,0,-244
17545,137,-148,-9079,0,1,0,-244
17546,138,-148,-9079,0,1,0,-1134
17547,139,-148,-9079,0,1,0,-1134
17548,140,-148,-9079,0,1,0,-1134
17549,141,-148,-9079,0,1,0,-1714
17550,142,-148,-9079,0,1,0,-1714
17551,143,-148,-9079,0,1,0,-1714
17552,144,-148,-9079,0,1,0,-1714
17553,145,-148,-9079,0,1,0,-1714
17554,146,-148,-9079,0,1,0,-1714
17555,147,-148,-9079,0,1,0,-1714
17556,148,-148,-9079,0,1,0,-1714
17557,149,-148,-9079,0,1,0,-1714
17558,150,-148,-9079,0,1,0,-1714
17559,151,-148,-9079,0,1,0,-1714
17560,152,-148,-9079,0,1,0,-1714
17561,153,-148,-9079,0,1,0,-1714
17562,154,-148,-9079,0,1,0,-1714
17563,155,-148,-9079,0,1,0,-1714
17564,156,-148,-9079,0,1,0,-1714
17565,157,-148,-9079,0,1,0,-1714
17566,158,-148,-9079,0,1,0,-1714
17567,159,-148,-9079,0,1,0,-1714
17568,160,-148,-9079,0,1,0,-1714
17569,161,-148,-9079,0,1,0,-1714
17570,162,-148,-9079,0,1,0,-1714
17571,163,-148,-9079,0,1,0,-1714
17572,164,-148,-9079,0,1,0,-1714
17573,165,-148,-9079,0,1,0,-1714
17574,166,-148,-9079,0,1,0,-1714
17575,167,-148,-9079,0,1,0,-1714
17576,168,-148,-9079,0,1,0,-1714
17577,169,-148,-9079,0,1,0,-1714
17578,170,-148,-9079,0,1,0,-1714
17579,171,-148,-9079,0,1,0,-1714
17580,172,-148,-9079,0,1,0,-1714
17581,173,-148,-9079,0,1,0,-1714
17582,174,-148,-9079,0,1,0,-1714
17583,175,-148,-9079,0,1,0,-1714
17584,176,-148,-9079,0,1,0,-1714
17585,177,-148,-9079,0,1,0,-1714
17586,178,-148,-9079,0,1,0,-1714
17587,179,-148,-9079,0,1,0,-1714
17588,180,-148,-9079,0,1,0,-1714
17589,181,-148,-9079,0,1,0,-1714
17590,182,-148,-9079,0,1,0,-1714
17591,183,-148,-9079,0,1,0,-1714
17592,184,-148,-9079,0,1,0,-1714
17593,185,-148,-9079,0,1,0,-1714
17594,186,-148,-9079,0,1,0,-1714
17595,187,-148,-9079,0,1,0,-1714
17596,188,-148,-9079,0,1,0,-1714
17597,189,-148,-9079,0,1,0,-1714
17598,190,-148,-9079,0,1,0,-1714
17599,191,-148,-9079,0,1,0,-1714
17600,192,-148,-9079,0,1,0,-1714
17601,193,-148,-9079,0,1,0,-1714
17602,194,-148,-9079,0,1,0,-1714
17603,195,-148,-9079,0,1,0,-1714
17604,196,-148,-9079,0,1,0,-1714
17605,197,-148,-9079,0,1,0,-1714
17606,198,-148,-9079,0,1,0,-1919
17607,199,-148,-9079,0,1,0,-1919
17608,200,-148,-9079,0,1,0,-1919
17609,201,-148,-9079,0,1,0,-1919
17610,202,-148,-9079,0,1,0,-1919
17611,203,-148,-9079,0,1,0,-1919
17612,204,-148,-9079,0,1,0,-1919
17613,205,-148,-9079,0,1,0,-1919
17614,206,-148,-9079,0,1,0,-2119
17615,207,-148,-9079,0,1,0,-2119
17616,208,-148,-9079,0,1,0,-2119
17617,209,-148,-9079,0,1,0,-2119
17618,210,-148,-9079,0,1,0,-2119
17619,211,-148,-9079,0,1,0,-2119
17620,212,-148,-9079,0,1,0,-1927
17621,213,-148,-9079,0,1,0,-1927
17622,214,-148,-9079,0,1,0,-1927
17623,215,-148,-9079,0,1,0,-1927
17624,216,-148,-9079,0,1,0,-1927
17625,217,-148,-9079,0,1,0,-1429
17626,218,-148,-9079,0,1,0,-1429
17627,219,-148,-9079,0,1,0,-1429
17628,220,-148,-9079,0,1,0,-1429
17629,221,-148,-9079,0,1,0,-1429
17630,222,-148,-9079,0,1,0,-1429
17631,223,-148,-9079,0,1,0,-1429
17632,224,-148,-9079,0,1,0,-1429
17633,225,-148,-9079,0,1,0,-1429
17634,226,-148,-9079,0,1,0,-1429
17635,227,-148,-9079,0,1,0,-1429
17636,228,-148,-9079,0,1,0,-1429
17637,229,-148,-9079,0,1,0,-1429
17638,230,-148,-9079,0,1,0,-1429
17639,231,-148,-9079,0,1,0,-1429
17640,232,-148,-9079,0,1,0,-1429
17641,233,-148,-9079,0,1,0,-1429
17642,234,-148,-9079,0,1,0,-1429
17643,235,-148,-9079,0,1,0,-1429
17644,236,-148,-9079,0,1,0,-1429
17645,237,-148,-9079,0,1,0,-1429
17646,238,-148,-9079,0,1,0,-1429
17647,239,-148,-9079,0,1,0,-1429
17648,240,-148,-9079,0,1,0,-1429
17649,241,-148,-9079,0,1,0,-390
17650,242,-148,-9079,0,1,0,-390
17651,243,-148,-9079,0,1,0,-390
17652,244,-148,-9079,0,1,0,-390
17653,245,-148,-9079,0,1,0,-390
17654,246,-148,-9079,0,1,0,-390
17655,247,-148,-9079,0,1,0,-390
17656,248,-148,-9079,0,1,0,-390
17657,249,-148,-9079,0,1,0,-227
17658,250,-148,-9079,0,1,0,-227
17659,251,-148,-9079,0,1,0,-227
17660,252,-148,-9079,0,1,0,-227
17661,253,-148,-9079,0,1,0,-227
17662,254,-148,-9079,0,1,0,-227
17663,255,-148,-9079,0,1,0,-227
17664,0,-148,-9079,0,1,0,-227
17665,1,-148,-9079,0,1,0,-227
17666,2,-148,-9079,0,1,0,-227
17667,3,-148,-9079,0,1,0,-227
17668,4,-148,-9079,0,1,0,49
17669,5,-148,-9079,0,1,0,273
17670,6,-148,-9079,0,1,0,273
17671,7,-148,-9079,0,1,0,849
17672,8,-148,-9079,0,1,0,849
17673,9,-148,-9079,0,1,0,849
17674,10,-148,-9079,0,1,0,849
17675,11,-148,-9079,0,1,0,849
17676,12,-148,-9079,0,1,0,849
17677,13,-148,-9079,0,1,0,849
17678,14,-148,-9079,0,1,0,849
17679,15,-148,-9079,0,1,0,849
17680,16,-148,-9079,0,1,0,849
17681,17,-148,-9079,0,1,0,849
17682,18,-148,-9079,0,1,0,1036
17683,19,-148,-9079,0,1,0,1036
17684,20,-148,-9079,0,1,0,1036
17685,21,-148,-9079,0,1,0,1036
17686,22,-148,-9079,0,1,0,1036
17687,23,-148,-9079,0,1,0,1036
17688,24,-148,-9079,0,1,0,1036
17689,25,-148,-9079,0,1,0,1036
17690,26,-148,-9079,0,1,0,1036
17691,27,-148,-9079,0,1,0,1036
17692,28,-148,-9079,0,1,0,1036
17693,29,-148,-9079,0,1,0,1036
17694,30,-148,-9079,0,1,0,1036
17695,31,-148,-9079,0,1,0,1036
17696,32,-148,-9079,0,1,0,1036
17697,33,-148,-9079,0,1,0,1036
17698,34,-148,-9079,0,1,0,1036
17699,35,-148,-9079,0,1,0,1036
17700,36,-148,-9079,0,1,0,1036
17701,37,-148,-9079,0,1,0,1036
17702,38,-148,-9079,0,1,0,1036
17703,39,-148,-9079,0,1,0,1036
17704,40,-148,-9079,0,1,0,1036
17705,41,-148,-9079,0,1,0,1036
17706,42,-148,-9079,0,1,0,1036
17707,43,-148,-9079,0,1,0,1036
17708,44,-148,-9079,0,1,0,1036
17709,45,-148,-9079,0,1,0,1036
17710,46,-148,-9079,0,1,0,1036
17711,47,-148,-9079,0,1,0,1036
17712,48,-148,-9079,0,1,0,1036
17713,49,-148,-9079,0,1,0,1036
17714,50,-148,-9079,0,1,0,1636
17715,51,-148,-9079,0,1,0,1825
17716,52,-148,-9079,0,1,0,1825
17717,53,-148,-9079,0,1,0,1825
17718,54,-148,-9079,0,1,0,1825
17719,55,-148,-9079,0,1,0,1825
17720,56,-148,-9079,0,1,0,1825
17721,57,-148,-9079,0,1,0,1825
17722,58,-148,-9079,0,1,0,1825
17723,59,-148,-9079,0,1,0,1825
17724,60,-148,-9079,0,1,0,1825
17725,61,-148,-9079,0,1,0,1825
17726,62,-148,-9079,0,1,0,1825
17727,63,-148,-9079,0,1,0,1825
17728,64,-148,-9079,0,1,0,2175
17729,65,-148,-9079,0,1,0,2666
17730,66,-148,-9079,0,1,0,2746
17731,67,-148,-9079,0,1,0,2746
17732,68,-148,-9079,0,1,0,2746
17733,69,-148,-9079,0,1,0,2746
17734,70,-148,-9079,0,1,0,2746
17735,71,-148,-9079,0,1,0,2746
17736,72,-148,-9079,0,1,0,2746
17737,73,-148,-9079,0,1,0,2746
17738,74,-148,-9079,0,1,0,2746
17739,75,-148,-9079,0,1,0,2746
17740,76,-148,-9079,0,1,0,2746
17741,77,-148,-9079,0,1,0,2746
17742,78,-148,-9079,0,1,0,2746
17743,79,-148,-9079,0,1,0,2746
17744,80,-148,-9079,0,1,0,2746
17745,81,-148,-9079,0,1,0,2746
17746,82,-148,-9079,0,1,0,2746
17747,83,-148,-9079,0,1,0,2746
17748,84,-148,-9079,0,1,0,2746
17749,85,-148,-9079,0,1,0,2746
17750,86,-148,-9079,0,1,0,2746
17751,87,-148,-9079,0,1,0,2746
17752,88,-148,-9079,0,1,0,2746
17753,89,-148,-9079,0,1,0,2746
17754,90,-148,-9079,0,1,0,2746
17755,91,-148,-9079,0,1,0,2746
17756,92,-148,-9079,0,1,0,2746
17757,93,-148,-9079,0,1,0,2746
17758,94,-148,-9079,0,1,0,2746
17759,95,-148,-9079,0,1,0,2746
17760,96,-148,-9079,0,1,0,2746
17761,97,-148,-9079,0,1,0,2746
17762,98,-148,-9079,0,1,0,2746
17763,99,-148,-9079,0,1,0,2746
17764,100,-148,-9079,0,1,0,2746
17765,101,-148,-9079,0,1,0,2746
17766,102,-148,-9079,0,1,0,2544
17767,103,-148,-9079,0,1,0,2544
17768,104,-148,-9079,0,1,0,2544
17769,105,-148,-9079,0,1,0,2541
17770,106,-148,-9079,0,1,0,2241
17771,107,-148,-9079,0,1,0,2241
17772,108,-148,-9079,0,1,0,2241
17773,109,-148,-9079,0,1,0,2241
17774,110,-148,-9079,0,1,0,2241
17775,111,-148,-9079,0,1,0,2241
17776,112,-148,-9079,0,1,0,2241
17777,113,-148,-9079,0,1,0,2241
17778,114,-148,-9079,0,1,0,2241
17779,115,-148,-9079,0,1,0,2241
17780,116,-148,-9079,0,1,0,2241
17781,117,-148,-9079,0,1,0,2241
17782,118,-148,-9079,0,1,0,2241
17783,119,-148,-9079,0,1,0,2241
17784,120,-148,-9079,0,1,0,2241
17785,121,-148,-9079,0,1,0,2241
17786,122,-148,-9079,0,1,0,2241
17787,123,-148,-9079,0,1,0,2241
17788,124,-148,-9079,0,1,0,2241
17789,125,-148,-9079,0,1,0,2241
17790,126,-148,-9079,0,1,0,2241
17791,127,-148,-9079,0,1,0,2241
17792,128,-148,-9079,0,1,0,2091
17793,129,-148,-9079,0,1,0,2091
17794,130,-148,-9079,0,1,0,2091
17795,131,-148,-9079,0,1,0,2091
17796,132,-148,-9079,0,1,0,1791
17797,133,-148,-9079,0,1,0,1791
17798,134,-148,-9079,0,1,0,1791
17799,135,-148,-9079,0,1,0,1791
17800,136,-148,-9079,0,1,0,1791
17801,137,-148,-9079,0,1,0,1254
17802,138,-148,-9079,0,1,0,1254
17803,139,-148,-9079,0,1,0,1254
17804,140,-148,-9079,0,1,0,841
17805,141,-148,-9079,0,1,0,841
17806,142,-148,-9079,0,1,0,841
17807,143,-148,-9079,0,1,0,841
17808,144,-148,-9079,0,1,0,841
17809,145,-148,-9079,0,1,0,841
17810,146,-148,-9079,0,1,0,841
17811,147,-148,-9079,0,1,0,841
17812,148,-148,-9079,0,1,0,841
17813,149,-148,-9079,0,1,0,841
17814,150,-148,-9079,0,1,0,841
17815,151,-148,-9079,0,1,0,841
17816,152,-148,-9079,0,1,0,841
17817,153,-148,-9079,0,1,0,841
17818,154,-148,-9079,0,1,0,841
17819,155,-148,-9079,0,1,0,841
17820,156,-148,-9079,0,1,0,841
17821,157,-148,-9079,0,1,0,841
17822,158,-148,-9079,0,1,0,841
17823,159,-148,-9079,0,1,0,841
17824,160,-148,-9079,0,1,0,841
17825,161,-148,-9079,0,1,0,841
17826,162,-148,-9079,0,1,0,841
17827,163,-148,-9079,0,1,0,841
17828,164,-148,-9079,0,1,0,841
17829,165,-148,-9079,0,1,0,841
17830,166,-148,-9079,0,1,0,841
17831,167,-148,-9079,0,1,0,841
17832,168,-148,-9079,0,1,0,841
17833,169,-148,-9079,0,1,0,841
17834,170,-148,-9079,0,1,0,841
17835,171,-148,-9079,0,1,0,841
17836,172,-148,-9079,0,1,0,841
17837,173,-148,-9079,0,1,0,841
17838,174,-148,-9079,0,1,0,841
17839,175,-148,-9079,0,1,0,841
17840,176,-148,-9079,0,1,0,841
17841,177,-148,-9079,0,1,0,841
17842,178,-148,-9079,0,1,0,841
17843,179,-148,-9079,0,1,0,841
17844,180,-148,-9079,0,1,0,841
17845,181,-148,-9079,0,1,0,841
17846,182,-148,-9079,0,1,0,841
17847,183,-148,-9079,0,1,0,841
17848,184,-148,-9079,0,1,0,841
17849,185,-148,-9079,0,1,0,841
17850,186,-148,-9079,0,1,0,841
17851,187,-148,-9079,0,1,0,841
17852,188,-148,-9079,0,1,0,841
17853,189,-148,-9079,0,1,0,841
17854,190,-148,-9079,0,1,0,841
17855,191,-148,-9079,0,1,0,841
17856,192,-148,-9079,0,1,0,841
17857,193,-148,-9079,0,1,0,841
17858,194,-148,-9079,0,1,0,841
17859,195,-148,-9079,0,1,0,841
17860,196,-148,-9079,0,1,0,841
17861,197,-148,-9079,0,1,0,841
17862,198,-148,-9079,0,1,0,841
17863,199,-148,-9079,0,1,0,841
17864,200,-148,-9079,0,1,0,841
17865,201,-148,-9079,0,1,0,841
17866,202,-148,-9079,0,1,0,841
17867,203,-148,-9079,0,1,0,841
17868,204,-148,-9079,0,1,0,841
17869,205,-148,-9079,0,1,0,841
17870,206,-148,-9079,0,1,0,841
17871,207,-148,-9079,0,1,0,841
17872,208,-148,-9079,0,1,0,841
17873,209,-148,-9079,0,1,0,841
17874,210,-148,-9079,0,1,0,841
17875,211,-148,-9079,0,1,0,841
17876,212,-148,-9079,0,1,0,841
17877,213,-148,-9079,0,1,0,841
17878,214,-148,-9079,0,1,0,841
17879,215,-148,-9079,0,1,0,841
17880,216,-148,-9079,0,1,0,841
17881,217,-148,-9079,0,1,0,841
17882,218,-148,-9079,0,1,0,841
17883,219,-148,-9079,0,1,0,841
17884,220,-148,-9079,0,1,0,841
17885,221,-148,-9079,0,1,0,741
17886,222,-148,-9079,0,1,0,741
17887,223,-148,-9079,0,1,0,741
17888,224,-148,-9079,0,1,0,741
17889,225,-148,-9079,0,1,0,641
17890,226,-148,-9079,0,1,0,641
17891,227,-148,-9079,0,1,0,641
17892,228,-148,-9079,0,1,0,641
17893,229,-148,-9079,0,1,0,123
17894,230,-148,-9079,0,1,0,123
17895,231,-148,-9079,0,1,0,123
17896,232,-148,-9079,0,1,0,123
17897,233,-148,-9079,0,1,0,123
17898,234,-148,-9079,0,1,0,123
17899,235,-148,-9079,0,1,0,123
17900,236,-148,-9079,0,1,0,41
17901,237,-148,-9079,0,1,0,-59
17902,238,-148,-9079,0,1,0,-59
17903,239,-148,-9079,0,1,0,-59
17904,240,-148,-9079,0,1,0,-59
17905,241,-148,-9079,0,1,0,-59
17906,242,-148,-9079,0,1,0,-59
17907,243,-148,-9079,0,1,0,-59
17908,244,-148,-9079,0,1,0,-59
17909,245,-148,-9079,0,1,0,-59
17910,246,-148,-9079,0,1,0,-59
17911,247,-148,-9079,0,1,0,-59
17912,248,-148,-9079,0,1,0,-9
17913,249,-148,-9079,0,1,0,-9
17914,250,-148,-9079,0,1,0,-9
17915,251,-148,-9079,0,1,0,-9
17916,252,-148,-9079,0,1,0,90
17917,253,-148,-9079,0,1,0,90
17918,254,-148,-9079,0,1,0,90
17919,255,-148,-9079,0,1,0,90
17920,0,-148,-9079,0,1,0,-210
17921,1,-148,-9079,0,1,0,-210
17922,2,-148,-9079,0,1,0,-210
17923,3,-148,-9079,0,1,0,-210
17924,4,-148,-9079,0,1,0,-210
17925,5,-148,-9079,0,1,0,-210
17926,6,-148,-9079,0,1,0,-210
17927,7,-148,-9079,0,1,0,-177
17928,8,-148,-9079,0,1,0,-177
17929,9,-148,-9079,0,1,0,-177
17930,10,-148,-9079,0,1,0,-177
17931,11,-148,-9079,0,1,0,-177
17932,12,-148,-9079,0,1,0,-177
17933,13,-148,-9079,0,1,0,-100
17934,14,-148,-9079,0,1,0,131
17935,15,-148,-9079,0,1,0,131
17936,16,-148,-9079,0,1,0,250
17937,17,-148,-9079,0,1,0,492
17938,18,-148,-9079,0,1,0,492
17939,19,-148,-9079,0,1,0,492
17940,20,-148,-9079,0,1,0,492
17941,21,-148,-9079,0,1,0,492
17942,22,-148,-9079,0,1,0,492
17943,23,-148,-9079,0,1,0,492
17944,24,-148,-9079,0,1,0,492
17945,25,-148,-9079,0,1,0,492
17946,26,-148,-9079,0,1,0,492
17947,27,-148,-9079,0,1,0,492
17948,28,-148,-9079,0,1,0,492
17949,29,-148,-9079,0,1,0,492
17950,30,-148,-9079,0,1,0,492
17951,31,-148,-9079,0,1,0,492
17952,32,-148,-9079,0,1,0,492
17953,33,-148,-9079,0,1,0,492
17954,34,-148,-9079,0,1,0,492
17955,35,-148,-9079,0,1,0,492
17956,36,-148,-9079,0,1,0,492
17957,37,-148,-9079,0,1,0,492
17958,38,-148,-9079,0,1,0,492
17959,39,-148,-9079,0,1,0,492
17960,40,-148,-9079,0,1,0,492
17961,41,-148,-9079,0,1,0,593
17962,42,-148,-9079,0,1,0,593
17963,43,-148,-9079,0,1,0,593
17964,44,-148,-9079,0,1,0,593
17965,45,-148,-9079,0,1,0,593
17966,46,-148,-9079,0,1,0,810
17967,47,-148,-9079,0,1,0,810
17968,48,-148,-9079,0,1,0,810
17969,49,-148,-9079,0,1,0,810
17970,50,-148,-9079,0,1,0,810
17971,51,-148,-9079,0,1,0,810
17972,52,-148,-9079,0,1,0,810
17973,53,-148,-9079,0,1,0,810
17974,54,-148,-9079,0,1,0,810
17975,55,-148,-9079,0,1,0,810
17976,56,-148,-9079,0,1,0,810
17977,57,-148,-9079,0,1,0,810
17978,58,-148,-9079,0,1,0,810
17979,59,-148,-9079,0,1,0,810
17980,60,-148,-9079,0,1,0,810
17981,61,-148,-9079,0,1,0,810
17982,62,-148,-9079,0,1,0,810
17983,63,-148,-9079,0,1,0,810
17984,64,-148,-9079,0,1,0,711
17985,65,-148,-9079,0,1,0,621
17986,66,-148,-9079,0,1,0,621
17987,67,-148,-9079,0,1,0,628
17988,68,-148,-9079,0,1,0,628
17989,69,-148,-9079,0,1,0,628
17990,70,-148,-9079,0,1,0,628
17991,71,-148,-9079,0,1,0,628
17992,72,-148,-9079,0,1,0,628
17993,73,-148,-9079,0,1,0,628
17994,74,-148,-9079,0,1,0,628
17995,75,-148,-9079,0,1,0,628
17996,76,-148,-9079,0,1,0,628
17997,77,-148,-9079,0,1,0,628
17998,78,-148,-9079,0,1,0,628
17999,79,-148,-9079,0,1,0,628
18000,80,-148,-9079,0,1,0,628
18001,81,-148,-9079,0,1,0,628
18002,82,-148,-9079,0,1,0,628
18003,83,-148,-9079,0,1,0,628
18004,84,-148,-9079,0,1,0,628
18005,85,-148,-9079,0,1,0,628
18006,86,-148,-9079,0,1,0,628
18007,87,-148,-9079,0,1,0,628
18008,88,-148,-9079,0,1,0,628
18009,89,-148,-9079,0,1,0,628
18010,90,-148,-9079,0,1,0,628
18011,91,-148,-9079,0,1,0,628
18012,92,-148,-9079,0,1,0,628
18013,93,-148,-9079,0,1,0,628
18014,94,-148,-9079,0,1,0,628
18015,95,-148,-9079,0,1,0,628
18016,96,-148,-9079,0,1,0,628
18017,97,-148,-9079,0,1,0,628
18018,98,-148,-9079,0,1,0,710
18019,99,-148,-9079,0,1,0,710
18020,100,-148,-9079,0,1,0,710
18021,101,-148,-9079,0,1,0,710
18022,102,-148,-9079,0,1,0,660
18023,103,-148,-9079,0,1,0,660
18024,104,-148,-9079,0,1,0,660
18025,105,-148,-9079,0,1,0,660
18026,106,-148,-9079,0,1,0,660
18027,107,-148,-9079,0,1,0,660
18028,108,-148,-9079,0,1,0,564
18029,109,-148,-9079,0,1,0,510
18030,110,-148,-9079,0,1,0,414
18031,111,-148,-9079,0,1,0,414
18032,112,-148,-9079,0,1,0,414
18033,113,-148,-9079,0,1,0,414
18034,114,-148,-9079,0,1,0,414
18035,115,-148,-9079,0,1,0,414
18036,116,-148,-9079,0,1,0,414
18037,117,-148,-9079,0,1,0,414
18038,118,-148,-9079,0,1,0,414
18039,119,-148,-9079,0,1,0,414
18040,120,-148,-9079,0,1,0,414
18041,121,-148,-9079,0,1,0,414
18042,122,-148,-9079,0,1,0,414
18043,123,-148,-9079,0,1,0,414
18044,124,-148,-9079,0,1,0,414
18045,125,-148,-9079,0,1,0,414
18046,126,-148,-9079,0,1,0,414
18047,127,-148,-9079,0,1,0,414
18048,128,-148,-9079,0,1,0,414
18049,129,-148,-9079,0,1,0,414
18050,130,-148,-9079,0,1,0,414
18051,131,-148,-9079,0,1,0,414
18052,132,-148,-9079,0,1,0,414
18053,133,-148,-9079,0,1,0,414
18054,134,-148,-9079,0,1,0,414
18055,135,-148,-9079,0,1,0,414
18056,136,-148,-9079,0,1,0,414
18057,137,-148,-9079,0,1,0,414
18058,138,-148,-9079,0,1,0,414
18059,139,-148,-9079,0,1,0,414
18060,140,-148,-9079,0,1,0,414
18061,141,-148,-9079,0,1,0,414
18062,142,-148,-9079,0,1,0,414
18063,143,-148,-9079,0,1,0,414
18064,144,-148,-9079,0,1,0,622
18065,145,-148,-9079,0,1,0,679
18066,146,-148,-9079,0,1,0,710
18067,147,-148,-9079,0,1,0,691
18068,148,-148,-9079,0,1,0,691
18069,149,-148,-9079,0,1,0,691
18070,150,-148,-9079,0,1,0,691
18071,151,-148,-9079,0,1,0,691
18072,152,-148,-9079,0,1,0,691
18073,153,-148,-9079,0,1,0,691
18074,154,-148,-9079,0,1,0,691
18075,155,-148,-9079,0,1,0,838
18076,156,-148,-9079,0,1,0,838
18077,157,-148,-9079,0,1,0,816
18078,158,-148,-9079,0,1,0,829
18079,159,-148,-9079,0,1,0,829
18080,160,-148,-9079,0,1,0,829
18081,161,-148,-9079,0,1,0,763
18082,162,-148,-9079,0,1,0,899
18083,163,-148,-9079,0,1,0,989
18084,164,-148,-9079,0,1,0,989
18085,165,-148,-9079,0,1,0,989
18086,166,-148,-9079,0,1,0,989
18087,167,-148,-9079,0,1,0,989
18088,168,-148,-9079,0,1,0,989
18089,169,-148,-9079,0,1,0,989
18090,170,-148,-9079,0,1,0,989
18091,171,-148,-9079,0,1,0,1000
18092,172,-148,-9079,0,1,0,1000
18093,173,-148,-9079,0,1,0,1000
18094,174,-148,-9079,0,1,0,1000
18095,175,-148,-9079,0,1,0,1000
18096,176,-148,-9079,0,1,0,1000
18097,177,-148,-9079,0,1,0,1000
18098,178,-148,-9079,0,1,0,1000
18099,179,-148,-9079,0,1,0,1000
18100,180,-148,-9079,0,1,0,1100
18101,181,-148,-9079,0,1,0,1100
18102,182,-148,-9079,0,1,0,1100
18103,183,-148,-9079,0,1,0,1100
18104,184,-148,-9079,0,1,0,1100
18105,185,-148,-9079,0,1,0,1100
18106,186,-148,-9079,0,1,0,1100
18107,187,-148,-9079,0,1,0,1100
18108,188,-148,-9079,0,1,0,1100
18109,189,-148,-9079,0,1,0,1100
18110,190,-148,-9079,0,1,0,1100
18111,191,-148,-9079,0,1,0,1100
18112,192,-148,-9079,0,1,0,1100
18113,193,-148,-9079,0,1,0,1100
18114,194,-148,-9079,0,1,0,1250
18115,195,-148,-9079,0,1,0,1250
18116,196,-148,-9079,0,1,0,1250
18117,197,-148,-9079,0,1,0,1250
18118,198,-148,-9079,0,1,0,1250
18119,199,-148,-9079,0,1,0,1250
18120,200,-148,-9079,0,1,0,1250
18121,201,-148,-9079,0,1,0,1250
18122,202,-148,-9079,0,1,0,1250
18123,203,-148,-9079,0,1,0,1250
18124,204,-148,-9079,0,1,0,1250
18125,205,-148,-9079,0,1,0,1250
18126,206,-148,-9079,0,1,0,1250
18127,207,-148,-9079,0,1,0,1250
18128,208,-148,-9079,0,1,0,1250
18129,209,-148,-9079,0,1,0,1250
18130,210,-148,-9079,0,1,0,1250
18131,211,-148,-9079,0,1,0,1250
18132,212,-148,-9079,0,1,0,1250
18133,213,-148,-9079,0,1,0,1250
18134,214,-148,-9079,0,1,0,1250
18135,215,-148,-9079,0,1,0,1250
18136,216,-148,-9079,0,1,0,1250
18137,217,-148,-9079,0,1,0,1250
18138,218,-148,-9079,0,1,0,1250
18139,219,-148,-9079,0,1,0,1346
18140,220,-148,-9079,0,1,0,1346
18141,221,-148,-9079,0,1,0,1346
18142,222,-148,-9079,0,1,0,1346
18143,223,-148,-9079,0,1,0,1346
18144,224,-148,-9079,0,1,0,1346
18145,225,-148,-9079,0,1,0,1346
18146,226,-148,-9079,0,1,0,1346
18147,227,-148,-9079,0,1,0,1346
18148,228,-148,-9079,0,1,0,1346
18149,229,-148,-9079,0,1,0,1346
18150,230,-148,-9079,0,1,0,1346
18151,231,-148,-9079,0,1,0,1346
18152,232,-148,-9079,0,1,0,1346
18153,233,-148,-9079,0,1,0,1346
18154,234,-148,-9079,0,1,0,1346
18155,235,-148,-9079,0,1,0,1346
18156,236,-148,-9079,0,1,0,1346
18157,237,-148,-9079,0,1,0,1560
18158,238,-148,-9079,0,1,0,1696
18159,239,-148,-9079,0,1,0,1788
18160,240,-148,-9079,0,1,0,1788
18161,241,-148,-9079,0,1,0,1788
18162,242,-148,-9079,0,1,0,1788
18163,243,-148,-9079,0,1,0,1788
18164,244,-148,-9079,0,1,0,1788
18165,245,-148,-9079,0,1,0,1788
18166,246,-148,-9079,0,1,0,1788
18167,247,-148,-9079,0,1,0,1788
18168,248,-148,-9079,0,1,0,1788
18169,249,-148,-9079,0,1,0,1788
18170,250,-148,-9079,0,1,0,1788
18171,251,-148,-9079,0,1,0,1788
18172,252,-148,-9079,0,1,0,1788
18173,253,-148,-9079,0,1,0,1788
18174,254,-148,-9079,0,1,0,1788
18175,255,-148,-9079,0,1,0,1788
18176,0,-148,-9079,0,1,0,1788
18177,1,-148,-9079,0,1,0,1788
18178,2,-148,-9079,0,1,0,1788
18179,3,-148,-9079,0,1,0,1788
18180,4,-148,-9079,0,1,0,1788
18181,5,-148,-9079,0,1,0,1788
18182,6,-148,-9079,0,1,0,1788
18183,7,-148,-9079,0,1,0,1788
18184,8,-148,-9079,0,1,0,1788
18185,9,-148,-9079,0,1,0,1788
18186,10,-148,-9079,0,1,0,1788
18187,11,-148,-9079,0,1,0,1788
18188,12,-148,-9079,0,1,0,1788
18189,13,-148,-9079,0,1,0,1788
18190,14,-148,-9079,0,1,0,1788
18191,15,-148,-9079,0,1,0,1788
18192,16,-148,-9079,0,1,0,1800
18193,17,-148,-9079,0,1,0,1800
18194,18,-148,-9079,0,1,0,1800
18195,19,-148,-9079,0,1,0,1800
18196,20,-148,-9079,0,1,0,1800
18197,21,-148,-9079,0,1,0,1750
18198,22,-148,-9079,0,1,0,1750
18199,23,-148,-9079,0,1,0,1750
18200,24,-148,-9079,0,1,0,1750
18201,25,-148,-9079,0,1,0,1750
18202,26,-148,-9079,0,1,0,1799
18203,27,-148,-9079,0,1,0,1799
18204,28,-148,-9079,0,1,0,1799
18205,29,-148,-9079,0,1,0,1799
18206,30,-148,-9079,0,1,0,1799
18207,31,-148,-9079,0,1,0,1799
18208,32,-148,-9079,0,1,0,1799
18209,33,-148,-9079,0,1,0,1799
18210,34,-148,-9079,0,1,0,1799
18211,35,-148,-9079,0,1,0,1799
18212,36,-148,-9079,0,1,0,1799
18213,37,-148,-9079,0,1,0,1799
18214,38,-148,-9079,0,1,0,1799
18215,39,-148,-9079,0,1,0,1799
18216,40,-148,-9079,0,1,0,1799
18217,41,-148,-9079,0,1,0,1799
18218,42,-148,-9079,0,1,0,1483
18219,43,-148,-9079,0,1,0,1483
18220,44,-148,-9079,0,1,0,1483
18221,45,-148,-9079,0,1,0,1483
18222,46,-148,-9079,0,1,0,1483
18223,47,-148,-9079,0,1,0,1483
18224,48,-148,-9079,0,1,0,1483
18225,49,-148,-9079,0,1,0,1483
18226,50,-148,-9079,0,1,0,1483
18227,51,-148,-9079,0,1,0,1483
18228,52,-148,-9079,0,1,0,1483
18229,53,-148,-9079,0,1,0,1483
18230,54,-148,-9079,0,1,0,1483
18231,55,-148,-9079,0,1,0,1483
18232,56,-148,-9079,0,1,0,1483
18233,57,-148,-9079,0,1,0,1483
18234,58,-148,-9079,0,1,0,1483
18235,59,-148,-9079,0,1,0,1483
18236,60,-148,-9079,0,1,0,1483
18237,61,-148,-9079,0,1,0,1483
18238,62,-148,-9079,0,1,0,1483
18239,63,-148,-9079,0,1,0,1483
18240,64,-148,-9079,0,1,0,1483
18241,65,-148,-9079,0,1,0,1483
18242,66,-148,-9079,0,1,0,1483
18243,67,-148,-9079,0,1,0,1483
18244,68,-148,-9079,0,1,0,1483
18245,69,-148,-9079,0,1,0,1483
18246,70,-148,-9079,0,1,0,1483
18247,71,-148,-9079,0,1,0,1483
18248,72,-148,-9079,0,1,0,1483
18249,73,-148,-9079,0,1,0,1483
18250,74,-148,-9079,0,1,0,1483
18251,75,-148,-9079,0,1,0,1483
18252,76,-148,-9079,0,1,0,1493
18253,77,-148,-9079,0,1,0,1579
18254,78,-148,-9079,0,1,0,1579
18255,79,-148,-9079,0,1,0,1579
18256,80,-148,-9079,0,1,0,1579
18257,81,-148,-9079,0,1,0,1579
18258,82,-148,-9079,0,1,0,1603
18259,83,-148,-9079,0,1,0,1603
18260,84,-148,-9079,0,1,0,1470
18261,85,-148,-9079,0,1,0,1470
18262,86,-148,-9079,0,1,0,1470
18263,87,-148,-9079,0,1,0,1452
18264,88,-148,-9079,0,1,0,1452
18265,89,-148,-9079,0,1,0,1452
18266,90,-148,-9079,0,1,0,1452
18267,91,-148,-9079,0,1,0,1452
18268,92,-148,-9079,0,1,0,1452
18269,93,-148,-9079,0,1,0,1452
18270,94,-148,-9079,0,1,0,1452
18271,95,-148,-9079,0,1,0,1452
18272,96,-148,-9079,0,1,0,1452
18273,97,-148,-9079,0,1,0,1452
18274,98,-148,-9079,0,1,0,1452
18275,99,-148,-9079,0,1,0,1452
18276,100,-148,-9079,0,1,0,1452
18277,101,-148,-9079,0,1,0,1452
18278,102,-148,-9079,0,1,0,1452
18279,103,-148,-9079,0,1,0,1452
18280,104,-148,-9079,0,1,0,1452
18281,105,-148,-9079,0,1,0,1452
18282,106,-148,-9079,0,1,0,1452
18283,107,-148,-9079,0,1,0,1452
18284,108,-148,-9079,0,1,0,1452
18285,109,-148,-9079,0,1,0,1452
18286,110,-148,-9079,0,1,0,1452
18287,111,-148,-9079,0,1,0,1452
18288,112,-148,-9079,0,1,0,1452
18289,113,-148,-9079,0,1,0,1362
18290,114,-148,-9079,0,1,0,1362
18291,115,-148,-9079,0,1,0,1362
18292,116,-148,-9079,0,1,0,1362
18293,117,-148,-9079,0,1,0,1362
18294,118,-148,-9079,0,1,0,1362
18295,119,-148,-9079,0,1,0,1362
18296,120,-148,-9079,0,1,0,1362
18297,121,-148,-9079,0,1,0,1362
18298,122,-148,-9079,0,1,0,1362
18299,123,-148,-9079,0,1,0,1362
18300,124,-148,-9079,0,1,0,1362
18301,125,-148,-9079,0,1,0,1362
18302,126,-148,-9079,0,1,0,1362
18303,127,-148,-9079,0,1,0,1362
18304,128,-148,-9079,0,1,0,1362
18305,129,-148,-9079,0,1,0,1362
18306,130,-148,-9079,0,1,0,1362
18307,131,-148,-9079,0,1,0,1262
18308,132,-148,-9079,0,1,0,1102
18309,133,-148,-9079,0,1,0,1102
18310,134,-148,-9079,0,1,0,1102
18311,135,-148,-9079,0,1,0,1102
18312,136,-148,-9079,0,1,0,1102
18313,137,-148,-9079,0,1,0,1102
18314,138,-148,-9079,0,1,0,1102
18315,139,-148,-9079,0,1,0,1102
18316,140,-148,-9079,0,1,0,1102
18317,141,-148,-9079,0,1,0,1102
18318,142,-148,-9079,0,1,0,1102
18319,143,-148,-9079,0,1,0,1102
18320,144,-148,-9079,0,1,0,1102
18321,145,-148,-9079,0,1,0,1102
18322,146,-148,-9079,0,1,0,1102
18323,147,-148,-9079,0,1,0,1102
18324,148,-148,-9079,0,1,0,1102
18325,149,-148,-9079,0,1,0,1102
18326,150,-148,-9079,0,1,0,1102
18327,151,-148,-9079,0,1,0,1102
18328,152,-148,-9079,0,1,0,1102
18329,153,-148,-9079,0,1,0,1102
18330,154,-148,-9079,0,1,0,1102
18331,155,-148,-9079,0,1,0,1102
18332,156,-148,-9079,0,1,0,1102
18333,157,-148,-9079,0,1,0,1102
18334,158,-148,-9079,0,1,0,1102
18335,159,-148,-9079,0,1,0,1102
18336,160,-148,-9079,0,1,0,1102
18337,161,-148,-9079,0,1,0,1102
18338,162,-148,-9079,0,1,0,1102
18339,163,-148,-9079,0,1,0,832
18340,164,-148,-9079,0,1,0,832
18341,165,-148,-9079,0,1,0,832
18342,166,-148,-9079,0,1,0,832
18343,167,-148,-9079,0,1,0,832
18344,168,-148,-9079,0,1,0,832
18345,169,-148,-9079,0,1,0,832
18346,170,-148,-9079,0,1,0,832
18347,171,-148,-9079,0,1,0,832
18348,172,-148,-9079,0,1,0,832
18349,173,-148,-9079,0,1,0,832
18350,174,-148,-9079,0,1,0,832
18351,175,-148,-9079,0,1,0,832
18352,176,-148,-9079,0,1,0,832
18353,177,-148,-9079,0,1,0,832
18354,178,-148,-9079,0,1,0,792
18355,179,-148,-9079,0,1,0,792
18356,180,-148,-9079,0,1,0,792
18357,181,-148,-9079,0,1,0,792
18358,182,-148,-9079,0,1,0,792
18359,183,-148,-9079,0,1,0,792
18360,184,-148,-9079,0,1,0,892
18361,185,-148,-9079,0,1,0,892
18362,186,-148,-9079,0,1,0,892
18363,187,-148,-9079,0,1,0,892
18364,188,-148,-9079,0,1,0,892
18365,189,-148,-9079,0,1,0,892
18366,190,-148,-9079,0,1,0,892
18367,191,-148,-9079,0,1,0,817
18368,192,-148,-9079,0,1,0,817
18369,193,-148,-9079,0,1,0,817
18370,194,-148,-9079,0,1,0,768
18371,195,-148,-9079,0,1,0,768
18372,196,-148,-9079,0,1,0,768
18373,197,-148,-9079,0,1,0,768
18374,198,-148,-9079,0,1,0,710
18375,199,-148,-9079,0,1,0,710
18376,200,-148,-9079,0,1,0,710
18377,201,-148,-9079,0,1,0,710
18378,202,-148,-9079,0,1,0,814
18379,203,-148,-9079,0,1,0,934
18380,204,-148,-9079,0,1,0,934
18381,205,-148,-9079,0,1,0,934
18382,206,-148,-9079,0,1,0,934
18383,207,-148,-9079,0,1,0,934
18384,208,-148,-9079,0,1,0,934
18385,209,-148,-9079,0,1,0,839
18386,210,-148,-9079,0,1,0,815
18387,211,-148,-9079,0,1,0,822
18388,212,-148,-9079,0,1,0,929
18389,213,-148,-9079,0,1,0,929
18390,214,-148,-9079,0,1,0,929
18391,215,-148,-9079,0,1,0,929
18392,216,-148,-9079,0,1,0,944
18393,217,-148,-9079,0,1,0,944
18394,218,-148,-9079,0,1,0,944
18395,219,-148,-9079,0,1,0,944
18396,220,-148,-9079,0,1,0,990
18397,221,-148,-9079,0,1,0,990
18398,222,-148,-9079,0,1,0,990
18399,223,-148,-9079,0,1,0,990
18400,224,-148,-9079,0,1,0,990
18401,225,-148,-9079,0,1,0,990
18402,226,-148,-9079,0,1,0,990
18403,227,-148,-9079,0,1,0,990
18404,228,-148,-9079,0,1,0,990
18405,229,-148,-9079,0,1,0,990
18406,230,-148,-9079,0,1,0,990
18407,231,-148,-9079,0,1,0,990
18408,232,-148,-9079,0,1,0,990
18409,233,-148,-9079,0,1,0,990
18410,234,-148,-9079,0,1,0,1004
18411,235,-148,-9079,0,1,0,929
18412,236,-148,-9079,0,1,0,754
18413,237,-148,-9079,0,1,0,829
18414,238,-148,-9079,0,1,0,829
18415,239,-148,-9079,0,1,0,829
18416,240,-148,-9079,0,1,0,829
18417,241,-148,-9079,0,1,0,829
18418,242,-148,-9079,0,1,0,974
18419,243,-148,-9079,0,1,0,974
18420,244,-148,-9079,0,1,0,974
18421,245,-148,-9079,0,1,0,974
18422,246,-148,-9079,0,1,0,974
18423,247,-148,-9079,0,1,0,974
18424,248,-148,-9079,0,1,0,974
18425,249,-148,-9079,0,1,0,974
18426,250,-148,-9079,0,1,0,974
18427,251,-148,-9079,0,1,0,974
18428,252,-148,-9079,0,1,0,1171
18429,253,-148,-9079,0,1,0,1171
18430,254,-148,-9079,0,1,0,1171
18431,255,-148,-9079,0,1,0,1171
18432,0,-148,-9079,0,1,0,1067
18433,1,-148,-9079,0,1,0,1067
18434,2,-148,-9079,0,1,0,1067
18435,3,-148,-9079,0,1,0,1067
18436,4,-148,-9079,0,1,0,1067
18437,5,-148,-9079,0,1,0,1067
18438,6,-148,-9079,0,1,0,817
18439,7,-148,-9079,0,1,0,817
18440,8,-148,-9079,0,1,0,817
18441,9,-148,-9079,0,1,0,817
18442,10,-148,-9079,0,1,0,817
18443,11,-148,-9079,0,1,0,817
18444,12,-148,-9079,0,1,0,817
18445,13,-148,-9079,0,1,0,817
18446,14,-148,-9079,0,1,0,817
18447,15,-148,-9079,0,1,0,712
18448,16,-148,-9079,0,1,0,712
18449,17,-148,-9079,0,1,0,712
18450,18,-148,-9079,0,1,0,712
18451,19,-148,-9079,0,1,0,712
18452,20,-148,-9079,0,1,0,712
18453,21,-148,-9079,0,1,0,712
18454,22,-148,-9079,0,1,0,712
18455,23,-148,-9079,0,1,0,661
18456,24,-148,-9079,0,1,0,661
18457,25,-148,-9079,0,1,0,661
18458,26,-148,-9079,0,1,0,661
18459,27,-148,-9079,0,1,0,661
18460,28,-148,-9079,0,1,0,661
18461,29,-148,-9079,0,1,0,661
18462,30,-148,-9079,0,1,0,661
18463,31,-148,-9079,0,1,0,661
18464,32,-148,-9079,0,1,0,661
18465,33,-148,-9079,0,1,0,661
18466,34,-148,-9079,0,1,0,661
18467,35,-148,-9079,0,1,0,661
18468,36,-148,-9079,0,1,0,661
18469,37,-148,-9079,0,1,0,661
18470,38,-148,-9079,0,1,0,661
18471,39,-148,-9079,0,1,0,661
18472,40,-148,-9079,0,1,0,661
18473,41,-148,-9079,0,1,0,661
18474,42,-148,-9079,0,1,0,661
18475,43,-148,-9079,0,1,0,661
18476,44,-148,-9079,0,1,0,661
18477,45,-148,-9079,0,1,0,550
18478,46,-148,-9079,0,1,0,550
18479,47,-148,-9079,0,1,0,550
18480,48,-148,-9079,0,1,0,550
18481,49,-148,-9079,0,1,0,550
18482,50,-148,-9079,0,1,0,550
18483,51,-148,-9079,0,1,0,550
18484,52,-148,-9079,0,1,0,550
18485,53,-148,-9079,0,1,0,550
18486,54,-148,-9079,0,1,0,550
18487,55,-148,-9079,0,1,0,261
18488,56,-148,-9079,0,1,0,261
18489,57,-148,-9079,0,1,0,261
18490,58,-148,-9079,0,1,0,261
18491,59,-148,-9079,0,1,0,261
18492,60,-148,-9079,0,1,0,261
18493,61,-148,-9079,0,1,0,261
18494,62,-148,-9079,0,1,0,261
18495,63,-148,-9079,0,1,0,136
18496,64,-148,-9079,0,1,0,136
18497,65,-148,-9079,0,1,0,136
18498,66,-148,-9079,0,1,0,136
18499,67,-148,-9079,0,1,0,136
18500,68,-148,-9079,0,1,0,136
18501,69,-148,-9079,0,1,0,136
18502,70,-148,-9079,0,1,0,-64
18503,71,-148,-9079,0,1,0,-64
18504,72,-148,-9079,0,1,0,-64
18505,73,-148,-9079,0,1,0,-64
18506,74,-148,-9079,0,1,0,-64
18507,75,-148,-9079,0,1,0,-64
18508,76,-148,-9079,0,1,0,-250
18509,77,-148,-9079,0,1,0,-250
18510,78,-148,-9079,0,1,0,-250
18511,79,-148,-9079,0,1,0,-250
18512,80,-148,-9079,0,1,0,-250
18513,81,-148,-9079,0,1,0,-250
18514,82,-148,-9079,0,1,0,-250
18515,83,-148,-9079,0,1,0,-250
18516,84,-148,-9079,0,1,0,-250
18517,85,-148,-9079,0,1,0,-250
18518,86,-148,-9079,0,1,0,-250
18519,87,-148,-9079,0,1,0,-250
18520,88,-148,-9079,0,1,0,-241
18521,89,-148,-9079,0,1,0,-241
18522,90,-148,-9079,0,1,0,-216
18523,91,-148,-9079,0,1,0,-234
18524,92,-148,-9079,0,1,0,-234
18525,93,-148,-9079,0,1,0,-234
18526,94,-148,-9079,0,1,0,-234
18527,95,-148,-9079,0,1,0,-434
18528,96,-148,-9079,0,1,0,-434
18529,97,-148,-9079,0,1,0,-434
18530,98,-148,-9079,0,1,0,-434
18531,99,-148,-9079,0,1,0,-434
18532,100,-148,-9079,0,1,0,-434
18533,101,-148,-9079,0,1,0,-680
18534,102,-148,-9079,0,1,0,-680
18535,103,-148,-9079,0,1,0,-680
18536,104,-148,-9079,0,1,0,-680
18537,105,-148,-9079,0,1,0,-680
18538,106,-148,-9079,0,1,0,-680
18539,107,-148,-9079,0,1,0,-680
18540,108,-148,-9079,0,1,0,-680
18541,109,-148,-9079,0,1,0,-680
18542,110,-148,-9079,0,1,0,-980
18543,111,-148,-9079,0,1,0,-881
18544,112,-148,-9079,0,1,0,-880
18545,113,-148,-9079,0,1,0,-781
18546,114,-148,-9079,0,1,0,-781
18547,115,-148,-9079,0,1,0,-706
18548,116,-148,-9079,0,1,0,-706
18549,117,-148,-9079,0,1,0,-706
18550,118,-148,-9079,0,1,0,-706
18551,119,-148,-9079,0,1,0,-706
18552,120,-148,-9079,0,1,0,-706
18553,121,-148,-9079,0,1,0,-706
18554,122,-148,-9079,0,1,0,-706
18555,123,-148,-9079,0,1,0,-706
18556,124,-148,-9079,0,1,0,-706
18557,125,-148,-9079,0,1,0,-706
18558,126,-148,-9079,0,1,0,-706
18559,127,-148,-9079,0,1,0,-706
18560,128,-148,-9079,0,1,0,-706
18561,129,-148,-9079,0,1,0,-686
18562,130,-148,-9079,0,1,0,-686
18563,131,-148,-9079,0,1,0,-686
18564,132,-148,-9079,0,1,0,-486
18565,133,-148,-9079,0,1,0,-486
18566,134,-148,-9079,0,1,0,-486
18567,135,-148,-9079,0,1,0,-486
18568,136,-148,-9079,0,1,0,-486
18569,137,-148,-9079,0,1,0,-486
18570,138,-148,-9079,0,1,0,-286
18571,139,-148,-9079,0,1,0,-286
18572,140,-148,-9079,0,1,0,-286
18573,141,-148,-9079,0,1,0,-286
18574,142,-148,-9079,0,1,0,-286
18575,143,-148,-9079,0,1,0,-286
18576,144,-148,-9079,0,1,0,-286
18577,145,-148,-9079,0,1,0,-286
18578,146,-148,-9079,0,1,0,-286
18579,147,-148,-9079,0,1,0,-286
18580,148,-148,-9079,0,1,0,-286
18581,149,-148,-9079,0,1,0,-286
18582,150,-148,-9079,0,1,0,-286
18583,151,-148,-9079,0,1,0,-286
18584,152,-148,-9079,0,1,0,-286
18585,153,-148,-9079,0,1,0,-286
18586,154,-148,-9079,0,1,0,-286
18587,155,-148,-9079,0,1,0,-286
18588,156,-148,-9079,0,1,0,-286
18589,157,-148,-9079,0,1,0,-286
18590,158,-148,-9079,0,1,0,-286
18591,159,-148,-9079,0,1,0,-286
18592,160,-148,-9079,0,1,0,-286
18593,161,-148,-9079,0,1,0,-286
18594,162,-148,-9079,0,1,0,-286
18595,163,-148,-9079,0,1,0,-286
18596,164,-148,-9079,0,1,0,-286
18597,165,-148,-9079,0,1,0,-286
18598,166,-148,-9079,0,1,0,-286
18599,167,-148,-9079,0,1,0,-286
18600,168,-148,-9079,0,1,0,-286
18601,169,-148,-9079,0,1,0,-286
18602,170,-148,-9079,0,1,0,-286
18603,171,-148,-9079,0,1,0,-286
18604,172,-148,-9079,0,1,0,-286
18605,173,-148,-9079,0,1,0,-286
18606,174,-148,-9079,0,1,0,-286
18607,175,-148,-9079,0,1,0,-286
18608,176,-148,-9079,0,1,0,-286
18609,177,-148,-9079,0,1,0,-286
18610,178,-148,-9079,0,1,0,-286
18611,179,-148,-9079,0,1,0,-286
18612,180,-148,-9079,0,1,0,-286
18613,181,-148,-9079,0,1,0,-286
18614,182,-148,-9079,0,1,0,-286
18615,183,-148,-9079,0,1,0,-286
18616,184,-148,-9079,0,1,0,-286
18617,185,-148,-9079,0,1,0,-286
18618,186,-148,-9079,0,1,0,-186
18619,187,-148,-9079,0,1,0,-99
18620,188,-148,-9079,0,1,0,-99
18621,189,-148,-9079,0,1,0,-99
18622,190,-148,-9079,0,1,0,-99
18623,191,-148,-9079,0,1,0,-99
18624,192,-148,-9079,0,1,0,-49
18625,193,-148,-9079,0,1,0,-49
18626,194,-148,-9079,0,1,0,-49
18627,195,-148,-9079,0,1,0,-49
18628,196,-148,-9079,0,1,0,-49
18629,197,-148,-9079,0,1,0,244
18630,198,-148,-9079,0,1,0,244
18631,199,-148,-9079,0,1,0,244
18632,200,-148,-9079,0,1,0,244
18633,201,-148,-9079,0,1,0,244
18634,202,-148,-9079,0,1,0,244
18635,203,-148,-9079,0,1,0,244
18636,204,-148,-9079,0,1,0,244
18637,205,-148,-9079,0,1,0,244
18638,206,-148,-9079,0,1,0,244
18639,207,-148,-9079,0,1,0,244
18640,208,-148,-9079,0,1,0,244
18641,209,-148,-9079,0,1,0,244
18642,210,-148,-9079,0,1,0,244
18643,211,-148,-9079,0,1,0,741
18644,212,-148,-9079,0,1,0,741
18645,213,-148,-9079,0,1,0,741
18646,214,-148,-9079,0,1,0,741
18647,215,-148,-9079,0,1,0,741
18648,216,-148,-9079,0,1,0,741
18649,217,-148,-9079,0,1,0,844
18650,218,-148,-9079,0,1,0,1341
18651,219,-148,-9079,0,1,0,1341
18652,220,-148,-9079,0,1,0,1345
18653,221,-148,-9079,0,1,0,1844
18654,222,-148,-9079,0,1,0,1844
18655,223,-148,-9079,0,1,0,1844
18656,224,-148,-9079,0,1,0,1844
18657,225,-148,-9079,0,1,0,1844
18658,226,-148,-9079,0,1,0,1844
18659,227,-148,-9079,0,1,0,1844
18660,228,-148,-9079,0,1,0,1844
18661,229,-148,-9079,0,1,0,1844
18662,230,-148,-9079,0,1,0,1844
18663,231,-148,-9079,0,1,0,1844
18664,232,-148,-9079,0,1,0,1945
18665,233,-148,-9079,0,1,0,2010
18666,234,-148,-9079,0,1,0,2010
18667,235,-148,-9079,0,1,0,2010
18668,236,-148,-9079,0,1,0,2010
18669,237,-148,-9079,0,1,0,2135
18670,238,-148,-9079,0,1,0,2335
18671,239,-148,-9079,0,1,0,2335
18672,240,-148,-9079,0,1,0,2500
18673,241,-148,-9079,0,1,0,2624
18674,242,-148,-9079,0,1,0,2624
18675,243,-148,-9079,0,1,0,2624
18676,244,-148,-9079,0,1,0,2500
18677,245,-148,-9079,0,1,0,2624
18678,246,-148,-9079,0,1,0,2624
18679,247,-148,-9079,0,1,0,2624
18680,248,-148,-9079,0,1,0,2400
18681,249,-148,-9079,0,1,0,2027
18682,250,-148,-9079,0,1,0,2124
18683,251,-148,-9079,0,1,0,2003
18684,252,-148,-9079,0,1,0,2003
18685,253,-148,-9079,0,1,0,2003
18686,254,-148,-9079,0,1,0,2003
18687,255,-148,-9079,0,1,0,2003
18688,0,-148,-9079,0,1,0,1900
18689,1,-148,-9079,0,1,0,1900
18690,2,-148,-9079,0,1,0,1900
18691,3,-148,-9079,0,1,0,1400
18692,4,-148,-9079,0,1,0,1400
18693,5,-148,-9079,0,1,0,1400
18694,6,-148,-9079,0,1,0,1400
18695,7,-148,-9079,0,1,0,1400
18696,8,-148,-9079,0,1,0,1400
18697,9,-148,-9079,0,1,0,1400
18698,10,-148,-9079,0,1,0,1400
18699,11,-148,-9079,0,1,0,1400
18700,12,-148,-9079,0,1,0,1400
18701,13,-148,-9079,0,1,0,1685
18702,14,-148,-9079,0,1,0,1685
18703,15,-148,-9079,0,1,0,1685
18704,16,-148,-9079,0,1,0,1685
18705,17,-148,-9079,0,1,0,1685
18706,18,-148,-9079,0,1,0,1635
18707,19,-148,-9079,0,1,0,1862
18708,20,-148,-9079,0,1,0,1862
18709,21,-148,-9079,0,1,0,1862
18710,22,-148,-9079,0,1,0,1862
18711,23,-148,-9079,0,1,0,1862
18712,24,-148,-9079,0,1,0,1862
18713,25,-148,-9079,0,1,0,1862
18714,26,-148,-9079,0,1,0,1862
18715,27,-148,-9079,0,1,0,1862
18716,28,-148,-9079,0,1,0,1862
18717,29,-148,-9079,0,1,0,1862
18718,30,-148,-9079,0,1,0,1862
18719,31,-148,-9079,0,1,0,1862
18720,32,-148,-9079,0,1,0,1862
18721,33,-148,-9079,0,1,0,1862
18722,34,-148,-9079,0,1,0,1862
18723,35,-148,-9079,0,1,0,1862
18724,36,-148,-9079,0,1,0,1862
18725,37,-148,-9079,0,1,0,1862
18726,38,-148,-9079,0,1,0,1862
18727,39,-148,-9079,0,1,0,1862
18728,40,-148,-9079,0,1,0,1862
18729,41,-148,-9079,0,1,0,1862
18730,42,-148,-9079,0,1,0,1862
18731,43,-148,-9079,0,1,0,1862
18732,44,-148,-9079,0,1,0,1862
18733,45,-148,-9079,0,1,0,1862
18734,46,-148,-9079,0,1,0,1862
18735,47,-148,-9079,0,1,0,1862
18736,48,-148,-9079,0,1,0,1862
18737,49,-148,-9079,0,1,0,1862
18738,50,-148,-9079,0,1,0,1862
18739,51,-148,-9079,0,1,0,1862
18740,52,-148,-9079,0,1,0,1862
18741,53,-148,-9079,0,1,0,1753
18742,54,-148,-9079,0,1,0,1753
18743,55,-148,-9079,0,1,0,1753
18744,56,-148,-9079,0,1,0,1753
18745,57,-148,-9079,0,1,0,1429
18746,58,-148,-9079,0,1,0,1429
18747,59,-148,-9079,0,1,0,1429
18748,60,-148,-9079,0,1,0,1429
18749,61,-148,-9079,0,1,0,1429
18750,62,-148,-9079,0,1,0,1429
18751,63,-148,-9079,0,1,0,1429
18752,64,-148,-9079,0,1,0,1429
18753,65,-148,-9079,0,1,0,1429
18754,66,-148,-9079,0,1,0,1429
18755,67,-148,-9079,0,1,0,1429
18756,68,-148,-9079,0,1,0,1429
18757,69,-148,-9079,0,1,0,1429
18758,70,-148,-9079,0,1,0,1429
18759,71,-148,-9079,0,1,0,1429
18760,72,-148,-9079,0,1,0,1429
18761,73,-148,-9079,0,1,0,1429
18762,74,-148,-9079,0,1,0,1429
18763,75,-148,-9079,0,1,0,1429
18764,76,-148,-9079,0,1,0,1429
18765,77,-148,-9079,0,1,0,1429
18766,78,-148,-9079,0,1,0,1429
18767,79,-148,-9079,0,1,0,1429
18768,80,-148,-9079,0,1,0,1429
18769,81,-148,-9079,0,1,0,1429
18770,82,-148,-9079,0,1,0,1354
18771,83,-148,-9079,0,1,0,1354
18772,84,-148,-9079,0,1,0,1354
18773,85,-148,-9079,0,1,0,1354
18774,86,-148,-9079,0,1,0,1354
18775,87,-148,-9079,0,1,0,1354
18776,88,-148,-9079,0,1,0,1354
18777,89,-148,-9079,0,1,0,1354
18778,90,-148,-9079,0,1,0,1354
18779,91,-148,-9079,0,1,0,1354
18780,92,-148,-9079,0,1,0,1354
18781,93,-148,-9079,0,1,0,1178
18782,94,-148,-9079,0,1,0,1178
18783,95,-148,-9079,0,1,0,1178
18784,96,-148,-9079,0,1,0,1178
18785,97,-148,-9079,0,1,0,1178
18786,98,-148,-9079,0,1,0,1178
18787,99,-148,-9079,0,1,0,1178
18788,100,-148,-9079,0,1,0,1178
18789,101,-148,-9079,0,1,0,1178
18790,102,-148,-9079,0,1,0,1178
18791,103,-148,-9079,0,1,0,1178
18792,104,-148,-9079,0,1,0,854
18793,105,-148,-9079,0,1,0,854
18794,106,-148,-9079,0,1,0,854
18795,107,-148,-9079,0,1,0,854
18796,108,-148,-9079,0,1,0,854
18797,109,-148,-9079,0,1,0,854
18798,110,-148,-9079,0,1,0,654
18799,111,-148,-9079,0,1,0,654
18800,112,-148,-9079,0,1,0,654
18801,113,-148,-9079,0,1,0,654
18802,114,-148,-9079,0,1,0,654
18803,115,-148,-9079,0,1,0,654
18804,116,-148,-9079,0,1,0,654
18805,117,-148,-9079,0,1,0,478
18806,118,-148,-9079,0,1,0,478
18807,119,-148,-9079,0,1,0,478
18808,120,-148,-9079,0,1,0,478
18809,121,-148,-9079,0,1,0,478
18810,122,-148,-9079,0,1,0,478
18811,123,-148,-9079,0,1,0,478
18812,124,-148,-9079,0,1,0,478
18813,125,-148,-9079,0,1,0,478
18814,126,-148,-9079,0,1,0,478
18815,127,-148,-9079,0,1,0,354
18816,128,-148,-9079,0,1,0,354
18817,129,-148,-9079,0,1,0,354
18818,130,-148,-9079,0,1,0,354
18819,131,-148,-9079,0,1,0,354
18820,132,-148,-9079,0,1,0,354
18821,133,-148,-9079,0,1,0,354
18822,134,-148,-9079,0,1,0,354
18823,135,-148,-9079,0,1,0,354
18824,136,-148,-9079,0,1,0,354
18825,137,-148,-9079,0,1,0,354
18826,138,-148,-9079,0,1,0,354
18827,139,-148,-9079,0,1,0,354
18828,140,-148,-9079,0,1,0,354
18829,141,-148,-9079,0,1,0,279
18830,142,-148,-9079,0,1,0,279
18831,143,-148,-9079,0,1,0,279
18832,144,-148,-9079,0,1,0,279
18833,145,-148,-9079,0,1,0,279
18834,146,-148,-9079,0,1,0,279
18835,147,-148,-9079,0,1,0,279
18836,148,-148,-9079,0,1,0,279
18837,149,-148,-9079,0,1,0,279
18838,150,-148,-9079,0,1,0,279
18839,151,-148,-9079,0,1,0,279
18840,152,-148,-9079,0,1,0,279
18841,153,-148,-9079,0,1,0,279
18842,154,-148,-9079,0,1,0,279
18843,155,-148,-9079,0,1,0,279
18844,156,-148,-9079,0,1,0,103
18845,157,-148,-9079,0,1,0,103
18846,158,-148,-9079,0,1,0,103
18847,159,-148,-9079,0,1,0,103
18848,160,-148,-9079,0,1,0,103
18849,161,-148,-9079,0,1,0,103
18850,162,-148,-9079,0,1,0,103
18851,163,-148,-9079,0,1,0,103
18852,164,-148,-9079,0,1,0,103
18853,165,-148,-9079,0,1,0,103
18854,166,-148,-9079,0,1,0,103
18855,167,-148,-9079,0,1,0,103
18856,168,-148,-9079,0,1,0,103
18857,169,-148,-9079,0,1,0,103
18858,170,-148,-9079,0,1,0,103
18859,171,-148,-9079,0,1,0,103
18860,172,-148,-9079,0,1,0,103
18861,173,-148,-9079,0,1,0,103
18862,174,-148,-9079,0,1,0,103
18863,175,-148,-9079,0,1,0,103
18864,176,-148,-9079,0,1,0,118
18865,177,-148,-9079,0,1,0,118
18866,178,-148,-9079,0,1,0,118
18867,179,-148,-9079,0,1,0,118
18868,180,-148,-9079,0,1,0,118
18869,181,-148,-9079,0,1,0,118
18870,182,-148,-9079,0,1,0,118
18871,183,-148,-9079,0,1,0,118
18872,184,-148,-9079,0,1,0,118
18873,185,-148,-9079,0,1,0,118
18874,186,-148,-9079,0,1,0,118
18875,187,-148,-9079,0,1,0,118
18876,188,-148,-9079,0,1,0,118
18877,189,-148,-9079,0,1,0,118
18878,190,-148,-9079,0,1,0,118
18879,191,-148,-9079,0,1,0,118
18880,192,-148,-9079,0,1,0,118
18881,193,-148,-9079,0,1,0,118
18882,194,-148,-9079,0,1,0,118
18883,195,-148,-9079,0,1,0,118
18884,196,-148,-9079,0,1,0,118
18885,197,-148,-9079,0,1,0,118
18886,198,-148,-9079,0,1,0,118
18887,199,-148,-9079,0,1,0,118
18888,200,-148,-9079,0,1,0,118
18889,201,-148,-9079,0,1,0,118
18890,202,-148,-9079,0,1,0,118
18891,203,-148,-9079,0,1,0,118
18892,204,-148,-9079,0,1,0,118
18893,205,-148,-9079,0,1,0,118
18894,206,-148,-9079,0,1,0,118
18895,207,-148,-9079,0,1,0,118
18896,208,-148,-9079,0,1,0,118
18897,209,-148,-9079,0,1,0,118
18898,210,-148,-9079,0,1,0,118
18899,211,-148,-9079,0,1,0,118
18900,212,-148,-9079,0,1,0,118
18901,213,-148,-9079,0,1,0,118
18902,214,-148,-9079,0,1,0,118
18903,215,-148,-9079,0,1,0,118
18904,216,-148,-9079,0,1,0,118
18905,217,-148,-9079,0,1,0,118
18906,218,-148,-9079,0,1,0,118
18907,219,-148,-9079,0,1,0,118
18908,220,-148,-9079,0,1,0,118
18909,221,-148,-9079,0,1,0,118
18910,222,-148,-9079,0,1,0,118
18911,223,-148,-9079,0,1,0,118
18912,224,-148,-9079,0,1,0,118
18913,225,-148,-9079,0,1,0,-282
18914,226,-148,-9079,0,1,0,-282
18915,227,-148,-9079,0,1,0,-282
18916,228,-148,-9079,0,1,0,-282
18917,229,-148,-9079,0,1,0,-282
18918,230,-148,-9079,0,1,0,-282
18919,231,-148,-9079,0,1,0,-432
18920,232,-148,-9079,0,1,0,-432
18921,233,-148,-9079,0,1,0,-432
18922,234,-148,-9079,0,1,0,-432
18923,235,-148,-9079,0,1,0,-859
18924,236,-148,-9079,0,1,0,-859
18925,237,-148,-9079,0,1,0,-859
18926,238,-148,-9079,0,1,0,-859
18927,239,-148,-9079,0,1,0,-935
18928,240,-148,-9079,0,1,0,-935
18929,241,-148,-9079,0,1,0,-935
18930,242,-148,-9079,0,1,0,-935
18931,243,-148,-9079,0,1,0,-935
18932,244,-148,-9079,0,1,0,-935
18933,245,-148,-9079,0,1,0,-935
18934,246,-148,-9079,0,1,0,-935
18935,247,-148,-9079,0,1,0,-1060
18936,248,-148,-9079,0,1,0,-1060
18937,249,-148,-9079,0,1,0,-1060
18938,250,-148,-9079,0,1,0,-1060
18939,251,-148,-9079,0,1,0,-1060
18940,252,-148,-9079,0,1,0,-1060
18941,253,-148,-9079,0,1,0,-1060
18942,254,-148,-9079,0,1,0,-1060
18943,255,-148,-9079,0,1,0,-1060
18944,0,-148,-9079,0,1,0,-1060
18945,1,-148,-9079,0,1,0,-1060
18946,2,-148,-9079,0,1,0,-1060
18947,3,-148,-9079,0,1,0,-1060
18948,4,-148,-9079,0,1,0,-1060
18949,5,-148,-9079,0,1,0,-1060
18950,6,-148,-9079,0,1,0,-1060
18951,7,-148,-9079,0,1,0,-1060
18952,8,-148,-9079,0,1,0,-1060
18953,9,-148,-9079,0,1,0,-1030
18954,10,-148,-9079,0,1,0,-1030
18955,11,-148,-9079,0,1,0,-1030
18956,12,-148,-9079,0,1,0,-1030
18957,13,-148,-9079,0,1,0,-1030
18958,14,-148,-9079,0,1,0,-1030
18959,15,-148,-9079,0,1,0,-1030
18960,16,-148,-9079,0,1,0,-1030
18961,17,-148,-9079,0,1,0,-1030
18962,18,-148,-9079,0,1,0,-1030
18963,19,-148,-9079,0,1,0,-1030
18964,20,-148,-9079,0,1,0,-1030
18965,21,-148,-9079,0,1,0,-1030
18966,22,-148,-9079,0,1,0,-1030
18967,23,-148,-9079,0,1,0,-1030
18968,24,-148,-9079,0,1,0,-1030
18969,25,-148,-9079,0,1,0,-1030
18970,26,-148,-9079,0,1,0,-1030
18971,27,-148,-9079,0,1,0,-1030
18972,28,-148,-9079,0,1,0,-1030
18973,29,-148,-9079,0,1,0,-1030
18974,30,-148,-9079,0,1,0,-1030
18975,31,-148,-9079,0,1,0,-1030
18976,32,-148,-9079,0,1,0,-1030
18977,33,-148,-9079,0,1,0,-1030
18978,34,-148,-9079,0,1,0,-1030
18979,35,-148,-9079,0,1,0,-1030
18980,36,-148,-9079,0,1,0,-1030
18981,37,-148,-9079,0,1,0,-1030
18982,38,-148,-9079,0,1,0,-1030
18983,39,-148,-9079,0,1,0,-1030
18984,40,-148,-9079,0,1,0,-1030
18985,41,-148,-9079,0,1,0,-1155
18986,42,-148,-9079,0,1,0,-1155
18987,43,-148,-9079,0,1,0,-1155
18988,44,-148,-9079,0,1,0,-1155
18989,45,-148,-9079,0,1,0,-1155
18990,46,-148,-9079,0,1,0,-1155
18991,47,-148,-9079,0,1,0,-1155
18992,48,-148,-9079,0,1,0,-1155
18993,49,-148,-9079,0,1,0,-1155
18994,50,-148,-9079,0,1,0,-1355
18995,51,-148,-9079,0,1,0,-1355
18996,52,-148,-9079,0,1,0,-1355
18997,53,-148,-9079,0,1,0,-1355
18998,54,-148,-9079,0,1,0,-1355
18999,55,-148,-9079,0,1,0,-1355
19000,56,-148,-9079,0,1,0,-1355
19001,57,-148,-9079,0,1,0,-1355
19002,58,-148,-9079,0,1,0,-1355
19003,59,-148,-9079,0,1,0,-1355
19004,60,-148,-9079,0,1,0,-1355
19005,61,-148,-9079,0,1,0,-1355
19006,62,-148,-9079,0,1,0,-1355
19007,63,-148,-9079,0,1,0,-1355
19008,64,-148,-9079,0,1,0,-1355
19009,65,-148,-9079,0,1,0,-1355
19010,66,-148,-9079,0,1,0,-1355
19011,67,-148,-9079,0,1,0,-1370
19012,68,-148,-9079,0,1,0,-1370
19013,69,-148,-9079,0,1,0,-1370
19014,70,-148,-9079,0,1,0,-1370
19015,71,-148,-9079,0,1,0,-1370
19016,72,-148,-9079,0,1,0,-1370
19017,73,-148,-9079,0,1,0,-1370
19018,74,-148,-9079,0,1,0,-1370
19019,75,-148,-9079,0,1,0,-1370
19020,76,-148,-9079,0,1,0,-1370
19021,77,-148,-9079,0,1,0,-1370
19022,78,-148,-9079,0,1,0,-1370
19023,79,-148,-9079,0,1,0,-1370
19024,80,-148,-9079,0,1,0,-1570
19025,81,-148,-9079,0,1,0,-1570
19026,82,-148,-9079,0,1,0,-1570
19027,83,-148,-9079,0,1,0,-1570
19028,84,-148,-9079,0,1,0,-1570
19029,85,-148,-9079,0,1,0,-1570
19030,86,-148,-9079,0,1,0,-1570
19031,87,-148,-9079,0,1,0,-1570
19032,88,-148,-9079,0,1,0,-1570
19033,89,-148,-9079,0,1,0,-1570
19034,90,-148,-9079,0,1,0,-1570
19035,91,-148,-9079,0,1,0,-1570
19036,92,-148,-9079,0,1,0,-1570
19037,93,-148,-9079,0,1,0,-1570
19038,94,-148,-9079,0,1,0,-1570
19039,95,-148,-9079,0,1,0,-1570
19040,96,-148,-9079,0,1,0,-1570
19041,97,-148,-9079,0,1,0,-1570
19042,98,-148,-9079,0,1,0,-1570
19043,99,-148,-9079,0,1,0,-1570
19044,100,-148,-9079,0,1,0,-1570
19045,101,-148,-9079,0,1,0,-1570
19046,102,-148,-9079,0,1,0,-1570
19047,103,-148,-9079,0,1,0,-1570
19048,104,-148,-9079,0,1,0,-1570
19049,105,-148,-9079,0,1,0,-1570
19050,106,-148,-9079,0,1,0,-1570
19051,107,-148,-9079,0,1,0,-1570
19052,108,-148,-9079,0,1,0,-1570
19053,109,-148,-9079,0,1,0,-1570
19054,110,-148,-9079,0,1,0,-1570
19055,111,-148,-9079,0,1,0,-1570
19056,112,-148,-9079,0,1,0,-1570
19057,113,-148,-9079,0,1,0,-1570
19058,114,-148,-9079,0,1,0,-1570
19059,115,-148,-9079,0,1,0,-1570
19060,116,-148,-9079,0,1,0,-1570
19061,117,-148,-9079,0,1,0,-1570
19062,118,-148,-9079,0,1,0,-1570
19063,119,-148,-9079,0,1,0,-1570
19064,120,-148,-9079,0,1,0,-1570
19065,121,-148,-9079,0,1,0,-1570
19066,122,-148,-9079,0,1,0,-1570
19067,123,-148,-9079,0,1,0,-1570
19068,124,-148,-9079,0,1,0,-1570
19069,125,-148,-9079,0,1,0,-1570
19070,126,-148,-9079,0,1,0,-1570
19071,127,-148,-9079,0,1,0,-1570
19072,128,-148,-9079,0,1,0,-1570
19073,129,-148,-9079,0,1,0,-1570
19074,130,-148,-9079,0,1,0,-1570
19075,131,-148,-9079,0,1,0,-1570
19076,132,-148,-9079,0,1,0,-1570
19077,133,-148,-9079,0,1,0,-1570
19078,134,-148,-9079,0,1,0,-1570
19079,135,-148,-9079,0,1,0,-1570
19080,136,-148,-9079,0,1,0,-1570
19081,137,-148,-9079,0,1,0,-1570
19082,138,-148,-9079,0,1,0,-1570
19083,139,-148,-9079,0,1,0,-1570
19084,140,-148,-9079,0,1,0,-1570
19085,141,-148,-9079,0,1,0,-1570
19086,142,-148,-9079,0,1,0,-1570
19087,143,-148,-9079,0,1,0,-1570
19088,144,-148,-9079,0,1,0,-1570
19089,145,-148,-9079,0,1,0,-1570
19090,146,-148,-9079,0,1,0,-1570
19091,147,-148,-9079,0,1,0,-1570
19092,148,-148,-9079,0,1,0,-1570
19093,149,-148,-9079,0,1,0,-1570
19094,150,-148,-9079,0,1,0,-1570
19095,151,-148,-9079,0,1,0,-1570
19096,152,-148,-9079,0,1,0,-1570
19097,153,-148,-9079,0,1,0,-1570
19098,154,-148,-9079,0,1,0,-1570
19099,155,-148,-9079,0,1,0,-1570
19100,156,-148,-9079,0,1,0,-1570
19101,157,-148,-9079,0,1,0,-1570
19102,158,-148,-9079,0,1,0,-1570
19103,159,-148,-9079,0,1,0,-1570
19104,160,-148,-9079,0,1,0,-1570
19105,161,-148,-9079,0,1,0,-1570
19106,162,-148,-9079,0,1,0,-1570
19107,163,-148,-9079,0,1,0,-1570
19108,164,-148,-9079,0,1,0,-1570
19109,165,-148,-9079,0,1,0,-1570
19110,166,-148,-9079,0,1,0,-1570
19111,167,-148,-9079,0,1,0,-1570
19112,168,-148,-9079,0,1,0,-1570
19113,169,-148,-9079,0,1,0,-1570
19114,170,-148,-9079,0,1,0,-1570
19115,171,-148,-9079,0,1,0,-1570
19116,172,-148,-9079,0,1,0,-1570
19117,173,-148,-9079,0,1,0,-1570
19118,174,-148,-9079,0,1,0,-1570
19119,175,-148,-9079,0,1,0,-1570
19120,176,-148,-9079,0,1,0,-1570
19121,177,-148,-9079,0,1,0,-1570
19122,178,-148,-9079,0,1,0,-1570
19123,179,-148,-9079,0,1,0,-1570
19124,180,-148,-9079,0,1,0,-1570
19125,181,-148,-9079,0,1,0,-1570
19126,182,-148,-9079,0,1,0,-1570
19127,183,-148,-9079,0,1,0,-1570
19128,184,-148,-9079,0,1,0,-1570
19129,185,-148,-9079,0,1,0,-1570
19130,186,-148,-9079,0,1,0,-1570
19131,187,-148,-9079,0,1,0,-1570
19132,188,-148,-9079,0,1,0,-1570
19133,189,-148,-9079,0,1,0,-1570
19134,190,-148,-9079,0,1,0,-1570
19135,191,-148,-9079,0,1,0,-1600
19136,192,-148,-9079,0,1,0,-1600
19137,193,-148,-9079,0,1,0,-1600
19138,194,-148,-9079,0,1,0,-1600
19139,195,-148,-9079,0,1,0,-1600
19140,196,-148,-9079,0,1,0,-1600
19141,197,-148,-9079,0,1,0,-1600
19142,198,-148,-9079,0,1,0,-1600
19143,199,-148,-9079,0,1,0,-1600
19144,200,-148,-9079,0,1,0,-1600
19145,201,-148,-9079,0,1,0,-1600
19146,202,-148,-9079,0,1,0,-1600
19147,203,-148,-9079,0,1,0,-1600
19148,204,-148,-9079,0,1,0,-1600
19149,205,-148,-9079,0,1,0,-1600
19150,206,-148,-9079,0,1,0,-1600
19151,207,-148,-9079,0,1,0,-1600
19152,208,-148,-9079,0,1,0,-1600
19153,209,-148,-9079,0,1,0,-1600
19154,210,-148,-9079,0,1,0,-1600
19155,211,-148,-9079,0,1,0,-1600
19156,212,-148,-9079,0,1,0,-1600
19157,213,-148,-9079,0,1,0,-1600
19158,214,-148,-9079,0,1,0,-1600
19159,215,-148,-9079,0,1,0,-1600
19160,216,-148,-9079,0,1,0,-1600
19161,217,-148,-9079,0,1,0,-1600
19162,218,-148,-9079,0,1,0,-1600
19163,219,-148,-9079,0,1,0,-1600
19164,220,-148,-9079,0,1,0,-1600
19165,221,-148,-9079,0,1,0,-1600
19166,222,-148,-9079,0,1,0,-1600
19167,223,-148,-9079,0,1,0,-1600
19168,224,-148,-9079,0,1,0,-1600
19169,225,-148,-9079,0,1,0,-1600
19170,226,-148,-9079,0,1,0,-1600
19171,227,-148,-9079,0,1,0,-1600
19172,228,-148,-9079,0,1,0,-1600
19173,229,-148,-9079,0,1,0,-1600
19174,230,-148,-9079,0,1,0,-1600
19175,231,-148,-9079,0,1,0,-1600
19176,232,-148,-9079,0,1,0,-1600
19177,233,-148,-9079,0,1,0,-1600
19178,234,-148,-9079,0,1,0,-1600
19179,235,-148,-9079,0,1,0,-1600
19180,236,-148,-9079,0,1,0,-1600
19181,237,-148,-9079,0,1,0,-1600
19182,238,-148,-9079,0,1,0,-1600
19183,239,-148,-9079,0,1,0,-1600
19184,240,-148,-9079,0,1,0,-1494
19185,241,-148,-9079,0,1,0,-1494
19186,242,-148,-9079,0,1,0,-1494
19187,243,-148,-9079,0,1,0,-1494
19188,244,-148,-9079,0,1,0,-1494
19189,245,-148,-9079,0,1,0,-1494
19190,246,-148,-9079,0,1,0,-1494
19191,247,-148,-9079,0,1,0,-1494
19192,248,-148,-9079,0,1,0,-1494
19193,249,-148,-9079,0,1,0,-1494
19194,250,-148,-9079,0,1,0,-1494
19195,251,-148,-9079,0,1,0,-1494
19196,252,-148,-9079,0,1,0,-1494
19197,253,-148,-9079,0,1,0,-1494
19198,254,-148,-9079,0,1,0,-1494
19199,255,-148,-9079,0,1,0,-1494
19200,0,-148,-9079,0,1,0,-1393
19201,1,-148,-9079,0,1,0,-1194
19202,2,-148,-9079,0,1,0,-1000
19203,3,-148,-9079,0,1,0,-800
19204,4,-148,-9079,0,1,0,-800
19205,5,-148,-9079,0,1,0,-800
19206,6,-148,-9079,0,1,0,-800
19207,7,-148,-9079,0,1,0,-800
19208,8,-148,-9079,0,1,0,-800
19209,9,-148,-9079,0,1,0,-800
19210,10,-148,-9079,0,1,0,-800
19211,11,-148,-9079,0,1,0,-800
19212,12,-148,-9079,0,1,0,-800
19213,13,-148,-9079,0,1,0,-800
19214,14,-148,-9079,0,1,0,-800
19215,15,-148,-9079,0,1,0,-800
19216,16,-148,-9079,0,1,0,-725
19217,17,-148,-9079,0,1,0,-725
19218,18,-148,-9079,0,1,0,-700
19219,19,-148,-9079,0,1,0,-625
19220,20,-148,-9079,0,1,0,-625
19221,21,-148,-9079,0,1,0,-625
19222,22,-148,-9079,0,1,0,-425
19223,23,-148,-9079,0,1,0,-425
19224,24,-148,-9079,0,1,0,-425
19225,25,-148,-9079,0,1,0,-425
19226,26,-148,-9079,0,1,0,-425
19227,27,-148,-9079,0,1,0,-425
19228,28,-148,-9079,0,1,0,-425
19229,29,-148,-9079,0,1,0,-425
19230,30,-148,-9079,0,1,0,-425
19231,31,-148,-9079,0,1,0,-425
19232,32,-148,-9079,0,1,0,-425
19233,33,-148,-9079,0,1,0,-425
19234,34,-148,-9079,0,1,0,-425
19235,35,-148,-9079,0,1,0,-425
19236,36,-148,-9079,0,1,0,-425
19237,37,-148,-9079,0,1,0,-425
19238,38,-148,-9079,0,1,0,-425
19239,39,-148,-9079,0,1,0,-425
19240,40,-148,-9079,0,1,0,-425
19241,41,-148,-9079,0,1,0,-425
19242,42,-148,-9079,0,1,0,-425
19243,43,-148,-9079,0,1,0,-425
19244,44,-148,-9079,0,1,0,-425
19245,45,-148,-9079,0,1,0,-425
19246,46,-148,-9079,0,1,0,-425
19247,47,-148,-9079,0,1,0,-425
19248,48,-148,-9079,0,1,0,-306
19249,49,-148,-9079,0,1,0,-306
19250,50,-148,-9079,0,1,0,-306
19251,51,-148,-9079,0,1,0,-306
19252,52,-148,-9079,0,1,0,-306
19253,53,-148,-9079,0,1,0,-306
19254,54,-148,-9079,0,1,0,-306
19255,55,-148,-9079,0,1,0,-306
19256,56,-148,-9079,0,1,0,-306
19257,57,-148,-9079,0,1,0,-306
19258,58,-148,-9079,0,1,0,-306
19259,59,-148,-9079,0,1,0,75
19260,60,-148,-9079,0,1,0,75
19261,61,-148,-9079,0,1,0,75
19262,62,-148,-9079,0,1,0,75
19263,63,-148,-9079,0,1,0,75
19264,64,-148,-9079,0,1,0,75
19265,65,-148,-9079,0,1,0,75
19266,66,-148,-9079,0,1,0,75
19267,67,-148,-9079,0,1,0,75
19268,68,-148,-9079,0,1,0,75
19269,69,-148,-9079,0,1,0,75
19270,70,-148,-9079,0,1,0,75
19271,71,-148,-9079,0,1,0,75
19272,72,-148,-9079,0,1,0,75
19273,73,-148,-9079,0,1,0,75
19274,74,-148,-9079,0,1,0,75
19275,75,-148,-9079,0,1,0,75
19276,76,-148,-9079,0,1,0,75
19277,77,-148,-9079,0,1,0,75
19278,78,-148,-9079,0,1,0,75
19279,79,-148,-9079,0,1,0,75
19280,80,-148,-9079,0,1,0,75
19281,81,-148,-9079,0,1,0,75
19282,82,-148,-9079,0,1,0,75
19283,83,-148,-9079,0,1,0,75
19284,84,-148,-9079,0,1,0,75
19285,85,-148,-9079,0,1,0,75
19286,86,-148,-9079,0,1,0,75
19287,87,-148,-9079,0,1,0,75
19288,88,-148,-9079,0,1,0,75
19289,89,-148,-9079,0,1,0,275
19290,90,-148,-9079,0,1,0,275
19291,91,-148,-9079,0,1,0,275
19292,92,-148,-9079,0,1,0,275
19293,93,-148,-9079,0,1,0,275
19294,94,-148,-9079,0,1,0,475
19295,95,-148,-9079,0,1,0,475
19296,96,-148,-9079,0,1,0,475
19297,97,-148,-9079,0,1,0,475
19298,98,-148,-9079,0,1,0,475
19299,99,-148,-9079,0,1,0,675
19300,100,-148,-9079,0,1,0,675
19301,101,-148,-9079,0,1,0,675
19302,102,-148,-9079,0,1,0,675
19303,103,-148,-9079,0,1,0,675
19304,104,-148,-9079,0,1,0,675
19305,105,-148,-9079,0,1,0,675
19306,106,-148,-9079,0,1,0,675
19307,107,-148,-9079,0,1,0,675
19308,108,-148,-9079,0,1,0,675
19309,109,-148,-9079,0,1,0,675
19310,110,-148,-9079,0,1,0,675
19311,111,-148,-9079,0,1,0,675
19312,112,-148,-9079,0,1,0,675
19313,113,-148,-9079,0,1,0,675
19314,114,-148,-9079,0,1,0,675
19315,115,-148,-9079,0,1,0,675
19316,116,-148,-9079,0,1,0,675
19317,117,-148,-9079,0,1,0,675
19318,118,-148,-9079,0,1,0,675
19319,119,-148,-9079,0,1,0,769
19320,120,-148,-9079,0,1,0,769
19321,121,-148,-9079,0,1,0,769
19322,122,-148,-9079,0,1,0,769
19323,123,-148,-9079,0,1,0,955
19324,124,-148,-9079,0,1,0,955
19325,125,-148,-9079,0,1,0,955
19326,126,-148,-9079,0,1,0,955
19327,127,-148,-9079,0,1,0,955
19328,128,-148,-9079,0,1,0,955
19329,129,-148,-9079,0,1,0,955
19330,130,-148,-9079,0,1,0,1143
19331,131,-148,-9079,0,1,0,1143
19332,132,-148,-9079,0,1,0,1143
19333,133,-148,-9079,0,1,0,1143
19334,134,-148,-9079,0,1,0,1143
19335,135,-148,-9079,0,1,0,1143
19336,136,-148,-9079,0,1,0,1143
19337,137,-148,-9079,0,1,0,1143
19338,138,-148,-9079,0,1,0,1143
19339,139,-148,-9079,0,1,0,1143
19340,140,-148,-9079,0,1,0,1143
19341,141,-148,-9079,0,1,0,1143
19342,142,-148,-9079,0,1,0,1143
19343,143,-148,-9079,0,1,0,1143
19344,144,-148,-9079,0,1,0,1143
19345,145,-148,-9079,0,1,0,1143
19346,146,-148,-9079,0,1,0,1143
19347,147,-148,-9079,0,1,0,1143
19348,148,-148,-9079,0,1,0,1143
19349,149,-148,-9079,0,1,0,1143
19350,150,-148,-9079,0,1,0,1143
19351,151,-148,-9079,0,1,0,1143
19352,152,-148,-9079,0,1,0,1144
19353,153,-152,-9075,4,5,4,1144
19354,154,-152,-9075,0,5,4,1144
19355,155,-152,-9075,0,5,4,1144
19356,156,-152,-9075,0,5,4,1144
19357,157,-152,-9075,0,4,4,1144
19358,158,-152,-9075,0,4,4,1144
19359,159,-152,-9075,0,4,4,1144
19360,160,-152,-9075,0,4,4,1144
19361,161,-152,-9075,0,4,0,1144
19362,162,-152,-9075,0,3,0,1144
19363,163,-152,-9075,0,3,0,1144
19364,164,-152,-9075,0,3,0,1144
19365,165,-148,-9079,-4,-1,-4,1144
19366,166,-148,-9079,0,-1,-4,1144
19367,167,-148,-9079,0,-1,-4,1144
19368,168,-148,-9079,0,-1,-4,1144
19369,169,-148,-9079,0,0,-4,1150
19370,170,-148,-9079,0,0,-4,1150
19371,171,-149,-9169,-90,1,-3,1150
19372,172,-149,-9169,0,1,-3,1150
19373,173,-149,-9169,0,1,1,1150
19374,174,-148,-9079,90,0,0,1150
19375,175,-152,-9079,0,4,4,1150
19376,176,-152,-9079,0,4,4,1150
19377,177,-152,-9079,0,3,4,1150
19378,178,-152,-9079,0,3,4,1150
19379,179,-152,-9079,0,3,3,1075
19380,180,-153,-9079,0,4,4,1075
19381,181,-153,-9069,10,4,4,1075
19382,182,-153,-9169,-100,4,5,1075
19383,183,-153,-9169,0,3,1,1075
19384,184,-148,-9079,90,-2,-4,1075
19385,185,-148,-9079,0,-2,-4,1075
19386,186,-148,-9079,0,-1,-4,1075
19387,187,-148,-9079,0,-1,-4,1075
19388,188,-148,-9079,0,-1,-5,1075
19389,189,-148,-9079,0,-1,-5,1423
19390,190,-148,-9079,0,-1,-5,1575
19391,191,-148,-8979,100,-1,-5,1575
19392,192,-152,-9169,-190,3,4,1575
19393,193,-152,-9169,0,3,4,1575
19394,194,-152,-9169,0,3,4,1575
19395,195,-152,-9169,0,3,4,1575
19396,196,-152,-9169,0,3,4,1575
19397,197,-152,-9169,0,3,4,1575
19398,198,-155,-9079,90,6,7,1575
19399,199,-152,-9169,-90,2,4,1575
19400,200,-148,-8779,390,-2,-4,1575
19401,201,-148,-8879,-100,-2,-4,1575
19402,202,-148,-8979,-100,-1,-4,1575
19403,203,-148,-9079,-100,-1,-4,1575
19404,204,-148,-9079,0,-1,-4,1575
19405,205,-148,-9079,0,-1,-4,1575
19406,206,-148,-9079,0,-1,-7,1575
19407,207,-148,-9079,0,-1,-4,1575
19408,208,-148,-9079,0,-1,0,1575
19409,209,-148,-9079,0,-1,0,1575
19410,210,-154,-9079,0,6,6,1575
19411,211,-154,-8979,100,5,6,1575
19412,212,-154,-8879,100,5,6,1575
19413,213,-154,-8879,0,5,6,1575
19414,214,-154,-8879,0,4,6,1575
19415,215,-154,-8979,-100,4,6,1575
19416,216,-154,-9079,-100,4,6,1575
19417,217,-148,-9079,0,-2,0,1575
19418,218,-148,-9079,0,-2,-6,1575
19419,219,-148,-9079,0,-2,-6,1575
19420,220,-148,-9079,0,-2,-6,1575
19421,221,-148,-9079,0,-1,-6,1575
19422,222,-148,-9079,0,-1,-6,1575
19423,223,-158,-9129,-50,9,4,1575
19424,224,-148,-9079,50,-2,-6,1575
19425,225,-161,-8979,100,12,13,1575
19426,226,-161,-8979,0,11,13,1575
19427,227,-161,-8979,0,10,13,1575
19428,228,-161,-8879,100,10,13,1575
19429,229,-161,-8879,0,9,13,1575
19430,230,-162,-9079,-200,10,14,1575
19431,231,-162,-9079,0,9,4,1575
19432,232,-162,-9079,0,9,14,1575
19433,233,-162,-9079,0,8,1,1575
19434,234,-162,-9079,0,8,1,1575
19435,235,-161,-9079,0,6,0,1575
19436,236,-161,-9079,0,6,0,1575
19437,237,-161,-9079,0,6,0,1575
19438,238,-161,-9079,0,5,-1,1575
19439,239,-161,-9079,0,5,-1,1575
19440,240,-161,-9079,0,5,-1,1575
19441,241,-161,-9079,0,4,-1,1575
19442,242,-161,-9079,0,4,-1,1800
19443,243,-162,-9079,0,5,1,1800
19444,244,-162,-9079,0,5,1,1800
19445,245,-162,-9079,0,5,1,1800
19446,246,-161,-9079,0,3,0,1800
19447,247,-148,-9079,0,-10,-13,1800
19448,248,-157,-9079,0,0,-4,1800
19449,249,-157,-9079,0,0,-4,1800
19450,250,-157,-9079,0,0,-4,1800
19451,251,-157,-9079,0,0,-5,1800
19452,252,-157,-8979,100,0,-5,1800
19453,253,-157,-8979,0,0,-5,1800
19454,254,-157,-9079,-100,0,-4,1800
19455,255,-148,-9079,0,-9,0,1800
19456,0,-148,-9079,0,-8,-9,1800
19457,1,-148,-9079,0,-8,-9,1800
19458,2,-148,-9079,0,-7,-9,1800
19459,3,-148,-9079,0,-7,-9,1800
19460,4,-152,-9079,0,-2,-5,1800
19461,5,-152,-9079,0,-2,-5,1800
19462,6,-152,-9079,0,-2,-5,1800
19463,7,-152,-9079,0,-2,4,1800
19464,8,-152,-9079,0,-1,4,1800
19465,9,-152,-9079,0,-1,4,1804
19466,10,-152,-9079,0,-1,4,1984
19467,11,-152,-9079,0,-1,4,1984
19468,12,-152,-9079,0,-1,0,1984
19469,13,-152,-9079,0,-1,0,1984
19470,14,-152,-9079,0,-1,0,1984
19471,15,-152,-9079,0,-1,0,1984
19472,16,-152,-9079,0,0,0,1984
19473,17,-152,-9079,0,0,0,1984
19474,18,-152,-9079,0,0,0,1984
19475,19,-152,-9079,0,0,0,1984
19476,20,-148,-9079,0,-4,-4,1984
19477,21,-148,-9079,0,-4,-4,1984
19478,22,-148,-9079,0,-4,-4,1984
19479,23,-148,-9079,0,-3,-4,1984
19480,24,-157,-9079,0,6,5,1984
19481,25,-157,-9079,0,6,5,1984
19482,26,-157,-9079,0,5,5,1984
19483,27,-157,-9079,0,5,5,1984
19484,28,-155,-9079,0,3,7,1984
19485,29,-155,-9079,0,3,7,1984
19486,30,-161,-9079,0,9,13,1984
19487,31,-161,-8979,100,8,13,1984
19488,32,-161,-8979,0,8,4,1796
19489,33,-161,-8979,0,7,4,1904
19490,34,-161,-9079,-100,7,4,1904
19491,35,-161,-8979,100,6,4,1904
19492,36,-161,-8979,0,6,6,1904
19493,37,-161,-8979,0,6,6,1904
19494,38,-161,-9079,-100,5,0,1704
19495,39,-155,-9079,0,-1,-6,1504
19496,40,-155,-9079,0,-1,-6,1504
19497,41,-155,-9079,0,-1,-6,1504
19498,42,-155,-9079,0,0,-6,1504
19499,43,-161,-9079,0,6,0,1504
19500,44,-161,-9079,0,5,0,1504
19501,45,-161,-9079,0,5,0,1504
19502,46,-161,-9079,0,5,0,1504
19503,47,-161,-9079,0,5,6,1504
19504,48,-161,-9079,0,4,6,1504
19505,49,-161,-9079,0,4,6,1504
19506,50,-161,-9079,0,4,6,1504
19507,51,-161,-9079,0,4,0,1504
19508,52,-161,-9079,0,4,0,1504
19509,53,-161,-9079,0,3,0,1504
19510,54,-161,-9079,0,3,0,1504
19511,55,-161,-9079,0,3,0,1504
19512,56,-155,-8979,100,-3,-6,1504
19513,57,-155,-8979,0,-3,-6,1504
19514,58,-155,-8979,0,-3,-6,1504
19515,59,-155,-8979,0,-2,-6,1504
19516,60,-161,-9079,-100,4,0,1504
19517,61,-161,-9079,0,4,0,1504
19518,62,-161,-9079,0,3,0,1504
19519,63,-161,-9079,0,3,0,1504
19520,64,-161,-9079,0,3,6,1504
19521,65,-155,-9079,0,-3,0,1304
19522,66,-155,-9079,0,-3,0,1304
19523,67,-155,-9079,0,-2,0,1304
19524,68,-155,-9079,0,-2,-6,1304
19525,69,-161,-9079,0,4,0,1304
19526,70,-161,-9079,0,4,0,1304
19527,71,-161,-9079,0,4,0,1304
19528,72,-161,-9079,0,3,0,1304
19529,73,-155,-9079,0,-3,0,1118
19530,74,-155,-9079,0,-3,0,1118
19531,75,-155,-9079,0,-2,0,1118
19532,76,-155,-9079,0,-2,0,1118
19533,77,-161,-9079,0,4,0,1118
19534,78,-161,-9079,0,4,0,1118
19535,79,-161,-9079,0,4,0,1118
19536,80,-161,-9079,0,3,0,1118
19537,81,-161,-9079,0,3,6,1118
19538,82,-161,-9079,0,3,6,1118
19539,83,-155,-9079,0,-3,0,1118
19540,84,-155,-8979,100,-3,0,1118
19541,85,-155,-8979,0,-2,-6,1118
19542,86,-155,-9079,-100,-2,-6,1118
19543,87,-160,-9079,0,3,-1,1118
19544,88,-155,-9079,0,-2,-6,829
19545,89,-155,-9079,0,-2,-6,829
19546,90,-155,-9079,0,-2,-6,829
19547,91,-160,-9079,0,3,5,829
19548,92,-160,-9079,0,3,5,829
19549,93,-160,-9079,0,3,5,829
19550,94,-160,-9079,0,3,5,829
19551,95,-160,-9079,0,3,0,829
19552,96,-160,-9079,0,3,5,829
19553,97,-155,-9079,0,-2,0,629
19554,98,-155,-9079,0,-2,0,629
19555,99,-155,-9079,0,-2,-5,629
19556,100,-155,-9079,0,-2,-5,629
19557,101,-160,-9079,0,3,0,629
19558,102,-160,-9079,0,3,0,629
19559,103,-160,-9079,0,3,0,629
19560,104,-160,-9079,0,3,0,629
19561,105,-160,-9079,0,3,5,629
19562,106,-148,-9079,0,-9,-7,429
19563,107,-148,-9079,0,-9,-7,429
19564,108,-148,-9079,0,-8,-7,429
19565,109,-148,-9079,0,-7,-12,429
19566,110,-148,-9079,0,-7,-12,429
19567,111,-160,-9079,0,6,0,429
19568,112,-160,-9079,0,5,0,429
19569,113,-160,-9079,0,5,0,429
19570,114,-160,-9079,0,5,12,429
19571,115,-160,-9079,0,4,12,429
19572,116,-160,-9079,0,4,12,429
19573,117,-160,-9079,0,4,12,429
19574,118,-160,-9079,0,4,12,429
19575,119,-160,-9079,0,4,0,429
19576,120,-160,-9079,0,3,0,429
19577,121,-160,-9079,0,3,0,429
19578,122,-160,-9079,0,3,0,429
19579,123,-160,-9079,0,3,0,429
19580,124,-160,-9079,0,3,0,429
19581,125,-160,-9079,0,3,0,504
19582,126,-160,-9079,0,3,0,504
19583,127,-161,-9079,0,4,1,504
19584,128,-161,-9069,10,3,1,504
19585,129,-161,-9169,-100,3,1,504
19586,130,-161,-9169,0,3,1,504
19587,131,-161,-9169,0,3,1,504
19588,132,-161,-9169,0,3,1,504
19589,133,-148,-9079,90,-10,-12,504
19590,134,-148,-9079,0,-10,-12,504
19591,135,-148,-9079,0,-9,-13,504
19592,136,-148,-9079,0,-8,-13,504
19593,137,-148,-9079,0,-8,-13,504
19594,138,-148,-9079,0,-7,-13,504
19595,139,-148,-9079,0,-7,-13,473
19596,140,-148,-9079,0,-6,-13,473
19597,141,-149,-9079,0,-5,1,473
19598,142,-154,-9169,-90,1,6,473
19599,143,-154,-9169,0,1,6,473
19600,144,-154,-9169,0,1,6,473
19601,145,-154,-9169,0,1,6,473
19602,146,-154,-9169,0,1,6,473
19603,147,-154,-9169,0,1,6,473
19604,148,-154,-9169,0,1,6,473
19605,149,-154,-9169,0,1,5,473
19606,150,-158,-8679,490,5,4,473
19607,151,-159,-9079,-400,5,5,473
19608,152,-160,-9079,0,6,6,473
19609,153,-160,-8979,100,6,6,473
19610,154,-160,-8979,0,6,6,473
19611,155,-160,-8979,0,5,6,473
19612,156,-160,-8979,0,5,6,473
19613,157,-160,-8979,0,5,6,473
19614,158,-160,-8979,0,4,2,473
19615,159,-160,-8979,0,4,1,473
19616,160,-160,-8879,100,4,0,473
19617,161,-160,-8979,-100,4,0,473
19618,162,-160,-8979,0,4,0,473
19619,163,-160,-8979,0,3,0,473
19620,164,-160,-8979,0,3,0,473
19621,165,-160,-9079,-100,3,0,473
19622,166,-160,-9079,0,3,0,473
19623,167,-160,-9079,0,3,0,473
19624,168,-159,-9079,0,2,-1,473
19625,169,-159,-9079,0,2,-1,473
19626,170,-159,-9079,0,2,-1,473
19627,171,-164,-9067,12,7,4,473
19628,172,-165,-9079,-12,7,5,473
19629,173,-165,-9079,0,7,5,473
19630,174,-164,-9067,12,5,4,473
19631,175,-164,-8967,100,5,4,473
19632,176,-164,-8967,0,5,5,473
19633,177,-164,-8967,0,5,5,473
19634,178,-164,-8967,0,4,5,473
19635,179,-164,-8967,0,4,0,473
19636,180,-164,-8967,0,4,-1,473
19637,181,-164,-8967,0,4,-1,473
19638,182,-165,-9079,-112,5,1,473
19639,183,-165,-8979,100,4,1,473
19640,184,-165,-9079,-100,4,1,473
19641,185,-165,-9079,0,4,1,473
19642,186,-165,-9079,0,4,1,496
19643,187,-166,-9079,0,5,2,496
19644,188,-166,-8979,100,4,2,496
19645,189,-167,-9169,-190,5,3,496
19646,190,-167,-9069,100,5,2,496
19647,191,-167,-9069,0,5,2,496
19648,192,-167,-8969,100,4,2,496
19649,193,-167,-8969,0,4,2,496
19650,194,-167,-8969,0,4,2,496
19651,195,-167,-8969,0,4,1,496
19652,196,-167,-8969,0,4,1,496
19653,197,-167,-8969,0,3,0,496
19654,198,-167,-8969,0,3,0,496
19655,199,-167,-9069,-100,3,0,496
19656,200,-167,-9069,0,3,0,496
19657,201,-167,-9069,0,3,0,496
19658,202,-167,-9079,-10,3,0,496
19659,203,-167,-9079,0,3,0,496
19660,204,-166,-9079,0,2,-1,496
19661,205,-166,-9079,0,1,-1,496
19662,206,-166,-9079,0,1,-1,496
19663,207,-167,-8979,100,2,0,496
19664,208,-167,-8979,0,2,0,496
19665,209,-167,-8979,0,2,0,496
19666,210,-167,-8979,0,2,0,496
19667,211,-167,-8979,0,2,0,496
19668,212,-168,-9079,-100,3,2,496
19669,213,-168,-9079,0,3,2,496
19670,214,-168,-8979,100,3,2,496
19671,215,-168,-9079,-100,3,1,496
19672,216,-168,-9079,0,3,1,496
19673,217,-164,-9067,12,-2,-3,496
19674,218,-164,-9067,0,-1,-3,496
19675,219,-164,-9067,0,-1,-3,496
19676,220,-164,-8967,100,-1,-4,496
19677,221,-164,-8967,0,-1,-4,496
19678,222,-164,-8967,0,-1,-4,496
19679,223,-164,-8967,0,-1,-4,496
19680,224,-164,-8967,0,-1,-4,496
19681,225,-170,-9079,-112,5,6,496
19682,226,-171,-9079,0,6,7,496
19683,227,-171,-9069,10,6,7,496
19684,228,-171,-9069,0,6,7,326
19685,229,-172,-9079,-10,6,8,326
19686,230,-172,-9079,0,6,8,264
19687,231,-172,-9079,0,6,8,264
19688,232,-172,-9079,0,5,8,264
19689,233,-172,-9079,0,5,2,264
19690,234,-172,-9079,0,5,1,264
19691,235,-172,-9079,0,5,1,264
19692,236,-172,-9079,0,4,1,264
19693,237,-172,-9079,0,4,0,264
19694,238,-172,-9079,0,4,0,264
19695,239,-172,-9089,-10,4,0,55
19696,240,-172,-9089,0,4,0,55
19697,241,-172,-9089,0,3,0,55
19698,242,-172,-9089,0,3,0,55
19699,243,-172,-9099,-10,3,0,-48
19700,244,-172,-8999,100,3,0,-48
19701,245,-172,-9079,-80,3,0,-336
19702,246,-172,-9099,-20,3,0,-256
19703,247,-172,-8999,100,3,0,-256
19704,248,-172,-8999,0,2,0,-141
19705,249,-172,-8999,0,2,0,2
19706,250,-172,-8999,0,2,0,159
19707,251,-172,-8999,0,2,0,159
19708,252,-172,-8999,0,2,0,302
19709,253,-172,-8999,0,2,0,459
19710,254,-172,-8999,0,2,0,459
19711,255,-172,-8999,0,2,0,459
19712,0,-172,-9079,-80,2,0,479
19713,1,-164,-8967,112,-6,-8,479
19714,2,-164,-8967,0,-6,-8,479
19715,3,-164,-8967,0,-5,-8,479
19716,4,-172,-9079,-112,3,0,479
19717,5,-172,-9079,0,3,0,479
19718,6,-172,-9079,0,3,0,479
19719,7,-172,-9079,0,3,0,479
19720,8,-172,-9079,0,3,0,479
19721,9,-172,-9111,-32,2,8,347
19722,10,-172,-9011,100,2,8,347
19723,11,-172,-9011,0,2,8,347
19724,12,-172,-9011,0,2,0,347
19725,13,-172,-9079,-68,2,0,-13
19726,14,-164,-8967,112,-6,-8,-213
19727,15,-164,-8967,0,-5,-8,-213
19728,16,-164,-8967,0,-5,-8,-213
19729,17,-172,-9079,-112,3,0,-213
19730,18,-172,-9079,0,3,0,-213
19731,19,-172,-9079,0,3,0,-213
19732,20,-172,-9079,0,3,0,-213
19733,21,-172,-9079,0,3,0,-213
19734,22,-172,-9079,0,3,8,-213
19735,23,-172,-9104,-25,3,8,-268
19736,24,-172,-9004,100,2,8,-268
19737,25,-172,-9004,0,2,0,-268
19738,26,-172,-9079,-75,2,0,-385
19739,27,-172,-9104,-25,2,0,-400
19740,28,-172,-9004,100,2,0,-400
19741,29,-172,-9004,0,2,0,-400
19742,30,-172,-9079,-75,2,0,-465
19743,31,-172,-9104,-25,2,0,-410
19744,32,-172,-9004,100,2,0,-410
19745,33,-172,-9004,0,2,0,-410
19746,34,-172,-9004,0,2,0,-410
19747,35,-172,-9079,-75,2,0,-465
19748,36,-172,-9104,-25,2,0,-505
19749,37,-164,-8967,137,-6,-8,-623
19750,38,-164,-8967,0,-6,-8,-623
19751,39,-164,-8967,0,-6,-8,-623
19752,40,-172,-9079,-112,3,0,-623
19753,41,-172,-9079,0,3,0,-623
19754,42,-172,-9079,0,3,0,-623
19755,43,-172,-9079,0,2,0,-623
19756,44,-172,-9079,0,2,0,-623
19757,45,-172,-9079,0,2,8,-623
19758,46,-164,-8967,112,-6,0,-780
19759,47,-164,-8967,0,-5,0,-780
19760,48,-164,-8967,0,-5,-8,-780
19761,49,-172,-9079,-112,3,0,-780
19762,50,-172,-9079,0,3,0,-780
19763,51,-172,-9079,0,3,0,-780
19764,52,-172,-9079,0,3,0,-780
19765,53,-172,-9019,60,3,0,-780
19766,54,-172,-9019,0,3,8,-780
19767,55,-172,-9019,0,3,8,-780
19768,56,-172,-9019,0,3,8,-737
19769,57,-172,-9019,0,2,0,-557
19770,58,-173,-9079,-60,3,1,-557
19771,59,-173,-9069,10,3,1,-557
19772,60,-173,-9069,0,3,1,-557
19773,61,-174,-9079,-10,4,2,-557
19774,62,-174,-9079,0,4,2,-557
19775,63,-174,-9079,0,4,2,-557
19776,64,-174,-9079,0,3,2,-557
19777,65,-174,-9079,0,3,2,-557
19778,66,-174,-8979,100,3,1,-557
19779,67,-174,-8779,200,3,1,-557
19780,68,-174,-8779,0,3,1,-557
19781,69,-174,-8779,0,3,0,-557
19782,70,-174,-8879,-100,3,0,-557
19783,71,-174,-8879,0,3,0,-557
19784,72,-174,-8879,0,2,0,-450
19785,73,-174,-8879,0,2,0,-417
19786,74,-174,-8879,0,2,0,-309
19787,75,-174,-8879,0,2,0,-175
19788,76,-174,-8879,0,2,0,-148
19789,77,-174,-8879,0,2,0,-72
19790,78,-174,-8879,0,2,0,-7
19791,79,-174,-8879,0,2,0,168
19792,80,-175,-8759,120,3,1,168
19793,81,-175,-8659,100,3,1,168
19794,82,-175,-8659,0,3,1,168
19795,83,-175,-8659,0,3,1,168
19796,84,-175,-8659,0,2,1,168
19797,85,-175,-8659,0,2,1,168
19798,86,-175,-8659,0,2,1,168
19799,87,-175,-8659,0,2,1,168
19800,88,-175,-8559,100,2,0,168
19801,89,-175,-8659,-100,2,0,168
19802,90,-175,-8559,100,2,0,168
19803,91,-175,-8659,-100,2,0,168
19804,92,-175,-8659,0,2,0,168
19805,93,-175,-8659,0,2,0,168
19806,94,-175,-8659,0,2,0,168
19807,95,-175,-8376,283,2,0,168
19808,96,-175,-8796,-420,2,0,-227
19809,97,-175,-8843,-47,2,0,-199
19810,98,-175,-8843,0,2,0,-199
19811,99,-175,-8843,0,1,0,-199
19812,100,-175,-8843,0,1,0,-199
19813,101,-175,-8896,-53,1,0,-199
19814,102,-175,-8896,0,1,0,-199
19815,103,-175,-8896,0,1,0,-199
19816,104,-174,-9079,-183,0,-1,-199
19817,105,-178,-9169,-90,4,3,-199
19818,106,-178,-9169,0,4,3,-199
19819,107,-178,-9169,0,4,3,-199
19820,108,-178,-9169,0,4,3,-199
19821,109,-178,-9169,0,4,3,-124
19822,110,-181,-9079,90,6,6,-124
19823,111,-181,-8979,100,6,6,-124
19824,112,-181,-8979,0,6,7,-124
19825,113,-181,-8979,0,5,3,-124
19826,114,-181,-8979,0,5,3,-124
19827,115,-181,-8979,0,5,3,-124
19828,116,-184,-9079,-100,8,6,-124
19829,117,-184,-8979,100,7,6,-124
19830,118,-184,-8979,0,7,3,151
19831,119,-186,-9079,-100,8,5,151
19832,120,-186,-8979,100,8,5,151
19833,121,-186,-8979,0,8,5,151
19834,122,-186,-8979,0,7,5,151
19835,123,-186,-8979,0,7,5,151
19836,124,-186,-8979,0,6,2,151
19837,125,-186,-8979,0,6,2,151
19838,126,-186,-8979,0,6,2,151
19839,127,-186,-9079,-100,5,0,151
19840,128,-186,-9079,0,5,0,151
19841,129,-186,-9079,0,5,0,151
19842,130,-186,-9079,0,5,0,151
19843,131,-186,-9079,0,4,0,151
19844,132,-186,-9079,0,4,0,151
19845,133,-186,-9079,0,4,0,151
19846,134,-186,-8979,100,4,0,151
19847,135,-186,-8979,0,4,0,151
19848,136,-186,-8979,0,3,0,151
19849,137,-186,-8979,0,3,0,151
19850,138,-186,-8979,0,3,0,151
19851,139,-186,-8979,0,3,0,151
19852,140,-186,-8979,0,3,0,151
19853,141,-186,-8979,0,3,0,151
19854,142,-186,-8979,0,3,0,151
19855,143,-186,-8979,0,3,0,151
19856,144,-186,-8979,0,2,0,151
19857,145,-186,-8979,0,2,0,151
19858,146,-186,-8979,0,2,0,151
19859,147,-186,-9079,-100,2,0,151
19860,148,-174,-9079,0,-10,-12,8
19861,149,-174,-9079,0,-9,-12,8
19862,150,-174,-9079,0,-9,-12,8
19863,151,-174,-9079,0,-8,-12,8
19864,152,-174,-9079,0,-7,-12,8
19865,153,-186,-9079,0,5,0,8
19866,154,-186,-9079,0,5,0,8
19867,155,-186,-9079,0,5,0,8
19868,156,-186,-9079,0,4,12,8
19869,157,-186,-9079,0,4,12,8
19870,158,-186,-9079,0,4,12,8
19871,159,-186,-9079,0,4,12,8
19872,160,-174,-9079,0,-8,0,-192
19873,161,-174,-9079,0,-8,-12,-192
19874,162,-174,-9079,0,-7,-12,-192
19875,163,-186,-9079,0,5,0,-192
19876,164,-186,-9079,0,5,0,-192
19877,165,-186,-9079,0,5,0,-192
19878,166,-174,-9079,0,-8,-12,-392
19879,167,-174,-9079,0,-7,-12,-392
19880,168,-174,-9079,0,-7,0,-392
19881,169,-174,-9079,0,-6,0,-392
19882,170,-174,-9079,0,-6,0,-392
19883,171,-186,-9079,0,7,0,-392
19884,172,-186,-9079,0,6,0,-392
19885,173,-186,-9079,0,6,0,-392
19886,174,-186,-9079,0,6,12,-392
19887,175,-186,-9079,0,5,12,-392
19888,176,-186,-9079,0,5,12,-392
19889,177,-186,-9079,0,5,12,-392
19890,178,-186,-9079,0,5,12,-299
19891,179,-186,-9079,0,4,0,100
19892,180,-187,-9169,-90,5,1,100
19893,181,-187,-9169,0,5,1,100
19894,182,-187,-9169,0,5,1,100
19895,183,-187,-9169,0,4,1,100
19896,184,-187,-9169,0,4,1,100
19897,185,-187,-9169,0,4,1,100
19898,186,-186,-9079,90,3,0,100
19899,187,-186,-9079,0,3,0,100
19900,188,-186,-9079,0,3,-1,100
19901,189,-186,-9079,0,2,-1,100
19902,190,-186,-9079,0,2,-1,100
19903,191,-186,-9079,0,2,-1,100
19904,192,-186,-9079,0,2,-1,100
19905,193,-186,-9079,0,2,-1,100
19906,194,-186,-9079,0,2,0,100
19907,195,-186,-9079,0,2,0,100
19908,196,-186,-9079,0,2,0,100
19909,197,-186,-9079,0,2,0,100
19910,198,-182,-8988,91,-2,-4,100
19911,199,-182,-8988,0,-2,-4,100
19912,200,-182,-8988,0,-2,-4,100
19913,201,-182,-8988,0,-2,-4,100
19914,202,-185,-8988,0,2,-1,100
19915,203,-185,-8988,0,2,-1,100
19916,204,-185,-8988,0,1,-1,100
19917,205,-185,-8988,0,1,-1,100
19918,206,-185,-8988,0,1,3,100
19919,207,-185,-8988,0,1,3,100
19920,208,-185,-8988,0,1,3,100
19921,209,-185,-8988,0,1,3,100
19922,210,-174,-9173,-185,-10,-11,-131
19923,211,-174,-9173,0,-9,-11,-131
19924,212,-174,-9173,0,-8,-11,-131
19925,213,-174,-9173,0,-8,-11,-131
19926,214,-174,-9173,0,-7,-11,-131
19927,215,-174,-9173,0,-7,-11,-131
19928,216,-174,-9173,0,-6,-11,-131
19929,217,-174,-9173,0,-6,-11,-131
19930,218,-174,-9173,0,-5,0,-131
19931,219,-174,-9173,0,-5,0,-131
19932,220,-174,-9173,0,-5,0,-131
19933,221,-174,-9173,0,-4,0,-131
19934,222,-174,-9173,0,-4,0,-131
19935,223,-174,-9173,0,-4,0,-131
19936,224,-174,-9173,0,-3,0,-131
19937,225,-174,-9173,0,-3,0,-131
19938,226,-174,-9173,0,-3,0,-131
19939,227,-174,-9173,0,-3,0,-131
19940,228,-174,-9173,0,-2,0,-131
19941,229,-174,-9173,0,-2,0,-131
19942,230,-185,-9079,94,9,11,-131
19943,231,-185,-9079,0,9,11,-131
19944,232,-185,-9079,0,8,11,-131
19945,233,-185,-9079,0,8,11,-131
19946,234,-185,-9079,0,7,11,-131
19947,235,-185,-9079,0,7,11,-131
19948,236,-185,-9079,0,6,11,-131
19949,237,-185,-9079,0,6,11,-131
19950,238,-185,-9079,0,6,0,-131
19951,239,-185,-9079,0,5,0,-131
19952,240,-185,-9079,0,5,0,-131
19953,241,-185,-9035,44,5,0,-131
19954,242,-185,-9035,0,5,0,-131
19955,243,-185,-9035,0,4,0,-131
19956,244,-185,-9035,0,4,0,-131
19957,245,-185,-9040,-5,4,0,-170
19958,246,-185,-8940,100,4,0,-170
19959,247,-185,-8940,0,4,0,-170
19960,248,-185,-8940,0,3,0,-170
19961,249,-185,-8940,0,3,0,-122
19962,250,-185,-8940,0,3,0,-103
19963,251,-185,-8940,0,3,0,-103
19964,252,-185,-8940,0,3,0,-103
19965,253,-185,-8940,0,3,0,-103
19966,254,-185,-8940,0,3,0,-103
19967,255,-185,-8940,0,3,0,-103
19968,0,-185,-8940,0,2,0,-103
19969,1,-185,-8940,0,2,0,-103
19970,2,-185,-8940,0,2,0,-103
19971,3,-185,-8940,0,2,0,-103
19972,4,-185,-8940,0,2,0,-103
19973,5,-193,-9079,-139,10,8,-103
19974,6,-185,-8940,139,2,0,-243
19975,7,-185,-8940,0,1,0,-243
19976,8,-193,-9135,-195,9,8,-243
19977,9,-193,-9135,0,9,8,-243
19978,10,-193,-9035,100,8,8,-243
19979,11,-193,-9035,0,8,8,-243
19980,12,-193,-9035,0,8,8,-243
19981,13,-193,-9035,0,7,0,-243
19982,14,-193,-9035,0,7,8,-243
19983,15,-193,-9035,0,6,8,-243
19984,16,-193,-9035,0,6,0,-243
19985,17,-193,-9035,0,6,0,-243
19986,18,-193,-9035,0,5,0,-243
19987,19,-193,-9035,0,5,0,-243
19988,20,-193,-9035,0,5,0,-243
19989,21,-193,-9035,0,5,0,-243
19990,22,-193,-9035,0,4,0,-243
19991,23,-193,-9035,0,4,0,-243
19992,24,-193,-9066,-31,4,0,-374
19993,25,-193,-9066,0,4,0,-374
19994,26,-193,-9066,0,4,0,66
19995,27,-194,-9169,-103,4,1,66
19996,28,-194,-9169,0,4,1,66
19997,29,-194,-9169,0,4,1,66
19998,30,-194,-9169,0,4,1,66
19999,31,-195,-9079,90,5,2,66
20000,32,-195,-9066,13,4,2,66
20001,33,-195,-9066,0,4,2,66
20002,34,-195,-9066,0,4,2,66
20003,35,-195,-9066,0,4,1,66
20004,36,-195,-9066,0,4,1,66
20005,37,-195,-9070,-4,3,1,109
20006,38,-195,-8970,100,3,1,109
20007,39,-195,-8976,-6,3,0,53
20008,40,-195,-9066,-90,3,0,-237
20009,41,-195,-9079,-13,3,0,-150
20010,42,-195,-9080,-1,3,0,-51
20011,43,-195,-9080,0,3,0,-51
20012,44,-195,-9080,0,3,0,-51
20013,45,-195,-9160,-80,2,0,-31
20014,46,-193,-9079,81,0,-2,50
20015,47,-193,-9079,0,0,-2,50
20016,48,-193,-9079,0,0,-2,50
20017,49,-193,-9079,0,0,-2,50
20018,50,-193,-9079,0,0,-2,50
20019,51,-193,-9079,0,0,-2,50
20020,52,-180,-9079,0,-13,-15,-150
20021,53,-180,-9079,0,-12,-15,-150
20022,54,-174,-9173,-94,-17,-19,-150
20023,55,-174,-9173,0,-16,-19,-150
20024,56,-174,-9173,0,-15,-19,-150
20025,57,-174,-9173,0,-14,-19,-150
20026,58,-174,-9173,0,-13,-19,-150
20027,59,-174,-9173,0,-12,-19,-150
20028,60,-174,-9173,0,-11,-6,-150
20029,61,-174,-9173,0,-10,-6,-150
20030,62,-174,-9173,0,-10,0,-150
20031,63,-182,-9119,54,-1,8,-150
20032,64,-182,-9119,0,-1,8,-150
20033,65,-182,-9119,0,-1,8,-150
20034,66,-182,-9119,0,-1,8,-150
20035,67,-182,-9119,0,0,8,-150
20036,68,-182,-9119,0,0,8,-150
20037,69,-182,-9119,0,0,8,-150
20038,70,-182,-9119,0,0,8,-150
20039,71,-182,-9119,0,0,0,-150
20040,72,-182,-9119,0,0,0,-150
20041,73,-182,-9119,0,0,0,-150
20042,74,-182,-9119,0,0,0,-150
20043,75,-182,-9119,0,0,0,-150
20044,76,-182,-9119,0,0,0,-150
20045,77,-182,-9119,0,0,0,-150
20046,78,-182,-9119,0,0,0,-150
20047,79,-176,-9079,40,-6,-6,-610
20048,80,-176,-9079,0,-5,-6,-610
20049,81,-176,-9079,0,-5,-6,-610
20050,82,-176,-9079,0,-5,-6,-610
20051,83,-176,-9079,0,-4,-6,-610
20052,84,-176,-9079,0,-4,-6,-610
20053,85,-176,-9079,0,-4,-6,-610
20054,86,-175,-9129,-50,-4,-7,-610
20055,87,-175,-9129,0,-4,-1,-610
20056,88,-175,-9129,0,-4,-1,-610
20057,89,-175,-9129,0,-3,-1,-610
20058,90,-175,-9129,0,-3,-1,-610
20059,91,-175,-9129,0,-3,-1,-610
20060,92,-175,-9129,0,-3,-1,-610
20061,93,-175,-9129,0,-2,-1,-610
20062,94,-175,-9129,0,-2,0,-610
20063,95,-175,-9128,1,-2,0,-610
20064,96,-175,-9128,0,-2,0,-610
20065,97,-175,-9128,0,-2,0,-610
20066,98,-175,-9128,0,-1,0,-610
20067,99,-175,-9128,0,-1,0,-610
20068,100,-175,-9128,0,-1,0,-610
20069,101,-175,-9128,0,-1,0,-610
20070,102,-175,-9128,0,-1,0,-610
20071,103,-175,-9128,0,-1,0,-610
20072,104,-175,-9128,0,-1,0,-610
20073,105,-175,-9128,0,-1,0,-610
20074,106,-175,-9128,0,0,0,-610
20075,107,-175,-9128,0,0,0,-610
20076,108,-175,-9128,0,0,0,-610
20077,109,-175,-9128,0,0,0,-610
20078,110,-175,-9128,0,0,0,-610
20079,111,-175,-9128,0,0,0,-610
20080,112,-175,-9128,0,0,0,-610
20081,113,-175,-9128,0,0,0,-610
20082,114,-180,-9079,49,5,5,-610
20083,115,-181,-9079,0,6,6,-610
20084,116,-181,-9079,0,5,6,-319
20085,117,-181,-9079,0,5,6,-173
20086,118,-181,-9079,0,5,6,-123
20087,119,-181,-9079,0,5,6,-43
20088,120,-181,-9079,0,4,6,116
20089,121,-181,-8979,100,4,6,116
20090,122,-181,-8979,0,4,1,116
20091,123,-183,-9079,-100,6,2,116
20092,124,-183,-8979,100,6,2,116
20093,125,-183,-8979,0,5,2,116
20094,126,-183,-8879,100,5,2,116
20095,127,-183,-8779,100,5,2,116
20096,128,-185,-9169,-390,6,4,116
20097,129,-185,-9169,0,6,4,116
20098,130,-185,-9169,0,6,4,116
20099,131,-185,-9169,0,5,2,116
20100,132,-185,-9169,0,5,2,116
20101,133,-185,-9169,0,5,2,116
20102,134,-185,-9169,0,5,2,116
20103,135,-185,-9169,0,4,2,116
20104,136,-185,-9169,0,4,0,116
20105,137,-185,-9169,0,4,0,116
20106,138,-185,-9169,0,4,0,116
20107,139,-185,-9169,0,4,0,116
20108,140,-185,-9169,0,3,0,116
20109,141,-184,-8879,290,2,-1,116
20110,142,-184,-8979,-100,2,-1,116
20111,143,-184,-8979,0,2,-1,116
20112,144,-184,-8979,0,2,-1,116
20113,145,-184,-9079,-100,2,-1,116
20114,146,-184,-9079,0,2,-1,116
20115,147,-184,-9079,0,2,-1,116
20116,148,-183,-9079,0,1,-2,116
20117,149,-183,-9079,0,1,-1,116
20118,150,-183,-9079,0,1,-1,247
20119,151,-184,-9079,0,2,0,247
20120,152,-186,-9079,0,4,2,247
20121,153,-186,-8979,100,4,2,247
20122,154,-188,-9169,-190,5,4,247
20123,155,-188,-9169,0,5,4,247
20124,156,-188,-9169,0,5,5,247
20125,157,-188,-8969,200,5,5,247
20126,158,-188,-8969,0,4,5,247
20127,159,-188,-8969,0,4,4,247
20128,160,-188,-8969,0,4,2,247
20129,161,-188,-8969,0,4,2,649
20130,162,-189,-9079,-110,5,1,649
20131,163,-190,-9079,0,5,2,649
20132,164,-190,-8979,100,5,2,649
20133,165,-190,-8879,100,5,2,649
20134,166,-190,-8879,0,5,2,649
20135,167,-190,-8879,0,4,2,649
20136,168,-190,-8979,-100,4,2,649
20137,169,-190,-8979,0,4,2,649
20138,170,-190,-9079,-100,4,1,649
20139,171,-190,-9079,0,4,0,649
20140,172,-189,-8879,200,2,-1,649
20141,173,-190,-8979,-100,3,0,649
20142,174,-190,-8979,0,3,0,649
20143,175,-190,-8979,0,3,0,649
20144,176,-190,-8979,0,3,0,649
20145,177,-194,-8979,0,7,4,649
20146,178,-194,-8979,0,6,4,649
20147,179,-194,-8979,0,6,4,649
20148,180,-194,-8979,0,6,5,649
20149,181,-194,-8979,0,5,4,673
20150,182,-195,-9079,-100,6,5,673
20151,183,-195,-8979,100,6,5,673
20152,184,-195,-8879,100,6,5,673
20153,185,-196,-9169,-290,6,2,673
20154,186,-196,-9169,0,6,2,673
20155,187,-196,-9169,0,6,2,673
20156,188,-196,-9169,0,5,2,673
20157,189,-196,-8969,200,5,2,673
20158,190,-196,-8969,0,5,1,673
20159,191,-196,-8969,0,5,1,673
20160,192,-196,-8979,-10,4,1,673
20161,193,-196,-8979,0,4,0,673
20162,194,-196,-8979,0,4,0,673
20163,195,-196,-8979,0,4,0,673
20164,196,-196,-8979,0,4,0,673
20165,197,-201,-9079,-100,8,5,673
20166,198,-201,-9079,0,8,5,673
20167,199,-201,-9079,0,7,5,701
20168,200,-201,-9079,0,7,5,892
20169,201,-201,-9069,10,7,5,892
20170,202,-201,-9069,0,6,5,892
20171,203,-201,-9069,0,6,5,892
20172,204,-201,-8969,100,6,5,892
20173,205,-201,-9069,-100,5,0,892
20174,206,-201,-9079,-10,5,0,892
20175,207,-198,-8979,100,2,-3,892
20176,208,-198,-8979,0,2,-3,892
20177,209,-198,-8979,0,2,-3,892
20178,210,-198,-8979,0,2,-3,892
20179,211,-198,-8979,0,2,-3,892
20180,212,-198,-8979,0,2,-3,892
20181,213,-198,-8979,0,1,-3,892
20182,214,-198,-8979,0,1,-3,892
20183,215,-198,-8979,0,1,0,892
20184,216,-198,-8979,0,1,0,892
20185,217,-198,-9079,-100,1,0,805
20186,218,-198,-9079,0,1,0,805
20187,219,-198,-9079,0,1,0,805
20188,220,-198,-9079,0,1,0,805
20189,221,-175,-8878,201,-22,-23,706
20190,222,-175,-8878,0,-20,-23,706
20191,223,-175,-8878,0,-19,-23,706
20192,224,-175,-8878,0,-18,-23,706
20193,225,-175,-8878,0,-16,-23,706
20194,226,-175,-8878,0,-15,-23,706
20195,227,-175,-8878,0,-14,-23,706
20196,228,-175,-8878,0,-13,-23,706
20197,229,-175,-8878,0,-13,0,706
20198,230,-175,-8878,0,-12,0,706
20199,231,-175,-8878,0,-11,0,706
20200,232,-175,-8878,0,-10,0,706
20201,233,-175,-8878,0,-9,0,706
20202,234,-175,-8878,0,-9,0,706
20203,235,-175,-8878,0,-8,0,706
20204,236,-179,-9079,-201,-4,4,706
20205,237,-179,-8979,100,-3,4,706
20206,238,-179,-9079,-100,-3,4,706
20207,239,-182,-9079,0,0,7,706
20208,240,-182,-9079,0,0,7,706
20209,241,-182,-9079,0,0,7,706
20210,242,-182,-8979,100,0,7,706
20211,243,-182,-8979,0,0,7,706
20212,244,-182,-8979,0,0,3,706
20213,245,-182,-8979,0,0,3,706
20214,246,-182,-9079,-100,0,3,706
20215,247,-175,-8878,201,-7,-7,706
20216,248,-175,-8878,0,-6,-7,706
20217,249,-175,-8878,0,-6,-7,706
20218,250,-175,-8878,0,-5,-7,706
20219,251,-175,-8878,0,-5,-7,706
20220,252,-175,-8878,0,-4,-7,886
20221,253,-176,-9079,-201,-3,-6,886
20222,254,-180,-9079,0,1,-2,886
20223,255,-186,-9169,-90,7,11,886
20224,0,-186,-9169,0,7,11,886
20225,1,-186,-9169,0,6,11,886
20226,2,-186,-9169,0,6,11,886
20227,3,-180,-8979,190,0,5,886
20228,4,-180,-8879,100,0,5,886
20229,5,-180,-8879,0,0,4,886
20230,6,-180,-8879,0,0,0,886
20231,7,-180,-8879,0,0,-6,886
20232,8,-180,-8879,0,0,-6,886
20233,9,-180,-8979,-100,0,-6,886
20234,10,-180,-8979,0,0,-6,886
20235,11,-180,-8979,0,0,0,886
20236,12,-180,-9079,-100,0,0,886
20237,13,-175,-8978,101,-5,-5,886
20238,14,-175,-8978,0,-4,-5,886
20239,15,-175,-8978,0,-4,-5,886
20240,16,-175,-8978,0,-4,-5,886
20241,17,-175,-8978,0,-3,-5,886
20242,18,-175,-8878,100,-3,-5,886
20243,19,-175,-8878,0,-3,-5,886
20244,20,-175,-8878,0,-3,-5,886
20245,21,-175,-8878,0,-2,0,886
20246,22,-175,-8878,0,-2,0,935
20247,23,-175,-8878,0,-2,0,935
20248,24,-175,-8878,0,-2,0,935
20249,25,-179,-9079,-201,2,4,935
20250,26,-179,-9079,0,2,4,1105
20251,27,-179,-9079,0,2,4,1265
20252,28,-183,-9079,0,6,8,1265
20253,29,-188,-9169,-90,11,13,1265
20254,30,-188,-9169,0,10,13,1265
20255,31,-188,-9169,0,10,13,1265
20256,32,-188,-9169,0,9,13,1265
20257,33,-188,-9169,0,9,9,1265
20258,34,-188,-9169,0,8,9,1265
20259,35,-188,-9169,0,8,9,1265
20260,36,-188,-9169,0,7,5,1265
20261,37,-188,-9169,0,7,0,1265
20262,38,-188,-9169,0,7,0,1265
20263,39,-188,-9169,0,6,0,1265
20264,40,-188,-9169,0,6,0,1265
20265,41,-188,-9169,0,6,0,1265
20266,42,-194,-9127,42,11,6,1265
20267,43,-194,-9127,0,11,6,1265
20268,44,-194,-9127,0,10,6,1265
20269,45,-194,-9127,0,9,6,1265
20270,46,-194,-9127,0,9,6,1265
20271,47,-194,-9127,0,8,6,1265
20272,48,-194,-9127,0,8,6,1167
20273,49,-194,-9127,0,8,6,1167
20274,50,-195,-9079,48,8,1,1167
20275,51,-195,-9079,0,8,1,1167
20276,52,-195,-9079,0,7,1,1167
20277,53,-195,-9079,0,7,1,1167
20278,54,-195,-9079,0,6,1,1046
20279,55,-198,-9079,0,9,4,1046
20280,56,-198,-9079,0,9,4,1046
20281,57,-198,-9079,0,8,4,1046
20282,58,-198,-9079,0,8,3,1046
20283,59,-199,-9079,0,8,4,1046
20284,60,-199,-9079,0,8,4,1046
20285,61,-199,-9079,0,7,4,1046
20286,62,-199,-9079,0,7,4,1046
20287,63,-199,-9079,0,7,1,976
20288,64,-199,-9079,0,6,1,946
20289,65,-200,-9079,0,7,2,946
20290,66,-200,-8979,100,7,2,946
20291,67,-200,-8969,10,6,1,946
20292,68,-200,-9069,-100,6,1,946
20293,69,-200,-9079,-10,6,1,946
20294,70,-199,-9079,0,4,0,946
20295,71,-199,-9079,0,4,0,946
20296,72,-199,-9079,0,4,0,946
20297,73,-199,-9079,0,4,-1,946
20298,74,-199,-9079,0,3,-1,946
20299,75,-199,-9079,0,3,-1,946
20300,76,-199,-9079,0,3,-1,946
20301,77,-199,-9079,0,3,-1,946
20302,78,-199,-9079,0,3,0,946
20303,79,-199,-9079,0,3,0,946
20304,80,-200,-9079,0,4,1,946
20305,81,-200,-9079,0,3,1,946
20306,82,-200,-9079,0,3,1,946
20307,83,-200,-9079,0,3,1,946
20308,84,-200,-9079,0,3,1,946
20309,85,-186,-9079,0,-11,-13,787
20310,86,-186,-9079,0,-10,-13,787
20311,87,-186,-9079,0,-10,-13,787
20312,88,-186,-9079,0,-9,-14,787
20313,89,-182,-9079,0,-12,-18,787
20314,90,-182,-9079,0,-12,-18,787
20315,91,-182,-9079,0,-11,-18,787
20316,92,-182,-9079,0,-10,-18,787
20317,93,-182,-9079,0,-9,-4,787
20318,94,-182,-9079,0,-9,-4,787
20319,95,-182,-9079,0,-8,-4,787
20320,96,-182,-9079,0,-8,-4,787
20321,97,-182,-9079,0,-7,0,787
20322,98,-182,-8979,100,-7,0,787
20323,99,-182,-8979,0,-6,0,787
20324,100,-182,-8979,0,-6,0,787
20325,101,-182,-8979,0,-5,0,787
20326,102,-182,-8979,0,-5,0,787
20327,103,-182,-8979,0,-4,0,787
20328,104,-182,-8979,0,-4,0,787
20329,105,-182,-8979,0,-4,0,787
20330,106,-182,-8979,0,-4,0,787
20331,107,-182,-8979,0,-3,0,787
20332,108,-182,-8979,0,-3,0,787
20333,109,-182,-8979,0,-3,0,787
20334,110,-182,-8979,0,-3,0,787
20335,111,-182,-8979,0,-2,0,787
20336,112,-182,-8979,0,-2,0,787
20337,113,-182,-8979,0,-2,0,787
20338,114,-182,-8979,0,-2,0,787
20339,115,-182,-8979,0,-2,0,787
20340,116,-182,-8979,0,-1,0,787
20341,117,-182,-8979,0,-1,0,787
20342,118,-182,-8979,0,-1,0,707
20343,119,-182,-8979,0,-1,0,707
20344,120,-182,-8979,0,-1,0,707
20345,121,-195,-9079,-100,12,13,707
20346,122,-195,-9079,0,12,13,707
20347,123,-195,-9079,0,11,13,707
20348,124,-195,-9079,0,10,13,707
20349,125,-195,-9079,0,10,13,707
20350,126,-195,-9079,0,9,13,707
20351,127,-195,-9079,0,9,13,707
20352,128,-195,-9079,0,8,13,707
20353,129,-195,-9079,0,8,0,707
20354,130,-195,-9079,0,7,0,707
20355,131,-195,-9079,0,7,0,707
20356,132,-195,-9079,0,6,0,707
20357,133,-195,-9079,0,6,0,707
20358,134,-195,-9079,0,6,0,707
20359,135,-195,-9079,0,5,0,707
20360,136,-195,-9079,0,5,0,707
20361,137,-195,-9079,0,5,0,707
20362,138,-195,-9079,0,5,0,707
20363,139,-195,-9079,0,4,0,707
20364,140,-195,-9079,0,4,0,707
20365,141,-195,-9079,0,4,0,707
20366,142,-195,-9079,0,4,0,707
20367,143,-195,-9079,0,4,0,707
20368,144,-195,-9079,0,3,0,292
20369,145,-195,-9079,0,3,0,292
20370,146,-195,-9079,0,3,0,748
20371,147,-195,-9079,0,3,0,748
20372,148,-195,-9079,0,3,0,748
20373,149,-193,-9079,0,1,-2,626
20374,150,-193,-9079,0,1,-2,626
20375,151,-193,-9079,0,1,-2,626
20376,152,-193,-9079,0,1,-2,626
20377,153,-193,-9079,0,1,-2,626
20378,154,-193,-9079,0,1,-2,626
20379,155,-193,-9079,0,1,-2,626
20380,156,-187,-9079,0,-5,-8,425
20381,157,-187,-9079,0,-5,-6,425
20382,158,-187,-9079,0,-4,-6,425
20383,159,-187,-9079,0,-4,-6,425
20384,160,-187,-9079,0,-4,-6,425
20385,161,-182,-9079,0,-9,-11,425
20386,162,-182,-9079,0,-8,-11,425
20387,163,-182,-9079,0,-7,-11,425
20388,164,-182,-9079,0,-7,-5,425
20389,165,-182,-9079,0,-6,-5,425
20390,166,-182,-8979,100,-6,-5,425
20391,167,-182,-8979,0,-6,-5,425
20392,168,-182,-8979,0,-5,-5,425
20393,169,-182,-8979,0,-5,0,425
20394,170,-182,-8979,0,-4,0,425
20395,171,-182,-8979,0,-4,0,425
20396,172,-182,-8979,0,-4,0,425
20397,173,-182,-8979,0,-3,0,425
20398,174,-182,-8979,0,-3,0,425
20399,175,-182,-8979,0,-3,0,425
20400,176,-182,-8979,0,-3,0,425
20401,177,-182,-8979,0,-2,0,425
20402,178,-182,-8979,0,-2,0,425
20403,179,-182,-8979,0,-2,0,425
20404,180,-182,-9079,-100,-2,0,425
20405,181,-175,-8976,103,-9,-7,425
20406,182,-175,-8976,0,-8,-7,425
20407,183,-175,-8976,0,-8,-7,425
20408,184,-175,-8976,0,-7,-7,425
20409,185,-175,-8976,0,-7,-7,425
20410,186,-175,-8976,0,-6,-7,425
20411,187,-175,-8976,0,-6,-7,425
20412,188,-175,-8976,0,-5,-7,425
20413,189,-175,-8976,0,-5,0,425
20414,190,-175,-8976,0,-4,0,425
20415,191,-175,-8976,0,-4,0,425
20416,192,-175,-8976,0,-4,0,425
20417,193,-175,-8976,0,-4,0,425
20418,194,-175,-8976,0,-3,0,425
20419,195,-175,-8976,0,-3,0,447
20420,196,-175,-8976,0,-3,0,447
20421,197,-175,-8976,0,-3,0,447
20422,198,-175,-8976,0,-2,0,447
20423,199,-175,-8976,0,-2,0,447
20424,200,-175,-8976,0,-2,0,447
20425,201,-175,-8976,0,-2,0,447
20426,202,-175,-8976,0,-2,0,447
20427,203,-175,-8976,0,-1,0,419
20428,204,-175,-8976,0,-1,0,419
20429,205,-175,-8976,0,-1,0,419
20430,206,-175,-8976,0,-1,0,419
20431,207,-175,-8976,0,-1,0,419
20432,208,-175,-8976,0,-1,0,419
20433,209,-175,-8976,0,-1,0,419
20434,210,-175,-8976,0,-1,0,858
20435,211,-175,-8976,0,0,0,968
20436,212,-175,-8976,0,0,0,968
20437,213,-175,-8976,0,0,0,968
20438,214,-175,-8976,0,0,0,968
20439,215,-175,-8976,0,0,0,968
20440,216,-175,-8976,0,0,0,1166
20441,217,-175,-8976,0,0,0,1166
20442,218,-175,-8976,0,0,0,1166
20443,219,-175,-8976,0,0,0,1246
20444,220,-175,-8976,0,0,0,1316
20445,221,-175,-8976,0,0,0,1316
20446,222,-175,-8976,0,0,0,1316
20447,223,-175,-8976,0,0,0,1316
20448,224,-175,-8976,0,0,0,1316
20449,225,-175,-8976,0,0,0,1309
20450,226,-177,-9079,-103,2,2,1309
20451,227,-177,-8979,100,2,2,1309
20452,228,-178,-9169,-190,3,3,1309
20453,229,-178,-9169,0,3,3,1309
20454,230,-178,-9169,0,3,3,1309
20455,231,-178,-9169,0,3,3,1309
20456,232,-177,-9079,90,2,2,1309
20457,233,-177,-9079,0,2,2,1309
20458,234,-177,-9079,0,2,0,1309
20459,235,-177,-9079,0,2,0,1309
20460,236,-177,-9079,0,2,-1,1309
20461,237,-175,-8876,203,-1,-3,1309
20462,238,-175,-8876,0,0,-3,1309
20463,239,-175,-8876,0,0,-3,1429
20464,240,-175,-8876,0,0,-2,1429
20465,241,-175,-8876,0,0,-2,1459
20466,242,-175,-8876,0,0,-2,1459
20467,243,-175,-8876,0,0,-2,1459
20468,244,-175,-8876,0,0,-2,1459
20469,245,-175,-8876,0,0,0,1459
20470,246,-175,-8876,0,0,0,1459
20471,247,-175,-8876,0,0,0,1459
20472,248,-175,-8876,0,0,0,1459
20473,249,-175,-8876,0,0,0,1459
20474,250,-175,-8876,0,0,0,1459
20475,251,-175,-8876,0,0,0,1459
20476,252,-175,-8876,0,0,0,1459
20477,253,-175,-8876,0,0,0,1459
20478,254,-175,-8876,0,0,0,1459
20479,255,-175,-8876,0,0,0,1482
20480,0,-177,-9079,-203,2,2,1482
20481,1,-177,-8979,100,2,2,1482
20482,2,-180,-9169,-190,5,5,1482
20483,3,-180,-9169,0,5,5,1482
20484,4,-177,-8979,190,2,2,1482
20485,5,-177,-9079,-100,2,2,1482
20486,6,-175,-8876,203,0,0,1482
20487,7,-175,-8876,0,0,0,1482
20488,8,-175,-8876,0,0,-2,1482
20489,9,-175,-8876,0,0,-2,1482
20490,10,-175,-8876,0,0,-5,1482
20491,11,-175,-8876,0,0,-5,1482
20492,12,-175,-8876,0,0,-2,1482
20493,13,-175,-8976,-100,0,-2,1482
20494,14,-175,-8976,0,0,0,1482
20495,15,-175,-8976,0,0,0,1482
20496,16,-181,-9123,-147,6,6,1482
20497,17,-181,-9123,0,6,6,1482
20498,18,-181,-9123,0,6,6,1482
20499,19,-181,-9123,0,5,6,1482
20500,20,-181,-9123,0,5,6,1482
20501,21,-181,-9123,0,5,6,1482
20502,22,-181,-9123,0,5,6,1482
20503,23,-181,-9123,0,4,6,1011
20504,24,-181,-9123,0,4,0,1011
20505,25,-181,-9123,0,4,0,1011
20506,26,-181,-9123,0,4,0,1011
20507,27,-181,-9123,0,4,0,1011
20508,28,-181,-9123,0,3,0,1011
20509,29,-181,-9123,0,3,0,1011
20510,30,-181,-9123,0,3,0,1011
20511,31,-181,-9123,0,3,0,1011
20512,32,-181,-9123,0,3,0,1011
20513,33,-181,-9123,0,3,0,1011
20514,34,-181,-9123,0,3,0,1011
20515,35,-186,-9079,44,8,5,1011
20516,36,-186,-9079,0,7,5,1011
20517,37,-186,-9079,0,7,5,1011
20518,38,-186,-9079,0,6,5,1011
20519,39,-186,-9079,0,6,5,1011
20520,40,-186,-9079,0,6,5,1011
20521,41,-181,-9123,-44,0,0,1011
20522,42,-181,-9123,0,0,0,1011
20523,43,-181,-9123,0,0,-5,1011
20524,44,-181,-9023,100,0,-5,1011
20525,45,-181,-9023,0,0,-5,1011
20526,46,-186,-9178,-155,5,0,1011
20527,47,-181,-9023,155,0,-5,1110
20528,48,-181,-9023,0,0,-5,1110
20529,49,-181,-9023,0,0,0,1110
20530,50,-181,-9123,-100,0,0,1110
20531,51,-181,-9123,0,0,0,1110
20532,52,-177,-9079,44,-4,-4,1154
20533,53,-177,-9123,-44,-3,-4,1210
20534,54,-177,-9123,0,-3,-9,1210
20535,55,-177,-9123,0,-3,-4,1210
20536,56,-177,-9123,0,-3,-4,1210
20537,57,-177,-9123,0,-2,-4,1210
20538,58,-177,-9123,0,-2,-4,1210
20539,59,-177,-9123,0,-2,-4,1210
20540,60,-177,-9123,0,-2,0,1210
20541,61,-177,-9123,0,-2,0,1210
20542,62,-177,-9123,0,-1,0,1210
20543,63,-177,-9123,0,-1,0,1210
20544,64,-177,-9123,0,-1,0,1210
20545,65,-177,-9123,0,-1,0,1210
20546,66,-177,-9123,0,-1,0,1210
20547,67,-177,-9123,0,-1,0,1210
20548,68,-177,-9123,0,-1,0,1210
20549,69,-177,-9123,0,-1,0,1210
20550,70,-177,-9123,0,0,0,1210
20551,71,-175,-7976,1147,-2,-2,1032
20552,72,-175,-7976,0,-2,-2,1032
20553,73,-175,-7976,0,-2,-2,1032
20554,74,-175,-7976,0,-2,-2,1032
20555,75,-175,-7976,0,-2,-2,1032
20556,76,-175,-7976,0,-1,-2,1032
20557,77,-175,-7976,0,-1,-2,1032
20558,78,-175,-7976,0,-1,-2,1032
20559,79,-175,-7976,0,-1,0,1032
20560,80,-175,-7976,0,-1,0,1032
20561,81,-175,-7976,0,-1,0,1032
20562,82,-175,-7976,0,-1,0,1032
20563,83,-175,-8026,-50,-1,0,980
20564,84,-175,-8027,-1,0,0,470
20565,85,-175,-8177,-150,0,0,110
20566,86,-175,-8179,-2,0,0,-92
20567,87,-169,-9079,-900,-6,-6,-1192
20568,88,-169,-9079,0,-6,-6,-1192
20569,89,-169,-9079,0,-5,-6,-1192
20570,90,-169,-9079,0,-5,-6,-1192
20571,91,-169,-9079,0,-5,-6,-1192
20572,92,-175,-8179,900,2,0,-1192
20573,93,-175,-8179,0,2,0,-1192
20574,94,-175,-8179,0,2,0,-1192
20575,95,-175,-8179,0,2,6,-1192
20576,96,-175,-8179,0,1,6,-1192
20577,97,-175,-8179,0,1,6,-1192
20578,98,-175,-8179,0,1,6,-1192
20579,99,-175,-8179,0,1,6,-1192
20580,100,-175,-8179,0,1,0,-1192
20581,101,-175,-8179,0,1,0,-1192
20582,102,-175,-8179,0,1,0,-1192
20583,103,-175,-8179,0,1,0,-1192
20584,104,-175,-8179,0,1,0,-1192
20585,105,-175,-8179,0,1,0,-1192
20586,106,-175,-8179,0,1,0,-1192
20587,107,-175,-8179,0,1,0,-1192
20588,108,-175,-8179,0,1,0,-1192
20589,109,-175,-8179,0,1,0,-1192
20590,110,-175,-8179,0,1,0,-1192
20591,111,-175,-8179,0,1,0,-1192
20592,112,-175,-8179,0,1,0,-1192
20593,113,-175,-8179,0,1,0,-1192
20594,114,-175,-8179,0,1,0,-1192
20595,115,-175,-8179,0,1,0,-1192
20596,116,-166,-9079,-900,-8,-9,-2292
20597,117,-166,-9079,0,-7,-9,-2292
20598,118,-166,-9079,0,-7,-9,-2292
20599,119,-166,-9079,0,-6,-9,-2292
20600,120,-157,-9079,0,-15,-18,-2292
20601,121,-157,-9079,0,-14,-18,-2292
20602,122,-175,-8179,900,5,0,-2292
20603,123,-175,-8179,0,5,0,-2292
20604,124,-175,-8179,0,5,9,-2292
20605,125,-175,-8179,0,5,9,-2292
20606,126,-175,-8179,0,4,9,-2292
20607,127,-175,-8179,0,4,9,-2292
20608,128,-175,-8179,0,4,18,-2292
20609,129,-175,-8179,0,4,18,-2292
20610,130,-175,-8179,0,4,0,-2292
20611,131,-175,-8179,0,3,0,-2292
20612,132,-175,-8179,0,3,0,-2292
20613,133,-175,-8179,0,3,0,-2292
20614,134,-175,-8179,0,3,0,-2292
20615,135,-175,-8179,0,3,0,-2292
20616,136,-175,-8179,0,3,0,-2292
20617,137,-175,-8179,0,3,0,-2292
20618,138,-175,-8179,0,2,0,-2292
20619,139,-175,-8179,0,2,0,-2292
20620,140,-175,-8179,0,2,0,-2292
20621,141,-175,-8179,0,2,0,-2292
20622,142,-175,-8179,0,2,0,-2292
20623,143,-175,-8179,0,2,0,-2292
20624,144,-175,-8179,0,2,0,-2292
20625,145,-175,-8179,0,2,0,-2292
20626,146,-175,-8179,0,2,0,-2292
20627,147,-175,-8179,0,2,0,-2292
20628,148,-175,-8179,0,2,0,-2292
20629,149,-161,-9079,-900,-12,-14,-3355
20630,150,-161,-9079,0,-11,-14,-3355
20631,151,-161,-9079,0,-11,-14,-3355
20632,152,-161,-9079,0,-10,-14,-3355
20633,153,-161,-9079,0,-9,-14,-3355
20634,154,-175,-8179,900,5,0,-3355
20635,155,-175,-8179,0,5,0,-3355
20636,156,-175,-8179,0,5,0,-3355
20637,157,-175,-8179,0,5,14,-3355
20638,158,-175,-8179,0,4,14,-3355
20639,159,-175,-8179,0,4,14,-3355
20640,160,-175,-8179,0,4,14,-3355
20641,161,-175,-8179,0,4,14,-3355
20642,162,-175,-8179,0,4,0,-3355
20643,163,-175,-8179,0,3,0,-3355
20644,164,-175,-8179,0,3,0,-3355
20645,165,-158,-9079,-900,-14,-17,-4375
20646,166,-158,-9079,0,-13,-17,-4375
20647,167,-158,-9079,0,-12,-17,-4375
20648,168,-158,-9079,0,-11,-17,-4375
20649,169,-158,-9079,0,-10,-17,-4375
20650,170,-155,-9079,0,-13,-20,-4375
20651,171,-175,-8676,403,8,0,-4375
20652,172,-175,-8676,0,8,0,-4375
20653,173,-175,-8676,0,7,17,-4375
20654,174,-175,-8676,0,7,17,-4375
20655,175,-175,-8676,0,6,17,-4375
20656,176,-175,-8676,0,6,17,-4375
20657,177,-175,-8676,0,6,17,-4375
20658,178,-175,-8676,0,5,20,-4375
20659,179,-175,-8676,0,5,0,-4375
20660,180,-175,-8676,0,5,0,-4375
20661,181,-175,-8676,0,5,0,-4375
20662,182,-175,-8676,0,4,0,-4375
20663,183,-175,-8676,0,4,0,-4375
20664,184,-175,-9076,-400,4,0,-4825
20665,185,-175,-9076,0,4,0,-4825
20666,186,-175,-9076,0,4,0,-4825
20667,187,-175,-9076,0,3,0,-4825
20668,188,-175,-9076,0,3,0,-4825
20669,189,-175,-9076,0,3,0,-4825
20670,190,-175,-9076,0,3,0,-4825
20671,191,-175,-9076,0,3,0,-4825
20672,192,-175,-9076,0,3,0,-4825
20673,193,-175,-9076,0,3,0,-4825
20674,194,-175,-9076,0,3,0,-4825
20675,195,-175,-9076,0,2,0,-4825
20676,196,-175,-9076,0,2,0,-4825
20677,197,-175,-9126,-50,2,0,-4905
20678,198,-175,-9176,-50,2,0,-4960
20679,199,-160,-9079,97,-13,-15,-4863
20680,200,-160,-9079,0,-12,-15,-4863
20681,201,-160,-9079,0,-11,-15,-4863
20682,202,-160,-9079,0,-10,-15,-4863
20683,203,-160,-9079,0,-10,-15,-4863
20684,204,-155,-9079,0,-14,-20,-4863
20685,205,-155,-9079,0,-13,-20,-4863
20686,206,-155,-9079,0,-12,-20,-4863
20687,207,-155,-9079,0,-11,-5,-4863
20688,208,-155,-8979,100,-11,-5,-4863
20689,209,-155,-8979,0,-10,-5,-4863
20690,210,-155,-8979,0,-9,-5,-4863
20691,211,-155,-8979,0,-9,-5,-4863
20692,212,-155,-8979,0,-8,0,-4863
20693,213,-155,-8979,0,-7,0,-4863
20694,214,-155,-8979,0,-7,0,-4863
20695,215,-155,-8979,0,-6,0,-4863
20696,216,-155,-8979,0,-6,0,-4863
20697,217,-155,-8979,0,-6,0,-4863
20698,218,-155,-8979,0,-5,0,-4863
20699,219,-155,-8979,0,-5,0,-4662
20700,220,-159,-9079,-100,0,4,-4662
20701,221,-164,-9169,-90,5,9,-4662
20702,222,-164,-9169,0,4,9,-4662
20703,223,-164,-9169,0,4,9,-4662
20704,224,-164,-9169,0,4,9,-4662
20705,225,-159,-8879,290,-1,4,-4662
20706,226,-159,-8979,-100,-1,4,-4662
20707,227,-159,-9079,-100,-1,4,-4662
20708,228,-155,-9079,0,-5,-4,-4662
20709,229,-155,-8979,100,-4,-9,-4662
20710,230,-173,-8879,100,14,9,-4662
20711,231,-173,-8879,0,13,9,-4662
20712,232,-173,-8879,0,12,9,-4662
20713,233,-173,-8879,0,12,14,-4662
20714,234,-173,-8879,0,11,14,-4662
20715,235,-173,-8879,0,10,14,-4662
20716,236,-162,-9079,-200,-1,7,-4662
20717,237,-155,-8979,100,-8,0,-4662
20718,238,-155,-8979,0,-8,-18,-4662
20719,239,-155,-8979,0,-7,-18,-4662
20720,240,-155,-8979,0,-7,-18,-4662
20721,241,-155,-8979,0,-6,-18,-4662
20722,242,-155,-8979,0,-6,-18,-4662
20723,243,-155,-8979,0,-5,-18,-4662
20724,244,-155,-8979,0,-5,-7,-4662
20725,245,-155,-8979,0,-4,0,-4662
20726,246,-155,-8979,0,-4,0,-4662
20727,247,-155,-8979,0,-4,0,-4601
20728,248,-155,-8979,0,-4,0,-4556
20729,249,-155,-8979,0,-3,0,-4411
20730,250,-156,-8879,100,-2,1,-4411
20731,251,-159,-9079,-200,1,4,-4411
20732,252,-165,-9169,-90,7,10,-4411
20733,253,-165,-9169,0,7,10,-4411
20734,254,-165,-9169,0,6,10,-4411
20735,255,-165,-9169,0,6,10,-4411
20736,0,-165,-9169,0,6,10,-4411
20737,1,-165,-9169,0,5,10,-4411
20738,2,-165,-9169,0,5,9,-4411
20739,3,-159,-8879,290,-1,0,-4411
20740,4,-159,-8979,-100,-1,-6,-4411
20741,5,-159,-9079,-100,-1,-6,-4411
20742,6,-155,-9079,0,-5,-10,-4411
20743,7,-155,-8979,100,-4,-10,-4411
20744,8,-155,-8979,0,-4,-10,-4411
20745,9,-155,-8979,0,-4,-10,-4411
20746,10,-155,-8979,0,-3,-10,-4411
20747,11,-155,-8979,0,-3,-4,-4411
20748,12,-155,-8979,0,-3,-4,-4411
20749,13,-155,-8979,0,-3,-4,-4411
20750,14,-155,-8979,0,-2,0,-4411
20751,15,-155,-8979,0,-2,0,-4411
20752,16,-155,-8979,0,-2,0,-4411
20753,17,-155,-8979,0,-2,0,-4411
20754,18,-155,-8979,0,-2,0,-4411
20755,19,-155,-8979,0,-1,0,-4411
20756,20,-155,-8979,0,-1,0,-4411
20757,21,-155,-8979,0,-1,0,-4411
20758,22,-155,-8979,0,-1,0,-4411
20759,23,-155,-8979,0,-1,0,-4411
20760,24,-155,-8979,0,-1,0,-4411
20761,25,-155,-8979,0,-1,0,-4411
20762,26,-155,-8979,0,-1,0,-4411
20763,27,-155,-8979,0,0,0,-4411
20764,28,-155,-8979,0,0,0,-4411
20765,29,-155,-8979,0,0,0,-4411
20766,30,-155,-8979,0,0,0,-4411
20767,31,-155,-8979,0,0,0,-4411
20768,32,-155,-8979,0,0,0,-4411
20769,33,-158,-9169,-190,3,3,-4411
20770,34,-158,-9169,0,3,3,-4411
20771,35,-158,-9169,0,3,3,-4411
20772,36,-158,-9169,0,3,3,-4186
20773,37,-158,-9169,0,2,3,-4186
20774,38,-158,-9169,0,2,3,-4186
20775,39,-158,-9169,0,2,3,-4186
20776,40,-158,-9169,0,2,3,-4186
20777,41,-158,-9169,0,2,0,-4186
20778,42,-158,-9169,0,2,0,-4186
20779,43,-158,-9169,0,2,0,-4186
20780,44,-158,-9169,0,2,0,-4186
20781,45,-158,-9169,0,2,0,-4186
20782,46,-158,-9169,0,2,0,-4186
20783,47,-158,-9169,0,2,0,-4186
20784,48,-158,-9169,0,2,0,-4186
20785,49,-158,-9169,0,2,0,-4186
20786,50,-158,-9169,0,2,0,-4186
20787,51,-158,-9169,0,2,0,-4186
20788,52,-158,-9169,0,1,0,-4186
20789,53,-158,-9169,0,1,0,-4186
20790,54,-158,-9169,0,1,0,-4186
20791,55,-158,-9169,0,1,0,-4186
20792,56,-158,-9169,0,1,0,-4186
20793,57,-158,-9169,0,1,0,-4186
20794,58,-158,-9169,0,1,0,-4135
20795,59,-158,-9169,0,1,0,-4135
20796,60,-158,-9169,0,1,0,-4135
20797,61,-158,-9169,0,1,0,-4135
20798,62,-158,-9169,0,1,0,-4135
20799,63,-158,-9169,0,1,0,-4135
20800,64,-158,-9169,0,1,0,-4135
20801,65,-152,-9069,100,-5,-6,-3995
20802,66,-152,-9069,0,-4,-6,-3995
20803,67,-152,-9069,0,-4,-6,-3995
20804,68,-152,-9069,0,-4,-6,-3968
20805,69,-152,-9069,0,-3,-6,-3968
20806,70,-152,-9069,0,-3,-6,-3968
20807,71,-152,-9069,0,-3,-6,-3968
20808,72,-152,-9069,0,-3,-6,-2893
20809,73,-152,-9069,0,-2,0,-1868
20810,74,-152,-9169,-100,-2,0,-1868
20811,75,-152,-9169,0,-2,0,-1868
20812,76,-152,-9169,0,-2,0,-1868
20813,77,-152,-9169,0,-2,0,-1868
20814,78,-152,-9169,0,-1,0,-1868
20815,79,-152,-9169,0,-1,0,-1868
20816,80,-152,-9169,0,-1,0,-1868
20817,81,-152,-9169,0,-1,0,-1868
20818,82,-152,-9169,0,-1,0,-1868
20819,83,-152,-9169,0,-1,0,1497
20820,84,-153,-8879,290,0,1,1497
20821,85,-153,-8779,100,0,1,1497
20822,86,-153,-8769,10,0,1,1497
20823,87,-153,-8769,0,0,1,1497
20824,88,-153,-8769,0,0,1,1497
20825,89,-154,-8879,-110,1,2,1497
20826,90,-154,-8879,0,1,2,1497
20827,91,-154,-8879,0,1,2,3157
20828,92,-157,-9079,-200,4,4,3157
20829,93,-157,-8979,100,4,4,3157
20830,94,-157,-8779,200,4,4,3157
20831,95,-157,-8779,0,4,4,3157
20832,96,-157,-8779,0,4,4,3157
20833,97,-157,-8779,0,3,3,3157
20834,98,-157,-8779,0,3,3,3157
20835,99,-157,-8779,0,3,3,3157
20836,100,-157,-8779,0,3,0,3157
20837,101,-157,-8779,0,3,0,3157
20838,102,-157,-8779,0,3,0,3157
20839,103,-157,-8779,0,3,0,3157
20840,104,-157,-8779,0,3,0,3157
20841,105,-165,-8179,600,10,8,3157
20842,106,-165,-8179,0,10,8,3157
20843,107,-165,-8179,0,9,8,3157
20844,108,-165,-8179,0,9,8,3157
20845,109,-165,-8179,0,8,8,3157
20846,110,-165,-8179,0,8,8,3157
20847,111,-165,-8179,0,7,8,3157
20848,112,-165,-8179,0,7,8,3157
20849,113,-165,-8179,0,7,0,3157
20850,114,-165,-8179,0,6,0,3157
20851,115,-165,-8179,0,6,0,3157
20852,116,-165,-8179,0,6,0,3157
20853,117,-165,-8179,0,5,0,3157
20854,118,-165,-8179,0,5,0,3157
20855,119,-165,-8179,0,5,0,3157
20856,120,-165,-8179,0,5,0,3157
20857,121,-165,-8179,0,4,0,3157
20858,122,-165,-8179,0,4,0,3157
20859,123,-165,-8179,0,4,0,3157
20860,124,-165,-8179,0,4,0,3157
20861,125,-165,-8179,0,4,0,3157
20862,126,-165,-8179,0,3,0,3157
20863,127,-165,-8179,0,3,0,3157
20864,128,-165,-8179,0,3,0,3157
20865,129,-165,-8179,0,3,0,3157
20866,130,-165,-8179,0,3,0,3157
20867,131,-165,-8179,0,3,0,3157
20868,132,-159,-9079,-900,-3,-6,2557
20869,133,-159,-9079,0,-3,-6,2557
20870,134,-159,-9079,0,-3,-6,2557
20871,135,-165,-8179,900,3,0,2557
20872,136,-165,-8179,0,3,0,2557
20873,137,-165,-8179,0,3,0,2557
20874,138,-165,-8279,-100,3,0,2507
20875,139,-165,-8279,0,3,0,2507
20876,140,-165,-8279,0,3,6,2507
20877,141,-165,-8279,0,3,6,2507
20878,142,-165,-8279,0,3,6,2507
20879,143,-165,-8279,0,2,0,2507
20880,144,-165,-8279,0,2,0,2507
20881,145,-165,-8279,0,2,0,2507
20882,146,-165,-8279,0,2,0,2507
20883,147,-165,-8279,0,2,0,2507
20884,148,-155,-9010,-731,-8,-10,1657
20885,149,-155,-9010,0,-7,-10,1657
20886,150,-155,-9010,0,-7,-10,1657
20887,151,-165,-8179,831,4,0,1657
20888,152,-165,-8179,0,3,0,1657
20889,153,-165,-8179,0,3,0,1657
20890,154,-165,-8179,0,3,0,1657
20891,155,-165,-8279,-100,3,0,1560
20892,156,-165,-8679,-400,3,10,960
20893,157,-165,-8679,0,3,10,960
20894,158,-165,-8679,0,3,10,1055
20895,159,-165,-8679,0,3,0,1055
20896,160,-165,-8679,0,2,0,1055
20897,161,-165,-8679,0,2,0,1055
20898,162,-165,-8679,0,2,0,1055
20899,163,-155,-9010,-331,-8,-10,1055
20900,164,-155,-9010,0,-7,-10,1055
20901,165,-155,-9010,0,-7,-10,1055
20902,166,-155,-9010,0,-6,-10,1055
20903,167,-155,-9010,0,-6,-10,1055
20904,168,-155,-9010,0,-5,-10,1055
20905,169,-155,-8910,100,-5,-10,1055
20906,170,-155,-8910,0,-5,-10,1055
20907,171,-155,-8910,0,-4,0,1471
20908,172,-156,-8879,31,-3,1,1471
20909,173,-158,-9079,-200,-1,3,1471
20910,174,-158,-8979,100,-1,3,1471
20911,175,-162,-9169,-190,4,7,1471
20912,176,-162,-9169,0,3,7,1471
20913,177,-162,-9169,0,3,7,1471
20914,178,-162,-9169,0,3,7,1471
20915,179,-162,-9169,0,3,7,1471
20916,180,-162,-9169,0,3,6,1471
20917,181,-162,-9169,0,3,4,1471
20918,182,-158,-8879,290,-1,0,1471
20919,183,-158,-8879,0,-1,-4,1471
20920,184,-158,-8879,0,-1,-4,1471
20921,185,-158,-8879,0,-1,-4,1471
20922,186,-158,-8979,-100,-1,-4,1471
20923,187,-158,-8979,0,-1,-4,1471
20924,188,-158,-8979,0,-1,-4,1471
20925,189,-158,-9079,-100,-1,-4,1471
20926,190,-155,-9010,69,-3,-3,1471
20927,191,-155,-9010,0,-3,-3,1471
20928,192,-155,-9010,0,-3,-3,1471
20929,193,-155,-8910,100,-3,-3,1471
20930,194,-166,-9010,-100,9,8,1471
20931,195,-166,-9010,0,8,8,1471
20932,196,-166,-9010,0,8,8,1471
20933,197,-166,-9010,0,7,8,1471
20934,198,-166,-9010,0,7,11,1471
20935,199,-166,-9010,0,6,11,1471
20936,200,-166,-9010,0,6,11,1471
20937,201,-166,-9010,0,6,11,1471
20938,202,-166,-9010,0,5,0,1471
20939,203,-166,-9010,0,5,0,1471
20940,204,-166,-9010,0,5,0,1471
20941,205,-169,-9176,-166,8,3,1471
20942,206,-169,-9176,0,7,3,1471
20943,207,-166,-9010,166,4,0,1379
20944,208,-166,-9010,0,4,0,1379
20945,209,-166,-9010,0,3,0,1379
20946,210,-166,-9010,0,3,0,1379
20947,211,-166,-9010,0,3,0,1379
20948,212,-166,-9010,0,3,0,1379
20949,213,-166,-9010,0,3,-3,1379
20950,214,-166,-9010,0,3,-3,1379
20951,215,-166,-9110,-100,3,0,1104
20952,216,-166,-9110,0,3,0,1104
20953,217,-166,-9110,0,2,0,1104
20954,218,-166,-9110,0,2,0,1104
20955,219,-166,-9110,0,2,0,1104
20956,220,-166,-9110,0,2,0,1104
20957,221,-166,-9110,0,2,0,1104
20958,222,-166,-9110,0,2,0,1104
20959,223,-157,-9079,31,-7,-9,985
20960,224,-157,-9079,0,-6,-9,985
20961,225,-157,-9079,0,-6,-9,985
20962,226,-157,-9079,0,-6,-9,985
20963,227,-157,-9079,0,-5,-9,985
20964,228,-155,-9010,69,-7,-11,985
20965,229,-155,-8910,100,-6,-11,985
20966,230,-155,-8910,0,-6,-11,985
20967,231,-155,-8910,0,-5,-2,985
20968,232,-155,-8910,0,-5,-2,985
20969,233,-155,-8910,0,-5,-2,985
20970,234,-155,-8910,0,-4,-2,985
20971,235,-155,-9010,-100,-4,-2,985
20972,236,-155,-9010,0,-4,0,985
20973,237,-155,-9010,0,-3,0,985
20974,238,-155,-9010,0,-3,0,985
20975,239,-155,-9010,0,-3,0,985
20976,240,-159,-8979,31,1,4,985
20977,241,-159,-8979,0,1,4,985
20978,242,-159,-8879,100,1,4,985
20979,243,-159,-8879,0,1,4,985
20980,244,-159,-8879,0,1,4,985
20981,245,-159,-8879,0,1,4,985
20982,246,-159,-8579,300,1,4,985
20983,247,-162,-9079,-500,4,7,985
20984,248,-162,-9079,0,4,3,985
20985,249,-162,-9079,0,4,3,985
20986,250,-162,-8979,100,4,3,985
20987,251,-162,-8979,0,4,3,985
20988,252,-162,-8979,0,3,3,985
20989,253,-162,-8979,0,3,3,1020
20990,254,-163,-8879,100,4,4,1020
20991,255,-165,-9079,-200,6,3,1020
20992,0,-165,-8979,100,6,3,1020
20993,1,-168,-9169,-190,8,6,1020
20994,2,-168,-9169,0,8,6,1020
20995,3,-168,-9169,0,7,6,1020
20996,4,-168,-9169,0,7,6,1020
20997,5,-168,-9169,0,7,6,1020
20998,6,-165,-8979,190,3,2,1020
20999,7,-165,-8979,0,3,0,1020
21000,8,-165,-9079,-100,3,0,1020
21001,9,-165,-9079,0,3,-3,1020
21002,10,-162,-9079,0,0,-6,1020
21003,11,-159,-8979,100,-3,-9,1020
21004,12,-173,-9079,-100,11,5,1020
21005,13,-173,-9079,0,10,5,1020
21006,14,-173,-9079,0,10,8,1020
21007,15,-175,-8179,900,11,10,1020
21008,16,-175,-8179,0,11,10,1020
21009,17,-175,-8179,0,10,10,1020
21010,18,-175,-8179,0,9,13,1020
21011,19,-175,-8179,0,9,16,1020
21012,20,-175,-8179,0,8,2,1020
21013,21,-175,-8179,0,8,2,1020
21014,22,-175,-8179,0,8,2,1020
21015,23,-175,-8179,0,7,0,1020
21016,24,-175,-8179,0,7,0,1020
21017,25,-175,-8179,0,6,0,1020
21018,26,-175,-8179,0,6,0,1020
21019,27,-175,-8179,0,6,0,1020
21020,28,-175,-8179,0,5,0,1020
21021,29,-175,-8179,0,5,0,1020
21022,30,-175,-8179,0,5,0,1020
21023,31,-176,-9010,-831,6,1,1020
21024,32,-176,-9010,0,5,1,1020
21025,33,-176,-9010,0,5,1,1020
21026,34,-176,-9010,0,5,1,1020
21027,35,-176,-9010,0,5,1,1020
21028,36,-176,-9010,0,4,1,1020
21029,37,-176,-9010,0,4,1,1020
21030,38,-176,-9010,0,4,1,1020
21031,39,-176,-9010,0,4,0,1020
21032,40,-177,-8979,31,5,1,1020
21033,41,-177,-8979,0,4,1,1020
21034,42,-177,-8979,0,4,1,1020
21035,43,-176,-9010,-31,3,0,1020
21036,44,-178,-8879,131,5,2,1020
21037,45,-178,-8879,0,5,2,1020
21038,46,-178,-8779,100,4,2,1020
21039,47,-178,-8779,0,4,2,1020
21040,48,-178,-8779,0,4,1,1020
21041,49,-178,-8779,0,4,1,1020
21042,50,-178,-8779,0,4,1,1020
21043,51,-178,-8779,0,3,2,1020
21044,52,-178,-8679,100,3,0,1020
21045,53,-178,-8679,0,3,0,1020
21046,54,-178,-8679,0,3,0,1020
21047,55,-178,-8679,0,3,0,1020
21048,56,-178,-8679,0,3,0,1020
21049,57,-178,-8679,0,3,0,1020
21050,58,-178,-8679,0,3,0,1020
21051,59,-178,-8679,0,2,0,1020
21052,60,-178,-8679,0,2,0,1020
21053,61,-178,-8679,0,2,0,1020
21054,62,-178,-8979,-300,2,0,1020
21055,63,-178,-8979,0,2,0,1020
21056,64,-178,-9079,-100,2,0,1020
21057,65,-178,-9079,0,2,0,1020
21058,66,-178,-9079,0,2,0,1020
21059,67,-178,-9079,0,2,0,1020
21060,68,-178,-9079,0,2,0,1020
21061,69,-178,-9079,0,2,0,1020
21062,70,-178,-9079,0,2,0,1020
21063,71,-178,-9079,0,2,0,1020
21064,72,-178,-9079,0,2,0,1020
21065,73,-178,-9079,0,2,0,1020
21066,74,-176,-8990,89,-1,-2,1020
21067,75,-176,-8990,0,0,-2,1020
21068,76,-176,-8990,0,0,-2,1020
21069,77,-176,-8990,0,0,-2,1000
21070,78,-176,-8990,0,0,-2,1000
21071,79,-176,-8990,0,0,-2,935
21072,80,-176,-8990,0,0,-2,935
21073,81,-176,-8990,0,0,-2,935
21074,82,-176,-8990,0,0,0,935
21075,83,-176,-9090,-100,0,0,810
21076,84,-176,-9090,0,0,0,810
21077,85,-176,-9090,0,0,0,810
21078,86,-176,-9159,-69,0,0,-1624
21079,87,-170,-9079,80,-6,-6,-2304
21080,88,-170,-9079,0,-5,-6,-2304
21081,89,-170,-9079,0,-5,-6,-2304
21082,90,-160,-9172,-93,-15,-16,-2304
21083,91,-160,-9172,0,-14,-16,-2304
21084,92,-160,-9172,0,-13,-16,-2304
21085,93,-160,-9172,0,-12,-16,-2304
21086,94,-160,-9172,0,-11,-16,-2304
21087,95,-160,-9172,0,-10,-10,-2304
21088,96,-160,-9172,0,-10,-10,-2304
21089,97,-160,-9172,0,-9,-10,-2304
21090,98,-160,-9172,0,-8,0,-2304
21091,99,-160,-9172,0,-8,0,-2304
21092,100,-160,-9172,0,-7,0,-2304
21093,101,-160,-9172,0,-7,0,-2304
21094,102,-160,-9172,0,-6,0,-2304
21095,103,-160,-9172,0,-6,0,-2304
21096,104,-160,-9172,0,-5,0,-2304
21097,105,-160,-9172,0,-5,0,-2304
21098,106,-160,-9172,0,-5,0,-2304
21099,107,-160,-9172,0,-4,0,-2304
21100,108,-160,-9172,0,-4,0,-2304
21101,109,-160,-9172,0,-4,0,-2304
21102,110,-160,-9172,0,-3,0,-2304
21103,111,-160,-9172,0,-3,0,-2304
21104,112,-160,-9172,0,-3,0,-2304
21105,113,-160,-9172,0,-3,0,-2304
21106,114,-160,-9172,0,-2,0,-2304
21107,115,-160,-9172,0,-2,0,-2304
21108,116,-160,-9172,0,-2,0,-2304
21109,117,-160,-9172,0,-2,0,-2304
21110,118,-160,-9172,0,-2,0,-2304
21111,119,-160,-9172,0,-1,0,-2304
21112,120,-160,-9172,0,-1,0,-2304
21113,121,-160,-9172,0,-1,0,-2304
21114,122,-160,-9172,0,-1,0,-2304
21115,123,-160,-9172,0,-1,0,-2304
21116,124,-160,-9172,0,-1,0,-2304
21117,125,-160,-9172,0,-1,0,-2304
21118,126,-160,-9172,0,-1,0,-2304
21119,127,-160,-9172,0,0,0,-2304
21120,128,-160,-9172,0,0,0,-2304
21121,129,-160,-9172,0,0,0,-2304
21122,130,-160,-9172,0,0,0,-2304
21123,131,-160,-9172,0,0,0,-2304
21124,132,-160,-9172,0,0,0,-2304
21125,133,-160,-9172,0,0,0,-2304
21126,134,-160,-9172,0,0,0,-2304
21127,135,-160,-9172,0,0,0,-2304
21128,136,-160,-9172,0,0,0,-2304
21129,137,-167,-9159,13,7,7,-2304
21130,138,-167,-9059,100,7,7,-2304
21131,139,-167,-9059,0,6,7,-2304
21132,140,-167,-9059,0,6,7,-2304
21133,141,-167,-9059,0,6,7,-2304
21134,142,-167,-9059,0,5,7,-2304
21135,143,-167,-9059,0,5,7,-2304
21136,144,-167,-9059,0,5,7,-2304
21137,145,-167,-9159,-100,5,0,-2304
21138,146,-167,-9159,0,4,0,-2304
21139,147,-167,-9159,0,4,0,-2304
21140,148,-167,-9159,0,4,0,-2304
21141,149,-167,-9159,0,4,0,-2304
21142,150,-167,-9159,0,4,0,-2304
21143,151,-167,-9159,0,3,0,-2304
21144,152,-167,-9159,0,3,0,-2304
21145,153,-167,-9159,0,3,0,-2304
21146,154,-167,-9159,0,3,0,-2304
21147,155,-167,-9159,0,3,0,-2304
21148,156,-167,-9159,0,3,0,-2304
21149,157,-167,-9159,0,3,0,-2304
21150,158,-167,-9159,0,3,0,-2304
21151,159,-167,-9159,0,2,0,-2304
21152,160,-167,-9159,0,2,0,-2304
21153,161,-167,-9159,0,2,0,-2304
21154,162,-167,-9159,0,2,0,-2304
21155,163,-167,-9159,0,2,0,-2304
21156,164,-167,-9159,0,2,0,-2304
21157,165,-167,-9159,0,2,0,-2304
21158,166,-167,-9159,0,2,0,-2304
21159,167,-167,-9159,0,2,0,-2304
21160,168,-167,-9159,0,2,0,-2304
21161,169,-167,-9159,0,2,0,-2304
21162,170,-167,-9159,0,2,0,-2304
21163,171,-167,-9159,0,2,0,-2304
21164,172,-167,-9159,0,2,0,-2304
21165,173,-167,-9159,0,2,0,-2304
21166,174,-167,-9159,0,1,0,-2304
21167,175,-168,-9079,80,2,1,-2304
21168,176,-168,-9079,0,2,1,-2304
21169,177,-168,-9079,0,2,1,-2304
21170,178,-168,-8779,300,2,1,-2304
21171,179,-168,-8779,0,2,1,-2304
21172,180,-168,-8779,0,2,1,-2304
21173,181,-168,-9079,-300,2,1,-2304
21174,182,-168,-9079,0,2,1,-2304
21175,183,-168,-9079,0,2,0,-2304
21176,184,-168,-9079,0,2,0,-2304
21177,185,-168,-9079,0,2,0,-2304
21178,186,-168,-9079,0,2,0,-2304
21179,187,-168,-9079,0,2,0,-2304
21180,188,-167,-9159,-80,1,-1,-1404
21181,189,-161,-9079,80,-5,-7,-1324
21182,190,-161,-9079,0,-5,-7,-1324
21183,191,-161,-9079,0,-5,-7,-1324
21184,192,-161,-9079,0,-4,-7,-1324
21185,193,-161,-9079,0,-4,-7,-1324
21186,194,-161,-9079,0,-4,-7,-1324
21187,195,-160,-9172,-93,-4,-8,-1324
21188,196,-160,-9172,0,-4,-7,-1324
21189,197,-160,-9172,0,-4,-1,-1324
21190,198,-160,-9172,0,-3,-1,-1324
21191,199,-160,-9172,0,-3,-1,-1324
21192,200,-160,-9172,0,-3,-1,-1324
21193,201,-160,-9172,0,-3,-1,-1324
21194,202,-160,-9172,0,-2,-1,-1324
21195,203,-160,-9172,0,-2,0,-1324
21196,204,-160,-9172,0,-2,0,-1324
21197,205,-160,-9172,0,-2,0,-1324
21198,206,-160,-9172,0,-2,0,-1324
21199,207,-160,-9172,0,-1,0,-1324
21200,208,-160,-9172,0,-1,0,-1324
21201,209,-160,-9172,0,-1,0,-1324
21202,210,-160,-9172,0,-1,0,-1324
21203,211,-160,-9172,0,-1,0,-1324
21204,212,-160,-9172,0,-1,0,-1324
21205,213,-160,-9172,0,-1,0,-1324
21206,214,-160,-9172,0,-1,0,-1324
21207,215,-160,-9172,0,0,0,-1324
21208,216,-160,-9172,0,0,0,-1324
21209,217,-160,-9172,0,0,0,-1324
21210,218,-160,-9172,0,0,0,-1324
21211,219,-160,-9172,0,0,0,-1324
21212,220,-160,-9172,0,0,0,-1324
21213,221,-160,-9172,0,0,0,-1324
21214,222,-160,-9172,0,0,0,-1324
21215,223,-160,-9172,0,0,0,-1324
21216,224,-160,-9172,0,0,0,-1324
21217,225,-160,-9172,0,0,0,-1324
21218,226,-160,-9172,0,0,0,-1324
21219,227,-160,-9172,0,0,0,-1324
21220,228,-160,-9172,0,0,0,-1324
21221,229,-160,-9172,0,0,0,-1324
21222,230,-160,-9172,0,0,0,-1324
21223,231,-160,-9172,0,0,0,-1324
21224,232,-160,-9172,0,0,0,-1324
21225,233,-160,-9172,0,0,0,-1324
21226,234,-160,-9172,0,0,0,-1324
21227,235,-160,-9172,0,0,0,-1324
21228,236,-160,-9172,0,0,0,-1324
21229,237,-157,-9159,13,-3,-3,-431
21230,238,-157,-9159,0,-2,-3,-431
21231,239,-157,-9159,0,-2,-3,-431
21232,240,-157,-9159,0,-2,-3,-431
21233,241,-157,-9159,0,-2,-3,-431
21234,242,-157,-9159,0,-2,-3,-431
21235,243,-157,-9159,0,-1,-3,-431
21236,244,-157,-9159,0,-1,-3,-431
21237,245,-157,-9159,0,-1,0,-431
21238,246,-157,-9159,0,-1,0,-431
21239,247,-157,-9159,0,-1,0,-431
21240,248,-157,-9159,0,-1,0,-431
21241,249,-157,-9159,0,-1,0,-431
21242,250,-157,-9159,0,-1,0,-431
21243,251,-157,-9159,0,0,0,-431
21244,252,-165,-8179,980,8,8,-431
21245,253,-165,-8182,-3,7,8,-334
21246,254,-165,-8182,0,7,8,-334
21247,255,-165,-8182,0,6,8,-334
21248,0,-165,-8182,0,6,8,-334
21249,1,-165,-8182,0,6,8,-334
21250,2,-165,-8306,-124,5,8,-58
21251,3,-165,-8316,-10,5,8,-168
21252,4,-165,-8316,0,5,0,-168
21253,5,-165,-8316,0,5,0,-168
21254,6,-165,-8316,0,4,0,-168
21255,7,-165,-8316,0,4,0,-168
21256,8,-165,-8316,0,4,0,-168
21257,9,-165,-8316,0,4,0,-168
21258,10,-165,-8316,0,4,0,-168
21259,11,-165,-8316,0,3,0,-168
21260,12,-165,-8316,0,3,0,-168
21261,13,-165,-8316,0,3,0,-168
21262,14,-165,-8316,0,3,0,-168
21263,15,-165,-8316,0,3,0,-168
21264,16,-165,-8516,-200,3,0,-785
21265,17,-165,-8516,0,3,0,-785
21266,18,-165,-8516,0,3,0,-785
21267,19,-165,-8716,-200,2,0,-982
21268,20,-165,-8916,-200,2,0,-1082
21269,21,-165,-8916,0,2,0,-1082
21270,22,-165,-8916,0,2,0,-1082
21271,23,-165,-8916,0,2,0,-1082
21272,24,-165,-9116,-200,2,0,-1213
21273,25,-165,-9116,0,2,0,-1213
21274,26,-165,-8116,1000,2,0,-1213
21275,27,-165,-8116,0,2,0,-1213
21276,28,-165,-8179,-63,2,0,-1301
21277,29,-165,-9116,-937,2,0,-2243
21278,30,-165,-8116,1000,2,0,-2243
21279,31,-165,-8116,0,2,0,-2243
21280,32,-165,-8116,0,2,0,-2203
21281,33,-166,-9169,-1053,3,1,-2203
21282,34,-166,-9169,0,2,1,-2203
21283,35,-166,-9169,0,2,1,-2203
21284,36,-166,-9169,0,2,1,-2203
21285,37,-166,-9169,0,2,1,-2203
21286,38,-166,-9169,0,2,1,-2203
21287,39,-166,-9169,0,2,1,-2203
21288,40,-167,-9079,90,3,2,-2203
21289,41,-167,-9079,0,3,1,-2203
21290,42,-167,-9079,0,3,1,-2203
21291,43,-167,-8979,100,3,1,-2203
21292,44,-167,-9079,-100,3,1,-2203
21293,45,-166,-9169,-90,1,0,-2203
21294,46,-165,-8116,1053,0,-1,-2203
21295,47,-165,-8116,0,0,-1,-2203
21296,48,-165,-8116,0,0,-2,-2203
21297,49,-165,-8116,0,0,-2,-2203
21298,50,-165,-9116,-1000,0,-2,-2203
21299,51,-157,-9159,-43,-8,-10,-2203
21300,52,-157,-9159,0,-7,-10,-1853
21301,53,-161,-9079,80,-3,-5,-1853
21302,54,-166,-9169,-90,3,1,-1853
21303,55,-166,-9169,0,3,1,-1853
21304,56,-166,-9169,0,2,1,-1853
21305,57,-166,-9169,0,2,1,-1853
21306,58,-166,-9169,0,2,1,-1853
21307,59,-166,-9169,0,2,9,-1853
21308,60,-166,-9169,0,2,9,-1853
21309,61,-166,-9169,0,2,5,-1853
21310,62,-175,-8179,990,11,9,-1853
21311,63,-175,-8879,-700,10,9,-2484
21312,64,-166,-9169,-290,1,0,-2764
21313,65,-166,-9169,0,1,0,-2764
21314,66,-161,-8879,290,-4,-5,-2764
21315,67,-161,-8879,0,-4,-5,-2764
21316,68,-175,-8179,700,10,9,-2764
21317,69,-175,-8179,0,10,9,-2764
21318,70,-175,-8179,0,9,0,-2764
21319,71,-175,-8179,0,9,0,-2764
21320,72,-175,-8179,0,8,9,-2764
21321,73,-175,-8179,0,8,9,-2764
21322,74,-175,-8179,0,7,14,-2764
21323,75,-175,-8679,-500,7,14,-3164
21324,76,-175,-8679,0,7,0,-3164
21325,77,-175,-8679,0,6,0,-3164
21326,78,-175,-8684,-5,6,0,-3149
21327,79,-175,-8694,-10,6,0,-3152
21328,80,-175,-8704,-10,5,0,-3159
21329,81,-175,-8704,0,5,0,-3159
21330,82,-175,-8714,-10,5,0,-3045
21331,83,-175,-8714,0,5,0,-3045
21332,84,-175,-8714,0,4,0,-3045
21333,85,-175,-8714,0,4,0,-3045
21334,86,-161,-9079,-365,-10,-14,-3500
21335,87,-161,-9079,0,-9,-14,-3500
21336,88,-161,-9079,0,-9,-14,-3500
21337,89,-161,-9079,0,-8,-14,-3500
21338,90,-175,-8179,900,6,0,-3500
21339,91,-175,-8179,0,6,0,-3500
21340,92,-175,-8279,-100,6,0,-3400
21341,93,-175,-8279,0,5,0,-3400
21342,94,-175,-8279,0,5,14,-3400
21343,95,-175,-8279,0,5,14,-3400
21344,96,-175,-8279,0,5,14,-3400
21345,97,-175,-8279,0,4,14,-3400
21346,98,-175,-8279,0,4,0,-3400
21347,99,-175,-8279,0,4,0,-3400
21348,100,-175,-8279,0,4,0,-3400
21349,101,-175,-8279,0,4,0,-3400
21350,102,-175,-8279,0,3,0,-3400
21351,103,-175,-8279,0,3,0,-3400
21352,104,-175,-8279,0,3,0,-3400
21353,105,-161,-9079,-800,-11,-14,-4100
21354,106,-161,-9079,0,-10,-14,-4100
21355,107,-161,-9079,0,-10,-14,-4100
21356,108,-161,-9079,0,-9,-14,-4100
21357,109,-175,-8787,292,6,0,-4100
21358,110,-175,-8787,0,5,0,-4100
21359,111,-175,-8787,0,5,0,-4100
21360,112,-175,-9087,-300,5,0,-4200
21361,113,-175,-9087,0,5,14,-4200
21362,114,-175,-9087,0,4,14,-4200
21363,115,-175,-9087,0,4,14,-4200
21364,116,-175,-9087,0,4,14,-4200
21365,117,-175,-9087,0,4,0,-4200
21366,118,-161,-9079,8,-10,-14,-4092
21367,119,-161,-9079,0,-10,-14,-4092
21368,120,-161,-9079,0,-9,-14,-4092
21369,121,-161,-9079,0,-8,-14,-4092
21370,122,-157,-9159,-80,-12,-18,-4092
21371,123,-157,-9159,0,-11,-18,-4092
21372,124,-157,-9059,100,-10,-18,-4092
21373,125,-157,-9059,0,-10,-18,-4092
21374,126,-157,-9059,0,-9,-4,-4092
21375,127,-157,-9059,0,-8,-4,-4092
21376,128,-157,-9059,0,-8,-4,-4092
21377,129,-157,-9059,0,-7,-4,-4092
21378,130,-157,-9059,0,-7,0,-4092
21379,131,-157,-9059,0,-6,0,-4092
21380,132,-157,-9059,0,-6,0,-4092
21381,133,-157,-9059,0,-5,0,-4092
21382,134,-157,-9059,0,-5,0,-4092
21383,135,-157,-9059,0,-5,0,-4092
21384,136,-157,-9059,0,-4,0,-4092
21385,137,-157,-9059,0,-4,0,-4092
21386,138,-157,-9059,0,-4,0,-4092
21387,139,-157,-9059,0,-3,0,-4092
21388,140,-157,-9059,0,-3,0,-4092
21389,141,-157,-9059,0,-3,0,-4092
21390,142,-157,-9159,-100,-3,0,-4092
21391,143,-157,-9159,0,-2,0,-4092
21392,144,-157,-9159,0,-2,0,-4092
21393,145,-157,-9159,0,-2,0,-4092
21394,146,-157,-9159,0,-2,0,-4092
21395,147,-157,-9159,0,-2,0,-4092
21396,148,-157,-9159,0,-1,0,-4092
21397,149,-157,-9159,0,-1,0,-4092
21398,150,-157,-9159,0,-1,0,-4092
21399,151,-157,-9059,100,-1,0,-4092
21400,152,-157,-9059,0,-1,0,-4092
21401,153,-157,-9159,-100,-1,0,-4092
21402,154,-157,-9159,0,-1,0,-4092
21403,155,-157,-9159,0,-1,0,-4092
21404,156,-157,-9159,0,0,0,-4092
21405,157,-157,-9159,0,0,0,-4092
21406,158,-157,-9159,0,0,0,-4092
21407,159,-157,-9159,0,0,0,-4092
21408,160,-157,-9159,0,0,0,-4092
21409,161,-157,-9159,0,0,0,-4092
21410,162,-157,-9159,0,0,0,-4092
21411,163,-157,-9159,0,0,0,-4092
21412,164,-157,-9159,0,0,0,-4092
21413,165,-157,-9159,0,0,0,-4092
21414,166,-157,-9159,0,0,0,-4092
21415,167,-157,-9159,0,0,0,-4092
21416,168,-157,-9159,0,0,0,-4092
21417,169,-157,-9159,0,0,0,-4092
21418,170,-157,-9159,0,0,0,-4092
21419,171,-157,-9159,0,0,0,-4092
21420,172,-157,-9159,0,0,0,-4092
21421,173,-160,-9079,80,3,3,-4092
21422,174,-160,-9079,0,3,3,-4092
21423,175,-160,-9079,0,3,3,-4092
21424,176,-160,-9079,0,3,3,-4092
21425,177,-160,-9079,0,3,3,-4092
21426,178,-160,-9079,0,3,3,-4092
21427,179,-160,-9079,0,3,3,-4092
21428,180,-157,-9159,-80,0,0,-4129
21429,181,-157,-9159,0,0,-3,-4129
21430,182,-157,-9159,0,0,-3,-4129
21431,183,-157,-9159,0,0,-3,-4129
21432,184,-157,-9159,0,0,-3,-4129
21433,185,-157,-9159,0,0,-3,-4129
21434,186,-157,-9159,0,0,-3,-4129
21435,187,-157,-9159,0,0,-3,-4129
21436,188,-157,-9159,0,0,0,-4129
21437,189,-157,-9159,0,0,0,-4129
21438,190,-157,-9159,0,0,0,-4129
21439,191,-157,-9159,0,0,0,-4129
21440,192,-157,-9159,0,0,0,-4129
21441,193,-157,-9159,0,0,0,-4129
21442,194,-157,-9159,0,0,0,-4129
21443,195,-161,-9079,80,4,4,-4129
21444,196,-161,-9079,0,4,4,-4129
21445,197,-161,-9079,0,4,4,-4129
21446,198,-161,-9079,0,4,4,-4129
21447,199,-157,-9159,-80,0,0,-4129
21448,200,-165,-8899,260,8,8,-4129
21449,201,-165,-8911,-12,7,8,-3204
21450,202,-165,-8911,0,7,8,-3204
21451,203,-165,-8911,0,7,4,-3204
21452,204,-165,-8911,0,6,4,-3204
21453,205,-165,-8911,0,6,4,-3204
21454,206,-165,-8911,0,6,4,-3204
21455,207,-165,-8911,0,5,8,-3204
21456,208,-165,-8911,0,5,0,-3204
21457,209,-165,-8911,0,5,0,-3204
21458,210,-165,-8911,0,4,0,-3204
21459,211,-165,-9111,-200,4,0,-3454
21460,212,-165,-9111,0,4,0,-3454
21461,213,-157,-9059,52,-4,-8,-3772
21462,214,-157,-9059,0,-4,-8,-3772
21463,215,-157,-9059,0,-4,-8,-3772
21464,216,-157,-9059,0,-3,-8,-3772
21465,217,-157,-9059,0,-3,-8,-3772
21466,218,-157,-9059,0,-3,-8,-3772
21467,219,-157,-9059,0,-3,-8,-3772
21468,220,-157,-9059,0,-2,-8,-3772
21469,221,-157,-9159,-100,-2,0,-3772
21470,222,-157,-9159,0,-2,0,-3772
21471,223,-157,-9159,0,-2,0,-3772
21472,224,-157,-9159,0,-2,0,-3772
21473,225,-157,-9159,0,-1,0,-3772
21474,226,-157,-9159,0,-1,0,-3772
21475,227,-157,-9159,0,-1,0,-3772
21476,228,-157,-9159,0,-1,0,-3772
21477,229,-157,-9159,0,-1,0,-3772
21478,230,-157,-9159,0,-1,0,-3772
21479,231,-157,-9159,0,-1,0,-3772
21480,232,-157,-9159,0,-1,0,-3772
21481,233,-157,-9159,0,0,0,-3772
21482,234,-157,-9159,0,0,0,-3772
21483,235,-157,-9159,0,0,0,-3772
21484,236,-157,-9159,0,0,0,-3772
21485,237,-157,-9159,0,0,0,-3772
21486,238,-157,-9159,0,0,0,-3772
21487,239,-157,-9159,0,0,0,-3772
21488,240,-157,-9159,0,0,0,-3772
21489,241,-157,-9159,0,0,0,-3772
21490,242,-157,-9159,0,0,0,-3772
21491,243,-157,-9159,0,0,0,-3772
21492,244,-157,-9159,0,0,0,-3772
21493,245,-157,-9159,0,0,0,-3772
21494,246,-160,-9079,80,3,3,-3772
21495,247,-160,-9079,0,3,3,-3772
21496,248,-160,-9079,0,3,3,-3772
21497,249,-160,-9079,0,3,3,-3772
21498,250,-160,-9079,0,3,3,-3772
21499,251,-160,-9079,0,3,3,-3772
21500,252,-157,-9159,-80,0,0,-3172
21501,253,-157,-9159,0,0,0,-3172
21502,254,-157,-9159,0,0,-3,-3172
21503,255,-157,-9159,0,0,-3,-3172
21504,0,-157,-9159,0,0,-3,-3172
21505,1,-157,-9159,0,0,-3,-3172
21506,2,-157,-9159,0,0,-3,-3172
21507,3,-157,-9159,0,0,-3,-3172
21508,4,-157,-9159,0,0,0,-3172
21509,5,-157,-9159,0,0,0,-3172
21510,6,-157,-9159,0,0,0,-3172
21511,7,-157,-9159,0,0,0,-3172
21512,8,-157,-9159,0,0,0,-2772
21513,9,-159,-9079,80,2,2,-2772
21514,10,-159,-8979,100,2,2,-2772
21515,11,-161,-9169,-190,4,4,-2772
21516,12,-161,-9169,0,4,4,-2772
21517,13,-161,-9169,0,4,4,-2772
21518,14,-159,-8979,190,2,2,-2772
21519,15,-159,-8979,0,2,2,-2772
21520,16,-159,-9079,-100,2,2,-2772
21521,17,-159,-9079,0,2,0,-2772
21522,18,-159,-9079,0,1,0,-2772
21523,19,-157,-9159,-80,-1,-4,-2772
21524,20,-157,-9159,0,0,-4,-2772
21525,21,-157,-9159,0,0,-4,-2772
21526,22,-157,-9159,0,0,-2,-2772
21527,23,-157,-9159,0,0,-2,-2772
21528,24,-157,-9159,0,0,-2,-2772
21529,25,-157,-9159,0,0,-2,-2772
21530,26,-157,-9159,0,0,-2,-2772
21531,27,-157,-9159,0,0,0,-2772
21532,28,-157,-9159,0,0,0,-2772
21533,29,-155,-8980,179,-2,-2,-2292
21534,30,-155,-8980,0,-2,-2,-2292
21535,31,-155,-8980,0,-2,-2,-2292
21536,32,-155,-8980,0,-1,-2,-2292
21537,33,-155,-8980,0,-1,-2,-2292
21538,34,-155,-8980,0,-1,-2,-2292
21539,35,-155,-8980,0,-1,-2,-2292
21540,36,-155,-8980,0,-1,-2,-2292
21541,37,-155,-8980,0,-1,0,-2292
21542,38,-155,-8980,0,-1,0,-2292
21543,39,-155,-8980,0,-1,0,-2292
21544,40,-155,-8980,0,0,0,-2292
21545,41,-155,-8980,0,0,0,-2292
21546,42,-155,-8980,0,0,0,-2292
21547,43,-155,-8980,0,0,0,-2292
21548,44,-155,-8980,0,0,0,-2292
21549,45,-155,-8980,0,0,0,-2292
21550,46,-155,-8980,0,0,0,-2292
21551,47,-155,-8980,0,0,0,-2292
21552,48,-155,-9060,-80,0,0,-2367
21553,49,-155,-9060,0,0,0,-2367
21554,50,-155,-9060,0,0,0,-2367
21555,51,-155,-9149,-89,0,0,-2446
21556,52,-155,-9160,-11,0,0,-2447
21557,53,-155,-9160,0,0,0,-2447
21558,54,-155,-9160,0,0,0,-2447
21559,55,-155,-9160,0,0,0,-2447
21560,56,-155,-9160,0,0,0,-2447
21561,57,-155,-9160,0,0,0,-2447
21562,58,-155,-9160,0,0,0,-2447
21563,59,-155,-9160,0,0,0,-2447
21564,60,-155,-9160,0,0,0,-2447
21565,61,-155,-9160,0,0,0,-2447
21566,62,-155,-9160,0,0,0,-2447
21567,63,-148,-8979,181,-7,-7,-2456
21568,64,-148,-8979,0,-6,-7,-2456
21569,65,-148,-8979,0,-6,-7,-2456
21570,66,-148,-8979,0,-5,-7,-2456
21571,67,-148,-9079,-100,-5,-7,-2456
21572,68,-148,-9079,0,-4,-7,-2456
21573,69,-148,-9079,0,-4,-7,-2456
21574,70,-148,-9079,0,-4,-7,-2456
21575,71,-148,-9079,0,-4,0,-2456
21576,72,-148,-9079,0,-3,0,-2456
21577,73,-148,-9079,0,-3,0,-2456
21578,74,-148,-9079,0,-3,0,-2456
21579,75,-148,-9079,0,-3,0,-2456
21580,76,-148,-9079,0,-2,0,-2456
21581,77,-148,-9079,0,-2,0,-2456
21582,78,-148,-9079,0,-2,0,-2456
21583,79,-148,-9079,0,-2,0,-2456
21584,80,-148,-9079,0,-2,0,-2456
21585,81,-148,-9079,0,-1,0,-2456
21586,82,-148,-9079,0,-1,0,-2456
21587,83,-148,-9079,0,-1,0,-2456
21588,84,-148,-9079,0,-1,0,-2456
21589,85,-148,-9079,0,-1,0,-2456
21590,86,-148,-9079,0,-1,0,-2456
21591,87,-148,-9079,0,-1,0,-2456
21592,88,-148,-9079,0,-1,0,-2456
21593,89,-148,-9079,0,0,0,-2456
21594,90,-148,-9079,0,0,0,-2456
21595,91,-151,-9079,0,3,3,-2456
21596,92,-151,-9079,0,3,3,-1981
21597,93,-152,-9079,0,3,4,-1981
21598,94,-153,-9169,-90,4,5,-1981
21599,95,-153,-9169,0,4,5,-1981
21600,96,-153,-9169,0,4,5,-1981
21601,97,-153,-9169,0,4,5,-1981
21602,98,-153,-9169,0,4,5,-1981
21603,99,-155,-9079,90,5,4,-1981
21604,100,-155,-9079,0,5,4,-1981
21605,101,-155,-9079,0,5,3,-1981
21606,102,-156,-9169,-90,6,3,-1981
21607,103,-155,-9079,90,4,2,-1891
21608,104,-155,-9169,-90,4,2,-1081
21609,105,-155,-9169,0,4,2,-1081
21610,106,-155,-9169,0,4,2,-1081
21611,107,-155,-9169,0,4,0,-1081
21612,108,-155,-9069,100,3,0,-1081
21613,109,-155,-9069,0,3,0,-1081
21614,110,-155,-9069,0,3,-1,-1081
21615,111,-155,-9079,-10,3,0,-791
21616,112,-155,-9169,-90,3,0,-789
21617,113,-155,-9109,60,3,0,-789
21618,114,-155,-9109,0,3,0,-789
21619,115,-155,-9109,0,2,0,-789
21620,116,-155,-9109,0,2,0,-789
21621,117,-155,-9119,-10,2,0,-699
21622,118,-150,-9079,40,-3,-5,-747
21623,119,-150,-9079,0,-3,-5,-747
21624,120,-150,-9079,0,-2,-5,-747
21625,121,-150,-9079,0,-2,-5,-747
21626,122,-150,-9079,0,-2,-5,-747
21627,123,-150,-9079,0,-2,-5,-747
21628,124,-150,-9079,0,-2,-5,-747
21629,125,-150,-9079,0,-1,-5,-747
21630,126,-150,-9079,0,-1,0,-747
21631,127,-150,-9079,0,-1,0,-747
21632,128,-150,-9079,0,-1,0,-546
21633,129,-150,-9079,0,-1,0,-546
21634,130,-150,-9079,0,-1,0,-546
21635,131,-150,-9079,0,-1,0,-473
21636,132,-150,-9079,0,-1,0,-473
21637,133,-150,-9079,0,0,0,-473
21638,134,-150,-9079,0,0,0,-473
21639,135,-150,-9079,0,0,0,-473
21640,136,-150,-9079,0,0,0,-473
21641,137,-150,-9079,0,0,0,-473
21642,138,-150,-9079,0,0,0,-473
21643,139,-150,-9079,0,0,0,-473
21644,140,-150,-9098,-19,0,0,-392
21645,141,-150,-9098,0,0,0,-392
21646,142,-150,-9098,0,0,0,-392
21647,143,-150,-9098,0,0,0,-392
21648,144,-150,-9098,0,0,0,-392
21649,145,-148,-9079,19,-2,-2,-392
21650,146,-148,-9079,0,-2,-2,-392
21651,147,-148,-9079,0,-1,-2,-392
21652,148,-148,-9079,0,-1,-2,-392
21653,149,-148,-9079,0,-1,-2,-392
21654,150,-148,-9079,0,-1,-2,-392
21655,151,-148,-9079,0,-1,-2,-392
21656,152,-148,-9079,0,-1,-2,-392
21657,153,-148,-9079,0,-1,0,-392
21658,154,-148,-9079,0,-1,0,-392
21659,155,-148,-9079,0,0,0,-392
21660,156,-148,-9079,0,0,0,-392
21661,157,-148,-9079,0,0,0,-392
21662,158,-148,-9079,0,0,0,-392
21663,159,-148,-9079,0,0,0,-392
21664,160,-148,-9079,0,0,0,-392
21665,161,-148,-9079,0,0,0,-392
21666,162,-148,-9079,0,0,0,-392
21667,163,-148,-9079,0,0,0,-392
21668,164,-148,-9079,0,0,0,-392
21669,165,-148,-9079,0,0,0,-392
21670,166,-148,-9079,0,0,0,-392
21671,167,-148,-9079,0,0,0,-392
21672,168,-148,-9079,0,0,0,-392
21673,169,-148,-9079,0,0,0,-392
21674,170,-148,-9079,0,0,0,-392
21675,171,-148,-9079,0,0,0,-392
21676,172,-148,-9079,0,0,0,-392
21677,173,-148,-9079,0,0,0,-392
21678,174,-148,-9079,0,0,0,-392
21679,175,-148,-9079,0,0,0,-392
21680,176,-148,-9079,0,0,0,-392
21681,177,-148,-9079,0,0,0,-392
21682,178,-148,-9079,0,0,0,-392
21683,179,-148,-9079,0,0,0,-392
21684,180,-148,-9079,0,0,0,-392
21685,181,-148,-9079,0,0,0,-392
21686,182,-148,-9079,0,0,0,-392
21687,183,-148,-9079,0,0,0,-392
21688,184,-148,-9079,0,0,0,-392
21689,185,-148,-9079,0,0,0,-392
21690,186,-148,-9079,0,0,0,-512
21691,187,-148,-9079,0,0,0,-502
21692,188,-148,-9079,0,0,0,-432
21693,189,-148,-9079,0,0,0,-432
21694,190,-148,-9079,0,0,0,-432
21695,191,-148,-9079,0,0,0,-432
21696,192,-148,-9079,0,0,0,-432
21697,193,-148,-9079,0,0,0,-432
21698,194,-148,-9079,0,0,0,-432
21699,195,-148,-9079,0,0,0,-432
21700,196,-148,-9079,0,0,0,-432
21701,197,-148,-9079,0,0,0,-432
21702,198,-148,-9079,0,0,0,-432
21703,199,-148,-9079,0,0,0,-432
21704,200,-148,-9079,0,0,0,-432
21705,201,-148,-9079,0,0,0,-432
21706,202,-148,-9079,0,0,0,-432
21707,203,-148,-9079,0,0,0,-432
21708,204,-148,-9079,0,0,0,-432
21709,205,-148,-9079,0,0,0,-443
21710,206,-148,-9079,0,0,0,-443
21711,207,-148,-9079,0,0,0,-443
21712,208,-148,-9079,0,0,0,-443
21713,209,-148,-9079,0,0,0,-532
21714,210,-148,-9079,0,0,0,-532
21715,211,-148,-9079,0,0,0,-532
21716,212,-148,-9079,0,0,0,-532
21717,213,-148,-9079,0,0,0,-532
21718,214,-148,-9079,0,0,0,-532
21719,215,-148,-9079,0,0,0,-532
21720,216,-148,-9079,0,0,0,-532
21721,217,-148,-9079,0,0,0,-532
21722,218,-148,-9079,0,0,0,-532
21723,219,-148,-9079,0,0,0,-532
21724,220,-148,-9079,0,0,0,-532
21725,221,-148,-9079,0,0,0,-532
21726,222,-148,-9079,0,0,0,-413
21727,223,-148,-9079,0,0,0,-413
21728,224,-148,-9079,0,0,0,-413
21729,225,-148,-9079,0,0,0,-413
21730,226,-148,-9079,0,0,0,-413
21731,227,-148,-9079,0,0,0,-413
21732,228,-148,-9079,0,0,0,-413
21733,229,-148,-9079,0,0,0,-413
21734,230,-148,-9079,0,0,0,-413
21735,231,-148,-9079,0,0,0,-413
21736,232,-148,-9079,0,0,0,-413
21737,233,-148,-9079,0,0,0,-413
21738,234,-148,-9079,0,0,0,-413
21739,235,-148,-9079,0,0,0,-413
21740,236,-148,-9079,0,0,0,-413
21741,237,-148,-9079,0,0,0,-413
21742,238,-148,-9079,0,0,0,-523
21743,239,-148,-9079,0,0,0,-523
21744,240,-148,-9079,0,0,0,-523
21745,241,-148,-9079,0,0,0,-523
21746,242,-148,-9079,0,0,0,-523
21747,243,-148,-9079,0,0,0,-523
21748,244,-148,-9079,0,0,0,-523
21749,245,-148,-9079,0,0,0,-523
21750,246,-148,-9079,0,0,0,-523
21751,247,-148,-9079,0,0,0,-413
21752,248,-148,-9079,0,0,0,-413
21753,249,-148,-9079,0,0,0,-413
21754,250,-148,-9079,0,0,0,-413
21755,251,-148,-9079,0,0,0,-413
21756,252,-148,-9079,0,0,0,-413
21757,253,-148,-9079,0,0,0,-413
21758,254,-148,-9079,0,0,0,-413
21759,255,-148,-9079,0,0,0,-413
21760,0,-148,-9079,0,0,0,-413
21761,1,-148,-9079,0,0,0,-413
21762,2,-148,-9079,0,0,0,-413
21763,3,-148,-9079,0,0,0,-413
21764,4,-148,-9079,0,0,0,-223
21765,5,-148,-9079,0,0,0,-223
21766,6,-148,-9079,0,0,0,-223
21767,7,-148,-9079,0,0,0,-223
21768,8,-148,-9079,0,0,0,-223
21769,9,-148,-9079,0,0,0,-223
21770,10,-148,-9079,0,0,0,-223
21771,11,-148,-9079,0,0,0,-223
21772,12,-148,-9079,0,0,0,-223
21773,13,-148,-9079,0,0,0,-223
21774,14,-148,-9079,0,0,0,-223
21775,15,-148,-9079,0,0,0,-223
21776,16,-148,-9079,0,0,0,-223
21777,17,-148,-9079,0,0,0,-223
21778,18,-148,-9079,0,0,0,-223
21779,19,-148,-9079,0,0,0,-223
21780,20,-148,-9079,0,0,0,-223
21781,21,-148,-9079,0,0,0,-223
21782,22,-148,-9079,0,0,0,-223
21783,23,-148,-9079,0,0,0,-223
21784,24,-148,-9079,0,0,0,-223
21785,25,-148,-9079,0,0,0,-223
21786,26,-148,-9079,0,0,0,-223
21787,27,-148,-9079,0,0,0,-223
21788,28,-148,-9079,0,0,0,-223
21789,29,-148,-9079,0,0,0,-223
21790,30,-148,-9079,0,0,0,-223
21791,31,-148,-9079,0,0,0,-223
21792,32,-148,-9079,0,0,0,-223
21793,33,-148,-9079,0,0,0,-223
21794,34,-148,-9079,0,0,0,-223
21795,35,-148,-9079,0,0,0,-223
21796,36,-148,-9079,0,0,0,-223
21797,37,-148,-9079,0,0,0,-223
21798,38,-148,-9079,0,0,0,-223
21799,39,-148,-9079,0,0,0,-223
21800,40,-148,-9079,0,0,0,-223
21801,41,-148,-9079,0,0,0,-223
21802,42,-148,-9079,0,0,0,-223
21803,43,-148,-9079,0,0,0,-223
21804,44,-148,-9079,0,0,0,-223
21805,45,-148,-9079,0,0,0,-223
21806,46,-148,-9079,0,0,0,-223
21807,47,-148,-9079,0,0,0,-223
21808,48,-148,-9079,0,0,0,-223
21809,49,-148,-9079,0,0,0,-223
21810,50,-148,-9079,0,0,0,-223
21811,51,-148,-9079,0,0,0,-223
21812,52,-148,-9079,0,0,0,-223
21813,53,-148,-9079,0,0,0,-223
21814,54,-148,-9079,0,0,0,-223
21815,55,-148,-9079,0,0,0,-223
21816,56,-148,-9079,0,0,0,-223
21817,57,-148,-9079,0,0,0,-223
21818,58,-148,-9079,0,0,0,-223
21819,59,-148,-9079,0,0,0,-223
21820,60,-148,-9079,0,0,0,-223
21821,61,-148,-9079,0,0,0,-223
21822,62,-148,-9079,0,0,0,-223
21823,63,-148,-9079,0,0,0,-223
21824,64,-148,-9079,0,0,0,-223
21825,65,-148,-9079,0,0,0,-223
21826,66,-148,-9079,0,0,0,-223
21827,67,-148,-9079,0,0,0,-223
21828,68,-148,-9079,0,0,0,-223
21829,69,-148,-9079,0,0,0,-223
21830,70,-148,-9079,0,0,0,-223
21831,71,-148,-9079,0,0,0,-223
21832,72,-148,-9079,0,0,0,-223
21833,73,-148,-9079,0,0,0,-223
21834,74,-148,-9079,0,0,0,-223
21835,75,-148,-9079,0,0,0,-223
21836,76,-148,-9079,0,0,0,-223
21837,77,-148,-9079,0,0,0,-313
21838,78,-148,-9079,0,0,0,-313
21839,79,-148,-9079,0,0,0,-313
21840,80,-148,-9079,0,0,0,-313
21841,81,-148,-9079,0,0,0,-313
21842,82,-148,-9079,0,0,0,-313
21843,83,-148,-9079,0,0,0,-313
21844,84,-148,-9079,0,0,0,-313
21845,85,-148,-9079,0,0,0,-313
21846,86,-148,-9079,0,0,0,-313
21847,87,-148,-9079,0,0,0,-313
21848,88,-148,-9079,0,0,0,-313
21849,89,-148,-9079,0,0,0,-313
21850,90,-148,-9079,0,0,0,-313
21851,91,-148,-9079,0,0,0,-193
21852,92,-148,-9079,0,0,0,-193
21853,93,-148,-9079,0,0,0,-193
21854,94,-148,-9079,0,0,0,-193
21855,95,-148,-9079,0,0,0,-193
21856,96,-148,-9079,0,0,0,-193
21857,97,-148,-9079,0,0,0,-193
21858,98,-148,-9079,0,0,0,-193
21859,99,-148,-9079,0,0,0,-193
21860,100,-148,-9079,0,0,0,-193
21861,101,-148,-9079,0,0,0,-193
21862,102,-148,-9079,0,0,0,-193
21863,103,-148,-9079,0,0,0,-193
21864,104,-148,-9079,0,0,0,-193
21865,105,-148,-9079,0,0,0,-193
21866,106,-148,-9079,0,0,0,-193
21867,107,-148,-9079,0,0,0,-193
21868,108,-148,-9079,0,0,0,-193
21869,109,-148,-9079,0,0,0,-193
21870,110,-148,-9079,0,0,0,-193
21871,111,-148,-9079,0,0,0,-193
21872,112,-148,-9079,0,0,0,-193
21873,113,-148,-9079,0,0,0,-193
21874,114,-148,-9079,0,0,0,-193
21875,115,-148,-9079,0,0,0,-193
21876,116,-148,-9079,0,0,0,-193
21877,117,-148,-9079,0,0,0,-193
21878,118,-148,-9079,0,0,0,-193
21879,119,-148,-9079,0,0,0,-193
21880,120,-148,-9079,0,0,0,-193
21881,121,-148,-9079,0,0,0,-193
21882,122,-148,-9079,0,0,0,-193
21883,123,-148,-9079,0,0,0,-193
21884,124,-148,-9079,0,0,0,-193
21885,125,-148,-9079,0,0,0,-193
21886,126,-148,-9079,0,0,0,-193
21887,127,-148,-9079,0,0,0,-193
21888,128,-148,-9079,0,0,0,-193
21889,129,-148,-9079,0,0,0,-193
21890,130,-148,-9079,0,0,0,-193
21891,131,-148,-9079,0,0,0,-193
21892,132,-148,-9079,0,0,0,-193
21893,133,-148,-9079,0,0,0,-193
21894,134,-148,-9079,0,0,0,-193
21895,135,-148,-9079,0,0,0,-193
21896,136,-154,-9129,-50,6,6,-193
21897,137,-154,-9129,0,6,6,-193
21898,138,-148,-8779,350,0,0,-193
21899,139,-148,-9079,-300,0,0,-193
21900,140,-148,-9079,0,0,0,-193
21901,141,-148,-9079,0,0,0,-193
21902,142,-148,-9079,0,0,0,-193
21903,143,-148,-9079,0,0,0,-193
21904,144,-148,-9079,0,0,-6,-193
21905,145,-148,-9079,0,0,-6,-193
21906,146,-150,-8779,300,2,2,-193
21907,147,-150,-8779,0,2,2,-193
21908,148,-150,-8779,0,2,2,-193
21909,149,-155,-9079,-300,7,7,-193
21910,150,-150,-8779,300,2,2,-283
21911,151,-150,-8779,0,2,2,-283
21912,152,-150,-8779,0,2,2,-283
21913,153,-150,-8779,0,2,2,-283
21914,154,-150,-8779,0,1,0,-283
21915,155,-155,-9079,-300,6,5,-283
21916,156,-155,-9079,0,6,5,-283
21917,157,-155,-9079,0,6,0,-283
21918,158,-155,-9079,0,5,5,-283
21919,159,-155,-9079,0,5,5,-283
21920,160,-155,-9079,0,5,5,-283
21921,161,-155,-9079,0,5,5,-283
21922,162,-155,-9079,0,4,5,-283
21923,163,-155,-9079,0,4,0,-283
21924,164,-156,-8779,300,5,1,-283
21925,165,-156,-8779,0,5,1,-283
21926,166,-156,-8779,0,5,1,-283
21927,167,-156,-8779,0,4,1,-283
21928,168,-156,-8779,0,4,1,-283
21929,169,-156,-8779,0,4,1,-283
21930,170,-156,-8779,0,4,1,-283
21931,171,-156,-8779,0,4,1,-283
21932,172,-156,-8779,0,3,0,-218
21933,173,-156,-8779,0,3,0,-218
21934,174,-156,-8779,0,3,0,-218
21935,175,-156,-8779,0,3,0,-174
21936,176,-156,-8779,0,3,0,-129
21937,177,-157,-8879,-100,4,1,-129
21938,178,-157,-8779,100,4,1,-129
21939,179,-158,-9079,-300,4,2,-129
21940,180,-158,-8979,100,4,2,-129
21941,181,-158,-8969,10,4,2,-129
21942,182,-158,-8969,0,4,2,-129
21943,183,-159,-8879,90,5,3,-129
21944,184,-159,-8879,0,4,3,-129
21945,185,-159,-8879,0,4,2,-129
21946,186,-159,-8879,0,4,2,-129
21947,187,-159,-8879,0,4,1,-129
21948,188,-159,-8879,0,4,1,-129
21949,189,-156,-8779,100,0,-2,-129
21950,190,-156,-8779,0,0,-2,-129
21951,191,-156,-8779,0,0,-3,-129
21952,192,-156,-8779,0,0,-3,-129
21953,193,-156,-8779,0,0,-3,-129
21954,194,-156,-8779,0,0,-3,-129
21955,195,-156,-8779,0,0,-3,-129
21956,196,-156,-8779,0,0,-3,-129
21957,197,-156,-8779,0,0,0,-129
21958,198,-156,-8779,0,0,0,-129
21959,199,-156,-8779,0,0,0,-129
21960,200,-156,-8779,0,0,0,-129
21961,201,-158,-9004,-225,2,2,-129
21962,202,-159,-9004,0,3,3,-129
21963,203,-160,-9079,-75,4,4,-129
21964,204,-159,-9004,75,3,3,-129
21965,205,-159,-9004,0,3,3,-91
21966,206,-160,-9079,-75,4,4,-91
21967,207,-159,-9004,75,3,3,-91
21968,208,-159,-9004,0,2,3,-91
21969,209,-156,-8779,225,-1,-2,-91
21970,210,-156,-8779,0,-1,-3,160
21971,211,-157,-9004,-225,1,-3,160
21972,212,-158,-9079,-75,2,-1,160
21973,213,-158,-8979,100,1,-1,160
21974,214,-160,-9169,-190,3,0,160
21975,215,-160,-9169,0,3,1,160
21976,216,-160,-9169,0,3,1,160
21977,217,-160,-9169,0,3,4,160
21978,218,-160,-9169,0,3,4,160
21979,219,-160,-9169,0,3,3,160
21980,220,-160,-9169,0,3,2,160
21981,221,-160,-9169,0,3,2,160
21982,222,-160,-9169,0,2,0,160
21983,223,-158,-8879,290,0,-2,160
21984,224,-158,-8979,-100,0,-2,160
21985,225,-158,-8979,0,0,-2,160
21986,226,-158,-8979,0,0,-2,160
21987,227,-158,-9079,-100,0,-2,160
21988,228,-156,-8779,300,-2,-4,160
21989,229,-156,-8779,0,-1,-4,160
21990,230,-162,-8779,0,5,2,160
21991,231,-162,-8779,0,4,4,270
21992,232,-163,-9004,-225,5,5,270
21993,233,-164,-9079,-75,6,6,270
21994,234,-165,-9169,-90,7,7,270
21995,235,-165,-9169,0,6,7,270
21996,236,-165,-9169,0,6,9,270
21997,237,-165,-9169,0,6,9,270
21998,238,-165,-9169,0,5,3,270
21999,239,-164,-8979,190,4,2,270
22000,240,-164,-9079,-100,4,1,270
22001,241,-162,-8779,300,2,-2,270
22002,242,-162,-8679,100,2,-3,270
22003,243,-162,-8679,0,2,-3,270
22004,244,-162,-8679,0,2,-3,270
22005,245,-162,-8679,0,1,-3,270
22006,246,-169,-9004,-325,8,4,270
22007,247,-169,-9004,0,8,5,281
22008,248,-169,-8994,10,8,5,281
22009,249,-170,-9079,-85,8,8,281
22010,250,-169,-8994,85,7,7,281
22011,251,-169,-9004,-10,6,7,281
22012,252,-162,-8679,325,-1,0,281
22013,253,-170,-9004,-325,7,8,281
22014,254,-170,-8904,100,7,1,281
22015,255,-170,-9004,-100,6,1,281
22016,0,-170,-8829,175,6,1,281
22017,1,-170,-9004,-175,6,0,281
22018,2,-162,-8679,325,-3,-7,281
22019,3,-170,-9079,-400,6,1,281
22020,4,-162,-8679,400,-3,0,281
22021,5,-162,-9079,-400,-2,-8,281
22022,6,-156,-8779,300,-8,-14,281
22023,7,-169,-8779,0,5,-1,281
22024,8,-169,-8779,0,5,-1,281
22025,9,-169,-8779,0,5,-1,281
22026,10,-169,-8779,0,5,7,281
22027,11,-169,-8779,0,4,-1,281
22028,12,-169,-8779,0,4,7,281
22029,13,-169,-8779,0,4,7,281
22030,14,-169,-8779,0,4,13,281
22031,15,-169,-8779,0,4,0,281
22032,16,-169,-8779,0,3,0,281
22033,17,-169,-8779,0,3,0,281
22034,18,-169,-8779,0,3,0,281
22035,19,-169,-8779,0,3,0,281
22036,20,-169,-8779,0,3,0,281
22037,21,-169,-8779,0,3,0,281
22038,22,-169,-8779,0,3,0,281
22039,23,-170,-9004,-225,4,1,281
22040,24,-170,-8904,100,3,1,281
22041,25,-170,-8804,100,3,1,281
22042,26,-170,-8904,-100,3,1,281
22043,27,-170,-9004,-100,3,1,281
22044,28,-169,-8779,225,2,0,281
22045,29,-169,-9174,-395,2,0,-14
22046,30,-169,-9174,0,2,0,-14
22047,31,-169,-9174,0,2,-1,-14
22048,32,-169,-9174,0,2,-1,-14
22049,33,-169,-9174,0,2,-1,-14
22050,34,-169,-9174,0,1,-1,-14
22051,35,-169,-9174,0,1,-1,-14
22052,36,-169,-9174,0,1,0,-14
22053,37,-169,-9174,0,1,0,-14
22054,38,-169,-9174,0,1,0,-14
22055,39,-169,-9174,0,1,0,-14
22056,40,-169,-9174,0,1,0,-14
22057,41,-169,-9174,0,1,0,-14
22058,42,-169,-9174,0,1,0,-14
22059,43,-169,-9174,0,1,0,-14
22060,44,-169,-9174,0,1,0,-14
22061,45,-169,-9174,0,1,0,-14
22062,46,-169,-9174,0,1,0,-14
22063,47,-169,-9174,0,1,0,-14
22064,48,-169,-9174,0,1,0,-14
22065,49,-169,-9174,0,1,0,-14
22066,50,-169,-9174,0,1,0,-14
22067,51,-169,-9174,0,1,0,-14
22068,52,-169,-9174,0,1,0,-14
22069,53,-169,-9174,0,1,0,-14
22070,54,-169,-9174,0,1,0,-14
22071,55,-169,-9174,0,1,0,-14
22072,56,-169,-9174,0,1,0,-14
22073,57,-169,-9174,0,1,0,-14
22074,58,-166,-9175,-1,-2,-3,81
22075,59,-166,-9175,0,-1,-3,81
22076,60,-166,-9175,0,-1,-3,81
22077,61,-166,-9175,0,-1,-3,81
22078,62,-166,-9175,0,-1,-3,81
22079,63,-166,-9175,0,-1,-3,81
22080,64,-166,-9175,0,-1,-3,81
22081,65,-166,-9175,0,-1,-3,81
22082,66,-166,-9175,0,-1,0,81
22083,67,-166,-9175,0,0,0,81
22084,68,-166,-9175,0,0,0,81
22085,69,-166,-9175,0,0,0,81
22086,70,-166,-9175,0,0,0,231
22087,71,-167,-9004,171,1,1,231
22088,72,-168,-9079,-75,2,2,231
22089,73,-168,-8979,100,2,2,231
22090,74,-170,-9169,-190,4,4,231
22091,75,-170,-9169,0,3,4,231
22092,76,-170,-9169,0,3,4,231
22093,77,-170,-9169,0,3,4,231
22094,78,-170,-9169,0,3,4,231
22095,79,-171,-9079,90,4,4,231
22096,80,-172,-9079,0,5,4,231
22097,81,-172,-9079,0,4,4,231
22098,82,-172,-9079,0,4,2,231
22099,83,-172,-9079,0,4,2,231
22100,84,-172,-9079,0,4,2,231
22101,85,-172,-9079,0,4,2,231
22102,86,-172,-9079,0,3,2,231
22103,87,-172,-9079,0,3,1,231
22104,88,-172,-9079,0,3,0,231
22105,89,-172,-9079,0,3,0,231
22106,90,-172,-9079,0,3,0,231
22107,91,-171,-9079,0,2,-1,231
22108,92,-169,-9004,75,0,-3,231
22109,93,-169,-9004,0,0,-3,231
22110,94,-169,-9004,0,0,-3,231
22111,95,-166,-9175,-171,-3,-6,231
22112,96,-166,-9175,0,-3,-6,231
22113,97,-170,-9004,171,1,-2,231
22114,98,-170,-9004,0,1,-2,231
22115,99,-171,-9079,-75,2,0,231
22116,100,-170,-9004,75,1,1,231
22117,101,-166,-9175,-171,-3,-3,231
22118,102,-166,-9175,0,-2,-3,231
22119,103,-166,-9175,0,-2,0,151
22120,104,-167,-9004,171,-1,1,151
22121,105,-169,-9079,-75,1,-1,151
22122,106,-169,-8979,100,1,-1,151
22123,107,-171,-9169,-190,3,0,151
22124,108,-171,-9169,0,3,1,151
22125,109,-171,-9169,0,3,5,151
22126,110,-171,-9169,0,3,5,151
22127,111,-171,-9069,100,3,5,151
22128,112,-171,-9169,-100,2,4,151
22129,113,-170,-9004,165,1,1,151
22130,114,-170,-9004,0,1,1,151
22131,115,-166,-9175,-171,-3,-5,151
22132,116,-166,-9175,0,-2,-5,151
22133,117,-166,-9175,0,-2,-5,151
22134,118,-166,-9175,0,-2,-5,151
22135,119,-178,-9004,171,10,7,151
22136,120,-166,-9175,-171,-2,-5,151
22137,121,-175,-9079,96,7,5,151
22138,122,-175,-9079,0,6,5,151
22139,123,-166,-9175,-96,-3,0,-49
22140,124,-166,-9175,0,-3,0,-49
22141,125,-166,-9175,0,-2,0,-49
22142,126,-166,-9175,0,-2,0,-49
22143,127,-166,-9175,0,-2,-12,-49
22144,128,-166,-9175,0,-2,0,-49
22145,129,-166,-9175,0,-2,-9,-49
22146,130,-175,-9169,6,8,0,-49
22147,131,-175,-9169,0,7,9,-49
22148,132,-175,-9169,0,7,9,-49
22149,133,-175,-9169,0,6,9,-49
22150,134,-170,-9079,90,1,4,41
22151,135,-170,-9079,0,1,4,41
22152,136,-170,-9079,0,1,4,41
22153,137,-170,-9079,0,1,4,41
22154,138,-170,-9079,0,1,-5,41
22155,139,-170,-9079,0,1,-5,41
22156,140,-170,-9079,0,1,-5,41
22157,141,-170,-9079,0,1,-5,41
22158,142,-170,-9079,0,1,0,41
22159,143,-170,-9079,0,1,0,51
22160,144,-170,-9079,0,1,0,51
22161,145,-170,-9079,0,1,0,51
22162,146,-170,-9079,0,1,0,51
22163,147,-170,-9079,0,1,0,161
22164,148,-170,-9079,0,1,0,157
22165,149,-170,-9079,0,1,0,157
22166,150,-170,-9079,0,1,0,157
22167,151,-170,-9079,0,1,0,157
22168,152,-170,-9079,0,1,0,157
22169,153,-170,-9079,0,1,0,157
22170,154,-170,-9079,0,1,0,157
22171,155,-170,-9079,0,1,0,157
22172,156,-170,-9079,0,1,0,157
22173,157,-170,-9079,0,1,0,157
22174,158,-170,-9079,0,1,0,157
22175,159,-170,-9079,0,1,0,157
22176,160,-170,-9079,0,1,0,157
22177,161,-170,-9079,0,1,0,157
22178,162,-170,-9079,0,1,0,157
22179,163,-170,-9079,0,1,0,157
22180,164,-170,-9079,0,1,0,157
22181,165,-170,-9079,0,1,0,157
22182,166,-180,-8990,89,11,10,157
22183,167,-180,-8990,0,10,10,157
22184,168,-180,-8990,0,10,10,157
22185,169,-180,-8801,189,9,10,157
22186,170,-180,-8990,-189,9,10,157
22187,171,-180,-8801,189,8,10,157
22188,172,-180,-8990,-189,8,10,157
22189,173,-180,-8801,189,7,10,157
22190,174,-180,-8911,-110,7,0,2
22191,175,-180,-9100,-189,7,0,2
22192,176,-170,-9079,21,-4,-10,2
22193,177,-170,-9079,0,-3,-10,2
22194,178,-170,-9079,0,-3,-10,2
22195,179,-170,-8979,100,-3,-10,2
22196,180,-170,-8879,100,-3,-10,2
22197,181,-170,-8779,100,-2,-10,2
22198,182,-170,-8779,0,-2,-10,2
22199,183,-170,-8779,0,-2,-10,2
22200,184,-170,-8779,0,-2,0,2
22201,185,-170,-8779,0,-2,0,2
22202,186,-170,-8779,0,-1,0,2
22203,187,-170,-8779,0,-1,0,2
22204,188,-170,-8779,0,-1,0,2
22205,189,-170,-8779,0,-1,0,252
22206,190,-172,-9079,-300,1,2,252
22207,191,-172,-8979,100,1,2,252
22208,192,-173,-9169,-190,2,3,252
22209,193,-172,-8979,190,1,2,252
22210,194,-172,-9079,-100,1,2,252
22211,195,-170,-8779,300,-1,0,252
22212,196,-170,-8779,0,-1,0,252
22213,197,-170,-8779,0,-1,0,252
22214,198,-170,-8879,-100,-1,-2,133
22215,199,-170,-8979,-100,-1,-2,-198
22216,200,-170,-9079,-100,0,-3,-398
22217,201,-170,-9110,-31,0,-2,-430
22218,202,-170,-9010,100,0,-2,-430
22219,203,-170,-9010,0,0,0,-430
22220,204,-170,-9010,0,0,0,-430
22221,205,-170,-9010,0,0,0,965
22222,206,-171,-8879,131,1,1,965
22223,207,-171,-8779,100,1,1,965
22224,208,-172,-9169,-390,2,2,965
22225,209,-172,-9169,0,2,2,965
22226,210,-175,-8179,990,5,5,965
22227,211,-175,-8179,0,5,5,965
22228,212,-175,-8179,0,4,5,965
22229,213,-175,-8179,0,4,5,965
22230,214,-175,-8179,0,4,4,965
22231,215,-175,-8119,60,4,4,965
22232,216,-175,-8119,0,4,3,965
22233,217,-175,-9019,-900,3,3,70
22234,218,-175,-9019,0,3,0,70
22235,219,-175,-9119,-100,3,0,-130
22236,220,-170,-9010,109,-2,-5,-240
22237,221,-170,-9010,0,-2,-5,-240
22238,222,-170,-9010,0,-2,-5,-240
22239,223,-170,-9010,0,-1,-5,-240
22240,224,-175,-8179,831,4,0,-240
22241,225,-175,-8179,0,3,0,-240
22242,226,-175,-8179,0,3,0,-240
22243,227,-175,-8429,-250,3,0,-510
22244,228,-175,-8429,0,3,5,-510
22245,229,-175,-8929,-500,3,5,-910
22246,230,-170,-9010,-81,-2,0,-1150
22247,231,-170,-9010,0,-2,0,-1150
22248,232,-170,-9010,0,-2,-5,-1150
22249,233,-175,-8179,831,3,0,-1150
22250,234,-175,-8179,0,3,0,-1150
22251,235,-175,-8279,-100,3,0,-1290
22252,236,-175,-8279,0,3,0,-1290
22253,237,-170,-9010,-731,-2,-5,-2200
22254,238,-170,-9010,0,-2,0,-2200
22255,239,-170,-9010,0,-2,0,-2200
22256,240,-175,-8179,831,3,5,-2200
22257,241,-175,-8179,0,3,0,-2200
22258,242,-175,-8179,0,3,0,-2200
22259,243,-170,-9010,-831,-2,-5,-3201
22260,244,-170,-9010,0,-2,-5,-3201
22261,245,-170,-9010,0,-2,0,-3201
22262,246,-175,-9075,-65,4,5,-3201
22263,247,-175,-9075,0,3,5,-3201
22264,248,-175,-9075,0,3,0,-3201
22265,249,-175,-9175,-100,3,0,-3191
22266,250,-170,-9010,165,-2,-5,-3495
22267,251,-170,-9010,0,-2,0,-3495
22268,252,-170,-9010,0,-2,0,-3495
22269,253,-170,-9010,0,-1,0,-3495
22270,254,-170,-9010,0,-1,-5,-3495
22271,255,-170,-9010,0,-1,-5,-3495
22272,0,-170,-9010,0,-1,-5,-3495
22273,1,-170,-9010,0,-1,-5,-3495
22274,2,-170,-9010,0,-1,0,-3495
22275,3,-170,-9010,0,-1,0,-3495
22276,4,-170,-9010,0,-1,0,-3495
22277,5,-170,-9010,0,0,0,-3495
22278,6,-170,-9010,0,0,0,-3495
22279,7,-170,-9010,0,0,0,-3495
22280,8,-170,-9010,0,0,0,-3495
22281,9,-170,-9010,0,0,0,-3495
22282,10,-170,-9010,0,0,0,-3495
22283,11,-170,-9079,-69,0,0,-3464
22284,12,-169,-9147,-68,-1,-1,-3464
22285,13,-169,-9147,0,-1,-1,-3464
22286,14,-169,-9147,0,-1,-1,-3464
22287,15,-169,-9147,0,-1,-1,-3464
22288,16,-169,-9147,0,-1,-1,-3464
22289,17,-169,-9147,0,0,-1,-3464
22290,18,-166,-9175,-28,-3,-4,-3396
22291,19,-166,-9175,0,-3,-4,-3396
22292,20,-166,-9175,0,-3,-3,-3396
22293,21,-155,-8891,284,-14,-14,-3369
22294,22,-155,-8891,0,-13,-14,-3369
22295,23,-155,-8891,0,-12,-14,-3369
22296,24,-155,-8891,0,-11,-14,-3369
22297,25,-155,-8891,0,-10,-14,-3369
22298,26,-155,-8891,0,-10,-11,-3369
22299,27,-155,-8891,0,-9,-11,-3369
22300,28,-155,-8891,0,-8,-11,-3369
22301,29,-155,-8891,0,-8,0,-3369
22302,30,-155,-8891,0,-7,0,-3369
22303,31,-155,-8891,0,-7,0,-3369
22304,32,-155,-8891,0,-6,0,-3369
22305,33,-155,-8891,0,-6,0,-3369
22306,34,-155,-8891,0,-5,0,-3369
22307,35,-155,-8891,0,-5,0,-3369
22308,36,-155,-8891,0,-5,0,-3369
22309,37,-155,-8891,0,-4,0,-3369
22310,38,-155,-8891,0,-4,0,-3369
22311,39,-155,-8891,0,-4,0,-3369
22312,40,-155,-8891,0,-3,0,-3369
22313,41,-155,-8891,0,-3,0,-3369
22314,42,-155,-8891,0,-3,0,-3369
22315,43,-155,-8891,0,-3,0,-3369
22316,44,-155,-8891,0,-2,0,-3369
22317,45,-155,-8891,0,-2,0,-3369
22318,46,-155,-8891,0,-2,0,-3369
22319,47,-155,-8891,0,-2,0,-3369
22320,48,-155,-8891,0,-2,0,-3369
22321,49,-155,-8891,0,-1,0,-3369
22322,50,-155,-8891,0,-1,0,-3369
22323,51,-155,-8891,0,-1,0,-3369
22324,52,-155,-8891,0,-1,0,-3369
22325,53,-155,-8891,0,-1,0,-3369
22326,54,-155,-8891,0,-1,0,-3369
22327,55,-155,-8891,0,-1,0,-3369
22328,56,-155,-8891,0,-1,0,-3369
22329,57,-155,-8891,0,0,0,-3369
22330,58,-155,-8991,-100,0,0,-4469
22331,59,-155,-9091,-100,0,0,-3669
22332,60,-155,-8991,100,0,0,-3669
22333,61,-155,-8991,0,0,0,-3669
22334,62,-155,-9078,-87,0,0,-3656
22335,63,-155,-9079,-1,0,0,-3597
22336,64,-151,-9079,0,-4,-4,-3447
22337,65,-151,-9079,0,-4,-4,-3447
22338,66,-151,-9079,0,-3,-4,-3447
22339,67,-151,-9079,0,-3,-4,-3447
22340,68,-155,-9079,0,1,0,-3447
22341,69,-155,-9079,0,1,0,-3447
22342,70,-155,-9079,0,1,0,-3447
22343,71,-155,-9079,0,1,0,-3447
22344,72,-155,-9079,0,1,4,-3447
22345,73,-151,-9079,0,-3,0,-3047
22346,74,-151,-9079,0,-3,0,-3047
22347,75,-151,-9079,0,-2,0,-3047
22348,76,-151,-9079,0,-2,-4,-3047
22349,77,-151,-9079,0,-2,-4,-3047
22350,78,-155,-9079,0,2,0,-3047
22351,79,-155,-9079,0,2,0,-3047
22352,80,-151,-9079,0,-2,-4,-2897
22353,81,-151,-9079,0,-2,0,-2897
22354,82,-151,-9079,0,-2,0,-2897
22355,83,-151,-9079,0,-1,0,-2897
22356,84,-151,-9079,0,-1,0,-2897
22357,85,-151,-9079,0,-1,0,-2897
22358,86,-151,-9079,0,-1,-4,-2897
22359,87,-151,-9079,0,-1,-4,-2897
22360,88,-151,-9079,0,-1,0,-2897
22361,89,-151,-9079,0,-1,0,-2897
22362,90,-151,-9079,0,-1,0,-2897
22363,91,-151,-9079,0,0,0,-2897
22364,92,-151,-9079,0,0,0,-2897
22365,93,-151,-9079,0,0,0,-2897
22366,94,-151,-9079,0,0,0,-2897
22367,95,-151,-9079,0,0,0,-2897
22368,96,-151,-9079,0,0,0,-2897
22369,97,-151,-9079,0,0,0,-2897
22370,98,-151,-9079,0,0,0,-2897
22371,99,-151,-9099,-20,0,0,-2817
22372,100,-151,-8999,100,0,0,-2817
22373,101,-155,-9169,-170,4,4,-2817
22374,102,-151,-8999,170,0,0,-1927
22375,103,-151,-9079,-80,0,0,-1007
22376,104,-151,-9089,-10,0,0,-917
22377,105,-151,-9089,0,0,0,-917
22378,106,-151,-9089,0,0,0,-917
22379,107,-151,-9089,0,0,0,-917
22380,108,-151,-8989,100,0,0,-917
22381,109,-151,-8989,0,0,-4,-917
22382,110,-151,-9079,-90,0,0,-1003
22383,111,-151,-9089,-10,0,0,-944
22384,112,-151,-8989,100,0,0,-944
22385,113,-151,-8989,0,0,0,-944
22386,114,-151,-9009,-20,0,0,-864
22387,115,-151,-9009,0,0,0,-864
22388,116,-151,-9079,-70,0,0,-902
22389,117,-151,-9109,-30,0,0,-928
22390,118,-151,-9009,100,0,0,-928
22391,119,-155,-8879,130,4,4,-928
22392,120,-155,-8889,-10,4,4,-838
22393,121,-151,-9009,-120,0,0,-1028
22394,122,-151,-9079,-70,0,0,-1011
22395,123,-150,-8504,575,-1,-1,-1110
22396,124,-150,-8504,0,-1,-1,-1110
22397,125,-150,-8504,0,-1,-1,-1110
22398,126,-150,-8504,0,0,-1,-1110
22399,127,-150,-8504,0,0,-5,-1110
22400,128,-150,-8504,0,0,-5,-1110
22401,129,-151,-9079,-575,1,0,-1110
22402,130,-151,-9079,0,1,0,-1110
22403,131,-151,-9079,0,1,1,-1110
22404,132,-151,-9079,0,1,1,-1110
22405,133,-151,-9079,0,1,1,-1110
22406,134,-151,-9079,0,1,1,-1110
22407,135,-151,-9079,0,1,1,-1110
22408,136,-150,-8504,575,0,0,-1110
22409,137,-150,-8504,0,0,-1,-1110
22410,138,-150,-8504,0,0,-1,-1110
22411,139,-150,-8504,0,0,-1,-1110
22412,140,-150,-8504,0,0,-1,-1110
22413,141,-150,-8504,0,0,-1,-1110
22414,142,-150,-8504,0,0,-1,-1110
22415,143,-150,-8504,0,0,-1,-1110
22416,144,-150,-8504,0,0,0,-1110
22417,145,-150,-8504,0,0,0,-1110
22418,146,-150,-8504,0,0,0,-1110
22419,147,-150,-8504,0,0,0,-1110
22420,148,-150,-8504,0,0,0,-1110
22421,149,-150,-8504,0,0,0,-1110
22422,150,-150,-8504,0,0,0,-1110
22423,151,-150,-8504,0,0,0,-1009
22424,152,-150,-8504,0,0,0,-860
22425,153,-151,-8879,-375,1,1,-860
22426,154,-153,-9079,-200,3,3,-860
22427,155,-153,-8979,100,3,3,-860
22428,156,-156,-9169,-190,6,6,-860
22429,157,-156,-9169,0,6,6,-860
22430,158,-153,-8979,190,3,3,-860
22431,159,-153,-9079,-100,2,3,-860
22432,160,-150,-8504,575,-1,0,-860
22433,161,-155,-8879,-375,4,4,-860
22434,162,-150,-8504,375,-1,-3,-1140
22435,163,-150,-8504,0,-1,-3,-1140
22436,164,-150,-8504,0,-1,-6,-1140
22437,165,-150,-8504,0,0,-6,-1140
22438,166,-150,-8504,0,0,-3,-1140
22439,167,-150,-8504,0,0,-3,-1140
22440,168,-150,-8504,0,0,0,-1140
22441,169,-150,-8504,0,0,-5,-1140
22442,170,-160,-9079,-575,10,10,-1140
22443,171,-150,-8504,575,-1,0,-1230
22444,172,-150,-8504,0,-1,0,-1230
22445,173,-150,-8504,0,0,0,-1230
22446,174,-160,-9079,-575,10,10,-1230
22447,175,-160,-9079,0,9,10,-1230
22448,176,-160,-9079,0,9,10,-1230
22449,177,-150,-8504,575,-2,0,-1250
22450,178,-150,-8504,0,-2,-10,-1250
22451,179,-150,-8504,0,-2,0,-1250
22452,180,-160,-9079,-575,9,10,-1250
22453,181,-160,-9079,0,8,10,-1250
22454,182,-160,-9079,0,8,0,-1250
22455,183,-150,-8504,575,-3,-10,-1340
22456,184,-150,-8504,0,-3,-10,-1340
22457,185,-150,-8504,0,-2,0,-1340
22458,186,-150,-8504,0,-2,0,-1340
22459,187,-150,-8504,0,-2,0,-1340
22460,188,-156,-9079,-575,4,-4,-1340
22461,189,-156,-9080,-1,4,-4,-1251
22462,190,-156,-8980,100,4,-4,-1251
22463,191,-156,-9079,-99,4,6,-1340
22464,192,-156,-9120,-41,3,6,-1361
22465,193,-156,-9020,100,3,6,-1361
22466,194,-156,-9079,-59,3,6,-1350
22467,195,-150,-8504,575,-3,0,-1420
22468,196,-150,-8504,0,-3,-6,-1420
22469,197,-150,-8504,0,-2,-6,-1420
22470,198,-150,-8504,0,-2,-6,-1420
22471,199,-156,-9120,-616,4,0,-1420
22472,200,-156,-9120,0,4,0,-1420
22473,201,-156,-9120,0,4,0,-1420
22474,202,-156,-9120,0,3,0,-1420
22475,203,-156,-9120,0,3,6,-1420
22476,204,-156,-9120,0,3,6,-1420
22477,205,-156,-9120,0,3,6,-1420
22478,206,-156,-9120,0,3,6,-1420
22479,207,-156,-9120,0,3,0,-1310
22480,208,-157,-8879,241,4,1,-1310
22481,209,-158,-9079,-200,4,2,-1310
22482,210,-158,-8979,100,4,2,-1310
22483,211,-160,-9169,-190,6,4,-1310
22484,212,-160,-9169,0,6,4,-1310
22485,213,-160,-9169,0,5,4,-1310
22486,214,-160,-9169,0,5,4,-1310
22487,215,-160,-9169,0,5,4,-1310
22488,216,-160,-9169,0,5,3,-920
22489,217,-161,-8879,290,5,3,-920
22490,218,-162,-9079,-200,6,4,-920
22491,219,-162,-8979,100,6,2,-920
22492,220,-162,-8979,0,6,2,-920
22493,221,-162,-8979,0,5,2,-920
22494,222,-162,-8979,0,5,2,-920
22495,223,-162,-9079,-100,5,2,-920
22496,224,-162,-9079,0,4,2,-920
22497,225,-162,-9079,0,4,1,-920
22498,226,-161,-8879,200,3,-1,-920
22499,227,-156,-9120,-241,-2,-6,-920
22500,228,-156,-9120,0,-2,-6,-920
22501,229,-156,-9120,0,-2,-6,-920
22502,230,-156,-9120,0,-2,-6,-920
22503,231,-156,-9120,0,-1,-6,-920
22504,232,-156,-9120,0,-1,-6,-920
22505,233,-156,-9120,0,-1,-6,-920
22506,234,-156,-9120,0,-1,-5,-920
22507,235,-156,-9120,0,-1,0,-920
22508,236,-156,-9120,0,-1,0,-650
22509,237,-156,-9120,0,-1,0,-549
22510,238,-157,-8879,241,0,1,-549
22511,239,-156,-9120,-241,-1,0,-549
22512,240,-156,-9120,0,0,0,-549
22513,241,-156,-9120,0,0,0,-549
22514,242,-156,-9120,0,0,0,-549
22515,243,-150,-8504,616,-6,-6,-549
22516,244,-150,-8504,0,-6,-6,-249
22517,245,-151,-8879,-375,-4,-5,-249
22518,246,-154,-9079,-200,-1,-3,-249
22519,247,-154,-8979,100,-1,-2,-249
22520,248,-159,-9169,-190,4,3,-249
22521,249,-159,-9169,0,4,3,-249
22522,250,-159,-9169,0,4,3,-249
22523,251,-159,-9169,0,4,9,-249
22524,252,-159,-9169,0,3,9,-249
22525,253,-160,-8879,290,4,9,-249
22526,254,-160,-8879,0,4,6,-54
22527,255,-162,-9079,-200,6,8,-54
22528,0,-162,-8979,100,6,3,-54
22529,1,-163,-8879,100,6,4,-54
22530,2,-163,-8879,0,6,4,-54
22531,3,-163,-8879,0,6,4,-54
22532,4,-162,-8979,-100,4,3,-54
22533,5,-162,-8979,0,4,2,-54
22534,6,-162,-8979,0,4,2,-54
22535,7,-162,-9079,-100,4,0,-54
22536,8,-162,-9079,0,4,0,-54
22537,9,-162,-9079,0,3,-1,-54
22538,10,-162,-9079,0,3,-1,-54
22539,11,-162,-9079,0,3,-1,-9
22540,12,-163,-8879,200,4,1,-9
22541,13,-165,-9079,-200,6,3,-9
22542,14,-165,-8979,100,6,3,-9
22543,15,-167,-9169,-190,7,5,-9
22544,16,-167,-9169,0,7,5,-9
22545,17,-167,-9169,0,6,5,391
22546,18,-167,-9169,0,6,5,541
22547,19,-168,-8879,290,7,6,541
22548,20,-169,-9079,-200,7,6,541
22549,21,-169,-8979,100,7,4,541
22550,22,-169,-8979,0,7,4,541
22551,23,-169,-8979,0,6,2,541
22552,24,-169,-9079,-100,6,2,541
22553,25,-169,-9079,0,6,2,541
22554,26,-169,-9079,0,5,2,541
22555,27,-169,-9079,0,5,1,541
22556,28,-169,-9079,0,5,0,821
22557,29,-169,-9079,0,5,0,922
22558,30,-170,-8879,200,5,1,922
22559,31,-170,-8879,0,5,1,922
22560,32,-170,-8879,0,5,1,922
22561,33,-170,-8879,0,5,1,922
22562,34,-170,-8879,0,4,1,922
22563,35,-170,-8879,0,4,1,922
22564,36,-170,-8879,0,4,1,922
22565,37,-170,-8879,0,4,1,922
22566,38,-170,-8879,0,4,0,922
22567,39,-170,-8879,0,3,0,922
22568,40,-170,-8879,0,3,0,922
22569,41,-170,-8879,0,3,0,922
22570,42,-170,-8879,0,3,0,922
22571,43,-170,-8879,0,3,0,922
22572,44,-170,-8879,0,3,0,922
22573,45,-170,-8879,0,3,0,922
22574,46,-170,-8879,0,3,0,922
22575,47,-150,-8504,375,-18,-20,922
22576,48,-165,-8179,325,-1,-5,922
22577,49,-165,-8179,0,-1,-5,922
22578,50,-165,-8179,0,-1,-5,922
22579,51,-165,-8179,0,-1,-5,1023
22580,52,-166,-8879,-700,0,-4,1023
22581,53,-166,-8779,100,0,-4,1023
22582,54,-166,-8769,10,0,-4,1023
22583,55,-166,-8769,0,0,16,1023
22584,56,-166,-8779,-10,0,1,1023
22585,57,-166,-8779,0,0,1,1222
22586,58,-166,-8879,-100,0,1,1222
22587,59,-167,-8879,0,1,2,1222
22588,60,-167,-8869,10,1,1,1222
22589,61,-167,-8869,0,1,1,1222
22590,62,-167,-8879,-10,1,1,1222
22591,63,-167,-8879,0,1,1,1222
22592,64,-167,-8879,0,1,1,1363
22593,65,-167,-8946,-67,1,1,1355
22594,66,-168,-8879,67,2,2,1355
22595,67,-168,-8879,0,2,1,1355
22596,68,-168,-8879,0,2,1,1355
22597,69,-168,-8879,0,2,1,1355
22598,70,-168,-8879,0,2,1,1355
22599,71,-168,-8879,0,2,1,1355
22600,72,-168,-8879,0,2,1,1355
22601,73,-168,-8879,0,2,1,1355
22602,74,-168,-8879,0,2,0,1355
22603,75,-165,-8179,700,-1,-3,1355
22604,76,-165,-8179,0,-1,-3,1355
22605,77,-165,-8179,0,-1,-3,1355
22606,78,-165,-8179,0,-1,-3,1355
22607,79,-165,-8179,0,-1,-3,1355
22608,80,-165,-8179,0,-1,-3,1355
22609,81,-165,-8179,0,0,-3,1355
22610,82,-165,-8179,0,0,-3,2455
22611,83,-166,-9056,-877,1,1,2455
22612,84,-167,-9079,-23,2,2,2455
22613,85,-167,-8979,100,2,2,2455
22614,86,-170,-9169,-190,5,5,2455
22615,87,-170,-9169,0,4,5,2455
22616,88,-167,-8979,190,1,2,2455
22617,89,-167,-9079,-100,1,2,2455
22618,90,-165,-8179,900,-1,0,2455
22619,91,-175,-9169,-990,9,9,2455
22620,92,-165,-8179,990,-1,-2,2345
22621,93,-165,-8179,0,-1,-2,2345
22622,94,-165,-8179,0,-1,-5,2345
22623,95,-165,-8179,0,-1,-5,2345
22624,96,-165,-8179,0,-1,-2,2345
22625,97,-165,-8179,0,-1,-2,2345
22626,98,-165,-8179,0,-1,0,2345
22627,99,-165,-8179,0,0,-10,2345
22628,100,-165,-8179,0,0,0,2345
22629,101,-169,-9056,-877,4,4,2345
22630,102,-165,-8179,877,-1,0,2345
22631,103,-165,-8179,0,0,0,2345
22632,104,-165,-8179,0,0,0,2345
22633,105,-165,-8179,0,0,0,2345
22634,106,-165,-8179,0,0,0,2345
22635,107,-165,-8179,0,0,0,2345
22636,108,-165,-8179,0,0,0,2251
22637,109,-166,-9056,-877,1,-3,2251
22638,110,-167,-9079,-23,2,2,2251
22639,111,-167,-8979,100,2,2,2251
22640,112,-170,-9169,-190,5,5,2251
22641,113,-170,-9169,0,5,5,2251
22642,114,-170,-9169,0,4,5,2251
22643,115,-175,-8179,990,9,10,2251
22644,116,-175,-8179,0,9,10,2251
22645,117,-175,-8179,0,8,9,2251
22646,118,-175,-8595,-416,8,8,1635
22647,119,-175,-8620,-25,7,8,1609
22648,120,-175,-8620,0,7,5,1609
22649,121,-175,-8620,0,6,5,1609
22650,122,-175,-8624,-4,6,5,1405
22651,123,-175,-8624,0,6,0,1405
22652,124,-175,-8624,0,5,0,1405
22653,125,-175,-8669,-45,5,0,1164
22654,126,-175,-8796,-127,5,0,943
22655,127,-165,-8179,617,-5,-10,460
22656,128,-165,-8179,0,-5,-10,460
22657,129,-165,-8179,0,-5,-10,460
22658,130,-165,-8179,0,-4,-10,460
22659,131,-165,-8179,0,-4,-10,460
22660,132,-175,-8179,0,6,0,460
22661,133,-175,-8179,0,6,0,460
22662,134,-175,-8179,0,6,0,460
22663,135,-175,-8179,0,5,10,460
22664,136,-175,-8179,0,5,10,460
22665,137,-175,-8179,0,5,10,460
22666,138,-176,-9056,-877,6,11,460
22667,139,-175,-8179,877,4,10,460
22668,140,-176,-9056,-877,5,1,460
22669,141,-176,-8956,100,5,1,460
22670,142,-176,-9056,-100,5,1,460
22671,143,-175,-8179,877,3,0,460
22672,144,-175,-8179,0,3,0,460
22673,145,-175,-8179,0,3,0,460
22674,146,-175,-8179,0,3,-1,460
22675,147,-175,-8154,25,3,0,460
22676,148,-175,-8154,0,3,-1,460
22677,149,-175,-8154,0,3,-1,460
22678,150,-175,-8154,0,3,-1,510
22679,151,-176,-9056,-902,3,1,510
22680,152,-176,-8956,100,3,1,510
22681,153,-176,-8946,10,3,1,510
22682,154,-176,-9046,-100,3,1,510
22683,155,-176,-8823,223,3,1,510
22684,156,-176,-9046,-223,3,1,510
22685,157,-176,-8946,100,3,1,510
22686,158,-176,-8723,223,3,1,510
22687,159,-176,-8946,-223,2,0,510
22688,160,-176,-8846,100,2,0,510
22689,161,-176,-8969,-123,2,0,510
22690,162,-176,-8969,0,2,0,430
22691,163,-177,-8956,13,3,1,430
22692,164,-178,-9079,-123,4,2,430
22693,165,-178,-8979,100,4,2,430
22694,166,-178,-8979,0,4,2,430
22695,167,-181,-8956,23,6,5,430
22696,168,-182,-8956,0,7,6,430
22697,169,-182,-8956,0,7,6,430
22698,170,-182,-8956,0,6,6,430
22699,171,-182,-8956,0,6,5,430
22700,172,-182,-8956,0,6,4,430
22701,173,-182,-8956,0,5,4,430
22702,174,-182,-8956,0,5,4,514
22703,175,-182,-8956,0,5,1,529
22704,176,-181,-8956,0,4,-1,529
22705,177,-175,-8154,802,-3,-7,529
22706,178,-175,-8154,0,-2,-7,614
22707,179,-176,-8956,-802,-1,-6,614
22708,180,-177,-9079,-123,0,-5,614
22709,181,-177,-8979,100,0,-5,614
22710,182,-180,-9169,-190,3,-2,614
22711,183,-180,-9169,0,3,-2,614
22712,184,-181,-8956,213,4,0,614
22713,185,-181,-8856,100,4,6,614
22714,186,-181,-8856,0,3,6,534
22715,187,-182,-8956,-100,4,6,534
22716,188,-183,-9079,-123,5,6,534
22717,189,-183,-8979,100,5,6,534
22718,190,-183,-8979,0,5,3,534
22719,191,-183,-8979,0,4,3,534
22720,192,-183,-8979,0,4,2,534
22721,193,-183,-8979,0,4,2,534
22722,194,-183,-8979,0,4,2,534
22723,195,-183,-8979,0,4,1,534
22724,196,-183,-8979,0,3,0,534
22725,197,-183,-9079,-100,3,0,534
22726,198,-183,-9079,0,3,0,534
22727,199,-175,-8154,925,-5,-8,534
22728,200,-175,-8154,0,-5,-8,534
22729,201,-175,-8154,0,-4,-8,534
22730,202,-181,-8879,-725,2,-2,534
22731,203,-175,-8154,725,-4,-8,534
22732,204,-182,-9079,-925,3,-1,534
22733,205,-175,-8154,925,-4,-8,534
22734,206,-175,-8154,0,-3,-8,534
22735,207,-175,-8154,0,-3,0,534
22736,208,-175,-8154,0,-3,0,534
22737,209,-175,-8154,0,-3,0,534
22738,210,-175,-8154,0,-2,-6,534
22739,211,-175,-8154,0,-2,0,606
22740,212,-176,-8879,-725,-1,-6,606
22741,213,-178,-9079,-200,1,3,606
22742,214,-181,-9169,-90,4,6,606
22743,215,-181,-9169,0,4,6,606
22744,216,-181,-9169,0,4,6,606
22745,217,-181,-9169,0,3,6,606
22746,218,-184,-8879,290,6,9,606
22747,219,-184,-8879,0,6,9,-294
22748,220,-185,-8879,0,7,9,-294
22749,221,-186,-9079,-200,7,8,-294
22750,222,-186,-8979,100,7,5,-294
22751,223,-186,-8979,0,7,5,-294
22752,224,-186,-8979,0,6,5,-294
22753,225,-186,-8979,0,6,5,-294
22754,226,-188,-9079,-100,8,4,-294
22755,227,-188,-9079,0,7,4,-294
22756,228,-188,-9079,0,7,3,-294
22757,229,-188,-9079,0,6,2,-184
22758,230,-189,-8879,200,7,3,-184
22759,231,-189,-8779,100,7,3,-184
22760,232,-189,-8679,100,6,3,-184
22761,233,-190,-9169,-490,7,4,-184
22762,234,-190,-9169,0,7,2,-184
22763,235,-189,-8679,490,5,1,-184
22764,236,-189,-8679,0,5,1,-184
22765,237,-189,-8679,0,5,1,-184
22766,238,-189,-8779,-100,4,0,-184
22767,239,-189,-8779,0,4,0,-184
22768,240,-189,-8779,0,4,0,-184
22769,241,-189,-8879,-100,4,-1,-184
22770,242,-189,-8879,0,4,-1,-184
22771,243,-175,-8154,725,-11,-14,-184
22772,244,-175,-8154,0,-10,-14,-184
22773,245,-175,-8154,0,-9,-14,-184
22774,246,-175,-8154,0,-9,-14,-184
22775,247,-175,-8154,0,-8,-14,-184
22776,248,-175,-8154,0,-7,-14,-160
22777,249,-175,-8154,0,-7,-14,543
22778,250,-175,-8154,0,-6,-14,751
22779,251,-186,-9112,-958,5,11,751
22780,252,-186,-9112,0,5,11,751
22781,253,-186,-9112,0,5,11,751
22782,254,-186,-9112,0,4,11,751
22783,255,-186,-9112,0,4,11,751
22784,0,-186,-9112,0,4,11,751
22785,1,-186,-9112,0,4,11,751
22786,2,-178,-8979,133,-4,3,751
22787,3,-182,-9079,-100,0,-4,751
22788,4,-178,-8979,100,-4,-8,751
22789,5,-178,-9079,-100,-4,-8,751
22790,6,-175,-8154,925,-6,-11,751
22791,7,-175,-8154,0,-6,-11,751
22792,8,-175,-8154,0,-6,-11,751
22793,9,-175,-8154,0,-5,-11,751
22794,10,-175,-8154,0,-5,-3,751
22795,11,-175,-8154,0,-4,-7,751
22796,12,-175,-8154,0,-4,-3,751
22797,13,-175,-8154,0,-4,-3,751
22798,14,-175,-8154,0,-3,0,751
22799,15,-175,-8154,0,-3,0,751
22800,16,-175,-8154,0,-3,0,751
22801,17,-175,-8154,0,-3,0,751
22802,18,-175,-8154,0,-2,0,751
22803,19,-175,-8154,0,-2,0,751
22804,20,-175,-8154,0,-2,0,751
22805,21,-175,-8154,0,-2,0,751
22806,22,-175,-8154,0,-2,0,751
22807,23,-175,-8154,0,-2,0,751
22808,24,-175,-8154,0,-1,0,751
22809,25,-175,-8154,0,-1,0,751
22810,26,-175,-8154,0,-1,0,751
22811,27,-175,-8154,0,-1,0,751
22812,28,-175,-8154,0,-1,0,751
22813,29,-175,-8154,0,-1,0,751
22814,30,-175,-8154,0,-1,0,751
22815,31,-175,-8154,0,-1,0,751
22816,32,-175,-8153,1,0,0,751
22817,33,-175,-8153,0,0,0,751
22818,34,-175,-8153,0,0,0,751
22819,35,-175,-8153,0,0,0,751
22820,36,-175,-8153,0,0,0,751
22821,37,-175,-8153,0,0,0,751
22822,38,-175,-8153,0,0,0,751
22823,39,-175,-8153,0,0,0,751
22824,40,-175,-8153,0,0,0,751
22825,41,-175,-8153,0,0,0,751
22826,42,-175,-8153,0,0,0,751
22827,43,-175,-8153,0,0,0,751
22828,44,-175,-8153,0,0,0,751
22829,45,-175,-8153,0,0,0,751
22830,46,-175,-8153,0,0,0,751
22831,47,-175,-8153,0,0,0,751
22832,48,-177,-9079,-926,2,2,751
22833,49,-175,-8153,926,0,0,751
22834,50,-177,-9079,-926,2,2,751
22835,51,-182,-9079,0,7,7,751
22836,52,-182,-9079,0,7,7,751
22837,53,-175,-8153,926,0,0,751
22838,54,-175,-8153,0,0,0,751
22839,55,-175,-8153,0,0,0,751
22840,56,-175,-8153,0,0,-2,855
22841,57,-178,-9079,-926,3,3,855
22842,58,-181,-9169,-90,6,4,855
22843,59,-181,-9169,0,5,-1,855
22844,60,-178,-8979,190,2,-4,855
22845,61,-178,-9079,-100,2,3,855
22846,62,-175,-8153,926,-1,0,855
22847,63,-175,-8153,0,-1,0,855
22848,64,-175,-8153,0,-1,0,855
22849,65,-180,-9169,-1016,4,2,855
22850,66,-185,-9159,10,9,4,855
22851,67,-185,-9159,0,9,4,855
22852,68,-185,-9159,0,8,7,855
22853,69,-185,-9159,0,8,7,855
22854,70,-185,-9159,0,7,10,855
22855,71,-185,-9159,0,7,10,855
22856,72,-180,-9167,-8,2,5,855
22857,73,-180,-9167,0,2,0,855
22858,74,-180,-9167,0,1,-5,855
22859,75,-180,-9167,0,1,-5,855
22860,76,-180,-9167,0,1,-5,855
22861,77,-180,-9167,0,1,-5,855
22862,78,-180,-9167,0,1,-5,855
22863,79,-180,-9167,0,1,-5,855
22864,80,-180,-9167,0,1,0,855
22865,81,-180,-9177,-10,1,0,855
22866,82,-180,-9177,0,1,0,855
22867,83,-185,-9056,121,6,5,855
22868,84,-180,-9177,-121,1,0,855
22869,85,-186,-9056,121,7,6,855
22870,86,-186,-8956,100,7,6,855
22871,87,-186,-9056,-100,6,6,855
22872,88,-190,-8179,877,10,10,855
22873,89,-190,-8179,0,9,10,907
22874,90,-190,-8179,0,9,10,907
22875,91,-190,-8169,10,8,5,907
22876,92,-190,-8046,123,8,10,907
22877,93,-190,-8046,0,8,4,907
22878,94,-190,-8046,0,7,4,907
22879,95,-190,-8056,-10,7,4,907
22880,96,-190,-8056,0,6,0,907
22881,97,-190,-8056,0,6,0,907
22882,98,-190,-8179,-123,6,0,907
22883,99,-190,-8179,0,5,0,907
22884,100,-190,-8179,0,5,0,907
22885,101,-186,-9079,-900,1,-4,34
22886,102,-186,-9079,0,1,-4,34
22887,103,-186,-9079,0,1,-4,34
22888,104,-186,-9079,0,1,-4,34
22889,105,-180,-9177,-98,-5,-10,317
22890,106,-180,-9177,0,-5,-10,317
22891,107,-180,-9177,0,-4,-10,317
22892,108,-186,-9079,98,2,-4,317
22893,109,-180,-9177,-98,-4,-6,117
22894,110,-180,-9177,0,-4,-6,117
22895,111,-180,-9177,0,-3,-6,117
22896,112,-186,-9079,98,3,0,117
22897,113,-186,-9079,0,3,6,117
22898,114,-187,-9079,0,4,7,117
22899,115,-187,-9069,10,3,7,117
22900,116,-187,-9069,0,3,1,117
22901,117,-187,-9169,-100,3,7,117
22902,118,-187,-9069,100,3,7,117
22903,119,-187,-9079,-10,3,7,117
22904,120,-187,-9079,0,3,1,117
22905,121,-187,-9104,-25,3,1,7
22906,122,-187,-9104,0,2,0,7
22907,123,-187,-9106,-2,2,0,-110
22908,124,-187,-9106,0,2,0,-195
22909,125,-187,-9106,0,2,0,-115
22910,126,-189,-9079,27,4,2,-115
22911,127,-190,-9169,-90,5,3,-115
22912,128,-190,-9169,0,5,3,-115
22913,129,-190,-9169,0,4,3,-115
22914,130,-190,-9169,0,4,3,-115
22915,131,-190,-9169,0,4,3,-115
22916,132,-190,-9169,0,4,3,-115
22917,133,-190,-9169,0,4,3,-115
22918,134,-190,-9169,0,3,1,-115
22919,135,-190,-9169,0,3,0,80
22920,136,-190,-9169,0,3,0,480
22921,137,-190,-9169,0,3,0,381
22922,138,-195,-8848,321,8,5,381
22923,139,-195,-8848,0,7,5,381
22924,140,-195,-8848,0,7,5,381
22925,141,-195,-8848,0,7,5,381
22926,142,-195,-8848,0,6,5,381
22927,143,-195,-8848,0,6,5,381
22928,144,-195,-8848,0,6,5,371
22929,145,-196,-9169,-321,6,6,371
22930,146,-195,-8848,321,5,0,371
22931,147,-195,-8848,0,5,0,371
22932,148,-195,-8848,0,5,0,371
22933,149,-186,-8979,-131,-5,-9,-247
22934,150,-186,-8979,0,-4,-9,-247
22935,151,-186,-8979,0,-4,-9,-247
22936,152,-186,-8979,0,-4,-9,-247
22937,153,-186,-8979,0,-3,-10,-247
22938,154,-186,-8979,0,-3,-9,-247
22939,155,-186,-8979,0,-3,-9,-247
22940,156,-186,-8979,0,-3,-9,-247
22941,157,-186,-8979,0,-2,0,-247
22942,158,-186,-8979,0,-2,0,-247
22943,159,-186,-8979,0,-2,0,-247
22944,160,-186,-8979,0,-2,0,-410
22945,161,-188,-9079,-100,0,2,-410
22946,162,-188,-8979,100,0,2,-410
22947,163,-189,-9169,-190,1,3,-410
22948,164,-189,-9169,0,1,3,-410
22949,165,-188,-9079,90,0,2,-410
22950,166,-186,-8979,100,-2,0,-410
22951,167,-186,-8979,0,-1,0,-410
22952,168,-186,-8979,0,-1,0,-410
22953,169,-186,-8979,0,-1,-2,-410
22954,170,-186,-8979,0,-1,-2,-410
22955,171,-186,-8979,0,-1,-3,-410
22956,172,-186,-8979,0,-1,-3,-410
22957,173,-186,-8979,0,-1,-2,-410
22958,174,-186,-8979,0,-1,0,-410
22959,175,-186,-8979,0,0,0,-410
22960,176,-186,-8979,0,0,0,-317
22961,177,-186,-8979,0,0,0,783
22962,178,-187,-9079,-100,1,1,783
22963,179,-188,-9169,-90,2,2,783
22964,180,-188,-9169,0,2,2,783
22965,181,-187,-9079,90,1,1,783
22966,182,-186,-8979,100,0,0,783
22967,183,-186,-8979,0,0,0,783
22968,184,-190,-8679,300,4,4,783
22969,185,-190,-8679,0,4,4,783
22970,186,-190,-8679,0,3,3,983
22971,187,-190,-8679,0,3,2,1558
22972,188,-194,-9079,-400,7,6,1558
22973,189,-194,-9079,0,7,7,1558
22974,190,-194,-9079,0,6,8,1558
22975,191,-190,-8679,400,2,4,1558
22976,192,-190,-8679,0,2,0,1483
22977,193,-190,-8679,0,2,0,1514
22978,194,-192,-9079,-400,4,2,1514
22979,195,-195,-9169,-90,7,5,1514
22980,196,-195,-9169,0,6,1,1514
22981,197,-195,-9169,0,6,1,1514
22982,198,-195,-9169,0,6,1,1514
22983,199,-195,-9169,0,5,5,1514
22984,200,-195,-9169,0,5,5,1514
22985,201,-192,-9079,90,2,2,1514
22986,202,-192,-9079,0,2,0,1616
22987,203,-194,-9079,0,4,-1,1616
22988,204,-194,-8979,100,4,-1,1616
22989,205,-196,-9169,-190,5,1,1616
22990,206,-196,-9169,0,5,1,1616
22991,207,-194,-8979,190,3,-1,1616
22992,208,-194,-8979,0,3,-1,1616
22993,209,-196,-9079,-100,5,4,1616
22994,210,-196,-8979,100,4,4,1616
22995,211,-197,-9169,-190,5,3,1616
22996,212,-197,-9169,0,5,3,1616
22997,213,-196,-8979,190,4,0,1616
22998,214,-196,-8979,0,3,0,1616
22999,215,-196,-9079,-100,3,2,1616
23000,216,-196,-9079,0,3,2,1616
23001,217,-194,-9079,0,1,-2,1616
23002,218,-190,-8679,400,-3,-6,1616
23003,219,-190,-8679,0,-3,-7,1616
23004,220,-190,-8679,0,-2,-7,1616
23005,221,-190,-8579,100,-2,-6,1616
23006,222,-190,-8579,0,-2,-6,1616
23007,223,-190,-8579,0,-2,-6,1616
23008,224,-190,-8579,0,-2,-6,1616
23009,225,-190,-8574,5,-2,-4,1616
23010,226,-190,-9074,-500,-1,0,1016
23011,227,-190,-9174,-100,-1,0,716
23012,228,-186,-8979,195,-5,-4,211
23013,229,-186,-8979,0,-5,-4,211
23014,230,-186,-8979,0,-4,-4,211
23015,231,-186,-8979,0,-4,-4,211
23016,232,-186,-8979,0,-4,-4,211
23017,233,-186,-9079,-100,-3,-4,211
23018,234,-186,-9079,0,-3,-4,212
23019,235,-188,-9079,0,-1,-2,212
23020,236,-189,-9169,-90,0,3,212
23021,237,-189,-9169,0,0,3,212
23022,238,-189,-9169,0,0,3,212
23023,239,-189,-9169,0,0,3,212
23024,240,-191,-9079,90,2,5,212
23025,241,-191,-8979,100,2,5,212
23026,242,-191,-9079,-100,2,5,212
23027,243,-191,-9079,0,2,3,212
23028,244,-191,-9079,0,2,2,212
23029,245,-197,-9079,0,8,8,212
23030,246,-191,-9079,0,2,2,212
23031,247,-191,-9079,0,2,2,212
23032,248,-197,-9079,0,8,6,212
23033,249,-197,-9174,-95,7,6,448
23034,250,-197,-9074,100,7,6,448
23035,251,-197,-9074,0,6,6,448
23036,252,-197,-9074,0,6,6,448
23037,253,-197,-9074,0,6,0,448
23038,254,-197,-9074,0,5,6,448
23039,255,-197,-9079,-5,5,6,423
23040,0,-197,-9174,-95,5,0,228
23041,1,-197,-9074,100,5,0,228
23042,2,-197,-9074,0,4,0,228
23043,3,-198,-9079,-5,5,1,228
23044,4,-198,-9069,10,5,1,228
23045,5,-198,-9169,-100,5,1,228
23046,6,-198,-9169,0,4,1,228
23047,7,-198,-9169,0,4,1,228
23048,8,-197,-9074,95,3,0,228
23049,9,-197,-9074,0,3,0,228
23050,10,-199,-9079,-5,5,2,228
23051,11,-199,-8979,100,5,1,228
23052,12,-200,-9169,-190,5,2,228
23053,13,-200,-9169,0,5,2,228
23054,14,-199,-8979,190,4,1,228
23055,15,-199,-8979,0,4,1,228
23056,16,-199,-8979,0,3,2,228
23057,17,-199,-8979,0,3,2,228
23058,18,-199,-8979,0,3,0,228
23059,19,-199,-8979,0,3,0,228
23060,20,-199,-8979,0,3,-1,228
23061,21,-199,-8979,0,3,-1,228
23062,22,-199,-8979,0,3,0,228
23063,23,-199,-8979,0,3,0,228
23064,24,-199,-8979,0,2,0,228
23065,25,-199,-8979,0,2,0,228
23066,26,-199,-8979,0,2,0,228
23067,27,-199,-8979,0,2,0,228
23068,28,-199,-8979,0,2,0,228
23069,29,-199,-8979,0,2,0,-227
23070,30,-199,-9079,-100,2,0,-227
23071,31,-197,-9074,5,0,-2,-227
23072,32,-197,-9074,0,0,-2,-172
23073,33,-197,-9074,0,0,-2,-158
23074,34,-197,-9074,0,0,-2,-228
23075,35,-199,-9079,-5,2,0,-228
23076,36,-199,-8979,100,2,0,-228
23077,37,-199,-9079,-100,2,0,-228
23078,38,-199,-9079,0,2,0,-228
23079,39,-199,-9079,0,2,2,-228
23080,40,-199,-9079,0,2,2,-313
23081,41,-199,-9079,0,2,2,202
23082,42,-199,-9079,0,2,2,342
23083,43,-200,-9079,0,3,1,342
23084,44,-200,-9079,0,3,1,342
23085,45,-200,-9079,0,2,1,342
23086,46,-199,-9079,0,1,0,247
23087,47,-199,-9079,0,1,0,247
23088,48,-199,-9079,0,1,0,247
23089,49,-199,-9079,0,1,0,247
23090,50,-199,-9079,0,1,0,247
23091,51,-199,-9079,0,1,-1,247
23092,52,-199,-9079,0,1,-1,247
23093,53,-199,-9079,0,1,-1,247
23094,54,-199,-9079,0,1,0,260
23095,55,-199,-9079,0,1,0,245
23096,56,-197,-9074,5,-1,-2,245
23097,57,-197,-9074,0,-1,-2,350
23098,58,-198,-9079,-5,1,-1,350
23099,59,-198,-8979,100,1,-1,350
23100,60,-198,-9079,-100,1,-1,350
23101,61,-198,-9079,0,1,-1,415
23102,62,-198,-9079,0,1,-1,550
23103,63,-198,-9079,0,1,-1,550
23104,64,-198,-9079,0,1,1,470
23105,65,-197,-9074,5,0,0,470
23106,66,-197,-9074,0,0,-1,410
23107,67,-197,-9074,0,0,-1,410
23108,68,-199,-9079,-5,2,1,410
23109,69,-199,-8979,100,2,1,410
23110,70,-200,-9169,-190,3,2,410
23111,71,-200,-9169,0,2,2,410
23112,72,-199,-8979,190,1,1,410
23113,73,-199,-8979,0,1,2,410
23114,74,-199,-8979,0,1,2,410
23115,75,-199,-8979,0,1,2,410
23116,76,-199,-8979,0,1,0,410
23117,77,-199,-8979,0,1,0,410
23118,78,-199,-8979,0,1,-1,410
23119,79,-199,-8979,0,1,-1,410
23120,80,-199,-9079,-100,1,0,410
23121,81,-197,-9074,5,-1,-2,410
23122,82,-197,-9074,0,-1,-2,490
23123,83,-197,-9074,0,0,-2,425
23124,84,-197,-9074,0,0,-2,415
23125,85,-197,-9074,0,0,-2,395
23126,86,-197,-9074,0,0,-2,395
23127,87,-197,-9074,0,0,-2,430
23128,88,-197,-9074,0,0,-2,430
23129,89,-201,-9169,-95,4,4,430
23130,90,-201,-9169,0,4,4,430
23131,91,-197,-9074,95,0,0,380
23132,92,-197,-9074,0,0,0,380
23133,93,-197,-9074,0,0,0,380
23134,94,-197,-9074,0,0,0,380
23135,95,-197,-9074,0,0,0,380
23136,96,-197,-9074,0,0,0,380
23137,97,-201,-9169,-95,4,0,380
23138,98,-197,-9074,95,0,-4,380
23139,99,-197,-9074,0,0,0,380
23140,100,-197,-9074,0,0,0,380
23141,101,-197,-9074,0,0,0,530
23142,102,-197,-9074,0,0,0,615
23143,103,-199,-9079,-5,2,2,615
23144,104,-200,-9169,-90,3,3,615
23145,105,-200,-9169,0,3,-1,615
23146,106,-200,-9169,0,3,3,615
23147,107,-199,-8979,190,2,2,600
23148,108,-199,-8979,0,2,2,600
23149,109,-199,-8979,0,1,2,600
23150,110,-199,-8979,0,1,2,600
23151,111,-199,-8979,0,1,0,600
23152,112,-199,-8979,0,1,-1,600
23153,113,-199,-8979,0,1,-1,600
23154,114,-199,-8979,0,1,-1,600
23155,115,-199,-8979,0,1,0,600
23156,116,-199,-9079,-100,1,0,600
23157,117,-199,-9079,0,1,0,600
23158,118,-197,-9074,5,-1,-2,600
23159,119,-197,-9074,0,0,-2,600
23160,120,-197,-9074,0,0,-2,600
23161,121,-197,-9074,0,0,-2,600
23162,122,-197,-9074,0,0,-2,550
23163,123,-197,-9074,0,0,-2,525
23164,124,-197,-9074,0,0,-2,515
23165,125,-197,-9074,0,0,-2,490
23166,126,-204,-9158,-84,7,7,490
23167,127,-204,-9158,0,7,7,490
23168,128,-204,-9158,0,6,7,490
23169,129,-204,-9158,0,6,7,490
23170,130,-199,-8979,179,1,2,369
23171,131,-199,-8979,0,1,2,369
23172,132,-199,-8979,0,1,2,369
23173,133,-199,-9079,-100,1,2,369
23174,134,-199,-9079,0,1,-5,369
23175,135,-199,-9079,0,1,-5,369
23176,136,-199,-9084,-5,1,-5,264
23177,137,-197,-9074,10,-1,-7,264
23178,138,-197,-9074,0,-1,-2,264
23179,139,-197,-9074,0,-1,-2,264
23180,140,-197,-9074,0,-1,-2,264
23181,141,-197,-9074,0,-1,-2,264
23182,142,-200,-8179,895,2,1,264
23183,143,-200,-8179,0,2,1,264
23184,144,-200,-8179,0,2,1,264
23185,145,-200,-9138,-959,2,3,-710
23186,146,-200,-8138,1000,2,3,-710
23187,147,-200,-8179,-41,2,3,-761
23188,148,-200,-8697,-518,2,3,-1289
23189,149,-200,-8697,0,2,3,-1289
23190,150,-200,-8697,0,2,0,-1289
23191,151,-200,-8697,0,2,0,-1289
23192,152,-200,-8697,0,2,0,-1289
23193,153,-200,-8697,0,2,0,-1289
23194,154,-200,-8697,0,1,0,-1289
23195,155,-200,-8697,0,1,0,-634
23196,156,-201,-9079,-382,2,1,-634
23197,157,-201,-9079,0,2,1,-634
23198,158,-200,-8697,382,1,0,-634
23199,159,-200,-8697,0,1,0,-634
23200,160,-200,-8697,0,1,0,-634
23201,161,-200,-8697,0,1,0,-634
23202,162,-200,-8697,0,1,0,-634
23203,163,-200,-8697,0,1,0,-634
23204,164,-200,-8697,0,1,-1,-634
23205,165,-200,-8697,0,1,-1,-634
23206,166,-200,-8997,-300,1,0,-924
23207,167,-200,-8997,0,1,0,-924
23208,168,-200,-8997,0,1,0,-924
23209,169,-197,-9074,-77,-2,-3,-1156
23210,170,-197,-9074,0,-2,-3,-1156
23211,171,-197,-9074,0,-1,-3,-1156
23212,172,-197,-9074,0,-1,-3,-1156
23213,173,-200,-8179,895,2,0,-1156
23214,174,-200,-8179,0,2,0,-1156
23215,175,-200,-8279,-100,2,0,-1356
23216,176,-200,-8279,0,2,0,-1356
23217,177,-200,-8279,0,2,3,-1356
23218,178,-200,-8279,0,2,3,-1356
23219,179,-200,-8279,0,1,3,-1356
23220,180,-200,-8289,-10,1,3,-1356
23221,181,-200,-8292,-3,1,0,-1369
23222,182,-200,-8292,0,1,0,-1369
23223,183,-200,-8592,-300,1,0,-1679
23224,184,-200,-8592,0,1,0,-1679
23225,185,-200,-8592,0,1,0,-1679
23226,186,-200,-8622,-30,1,0,-1724
23227,187,-200,-8622,0,1,0,-1724
23228,188,-200,-8622,0,1,0,-1634
23229,189,-201,-9079,-457,2,1,-1634
23230,190,-201,-9079,0,2,1,-549
23231,191,-200,-8622,457,1,0,-549
23232,192,-202,-9079,-457,3,2,-549
23233,193,-203,-9169,-90,4,3,-549
23234,194,-202,-9079,90,3,2,-549
23235,195,-200,-8622,457,1,0,-549
23236,196,-205,-9079,-457,6,5,-549
23237,197,-205,-9128,-49,6,4,-577
23238,198,-205,-9028,100,5,4,-577
23239,199,-205,-9030,-2,5,5,-574
23240,200,-205,-9079,-49,5,3,336
23241,201,-200,-8622,457,-1,-3,277
23242,202,-200,-8622,0,0,-2,277
23243,203,-205,-9079,-457,5,5,277
23244,204,-205,-9079,0,4,0,277
23245,205,-205,-9079,0,4,0,277
23246,206,-205,-9128,-49,4,0,746
23247,207,-205,-9028,100,4,0,746
23248,208,-205,-8528,500,4,0,746
23249,209,-205,-8528,0,3,5,811
23250,210,-205,-8528,0,3,5,726
23251,211,-205,-8528,0,3,0,1056
23252,212,-206,-9169,-641,4,1,1056
23253,213,-206,-9069,100,4,1,1056
23254,214,-206,-9079,-10,4,1,1056
23255,215,-205,-8528,551,2,0,1056
23256,216,-205,-8528,0,2,0,1056
23257,217,-205,-8528,0,2,0,1056
23258,218,-205,-8579,-51,2,0,1187
23259,219,-205,-8652,-73,2,0,1214
23260,220,-205,-8552,100,2,-1,1214
23261,221,-205,-8552,0,2,-1,1214
23262,222,-205,-8552,0,2,-1,1214
23263,223,-205,-8552,0,2,0,1214
23264,224,-205,-8552,0,2,0,1214
23265,225,-205,-8552,0,2,0,1214
23266,226,-205,-8552,0,2,0,1214
23267,227,-205,-8552,0,2,0,1214
23268,228,-205,-8552,0,2,0,1214
23269,229,-205,-8552,0,2,0,1214
23270,230,-205,-8552,0,1,0,1214
23271,231,-205,-8552,0,1,0,1214
23272,232,-205,-8552,0,1,0,1214
23273,233,-205,-8552,0,1,0,1214
23274,234,-205,-9052,-500,1,0,1214
23275,235,-205,-9052,0,1,0,1324
23276,236,-206,-9169,-117,2,1,1324
23277,237,-206,-9169,0,2,1,1324
23278,238,-205,-9052,117,1,0,1324
23279,239,-205,-9052,0,1,0,1324
23280,240,-205,-9052,0,1,0,1324
23281,241,-205,-9052,0,1,0,1324
23282,242,-205,-9152,-100,1,0,1324
23283,243,-200,-8622,530,-4,-5,1324
23284,244,-200,-8622,0,-3,-6,1324
23285,245,-200,-8622,0,-3,-6,1324
23286,246,-200,-8622,0,-3,-5,1324
23287,247,-200,-8622,0,-3,-5,1324
23288,248,-200,-8622,0,-2,-5,1324
23289,249,-200,-8622,0,-2,-5,1324
23290,250,-200,-8622,0,-2,-5,1324
23291,251,-200,-8622,0,-2,0,1324
23292,252,-200,-8622,0,-2,0,1324
23293,253,-200,-8622,0,-1,0,1324
23294,254,-200,-8622,0,-1,0,1324
23295,255,-200,-8622,0,-1,0,1324
23296,0,-200,-8622,0,-1,0,1357
23297,1,-200,-8622,0,-1,0,1357
23298,2,-200,-8622,0,-1,0,1357
23299,3,-200,-8622,0,-1,0,1357
23300,4,-200,-8622,0,-1,0,1357
23301,5,-200,-8622,0,0,0,1357
23302,6,-200,-8622,0,0,0,1357
23303,7,-200,-8622,0,0,0,1357
23304,8,-200,-8622,0,0,0,1357
23305,9,-200,-8699,-77,0,0,1580
23306,10,-200,-8699,0,0,0,1580
23307,11,-200,-8699,0,0,0,1580
23308,12,-200,-8699,0,0,0,1580
23309,13,-200,-8699,0,0,0,1580
23310,14,-200,-8699,0,0,0,1580
23311,15,-200,-8699,0,0,0,1580
23312,16,-200,-8699,0,0,0,1620
23313,17,-200,-9099,-400,0,0,1120
23314,18,-200,-8099,1000,0,0,1120
23315,19,-200,-8177,-78,0,0,-58
23316,20,-200,-8179,-2,0,0,-11
23317,21,-200,-8277,-98,0,0,-107
23318,22,-200,-8282,-5,0,0,-63
23319,23,-200,-8287,-5,0,0,32
23320,24,-200,-8287,0,0,0,32
23321,25,-197,-9074,-787,-3,-3,-811
23322,26,-197,-9074,0,-2,-3,-811
23323,27,-197,-9074,0,-2,-3,-811
23324,28,-200,-8505,569,1,0,-811
23325,29,-200,-8505,0,1,0,-811
23326,30,-200,-8505,0,1,0,-811
23327,31,-197,-9074,-569,-2,-3,-1565
23328,32,-197,-9074,0,-2,-3,-1565
23329,33,-197,-9074,0,-2,0,-1565
23330,34,-197,-9074,0,-1,0,-1565
23331,35,-197,-9074,0,-1,0,-1565
23332,36,-197,-9074,0,-1,-3,-1565
23333,37,-197,-9074,0,-1,-3,-1565
23334,38,-197,-9074,0,-1,-3,-1565
23335,39,-197,-9074,0,-1,0,-1565
23336,40,-197,-9074,0,-1,0,-1565
23337,41,-197,-9074,0,-1,0,-1565
23338,42,-197,-9074,0,0,0,-1565
23339,43,-197,-9074,0,0,0,-1565
23340,44,-197,-9074,0,0,0,-1565
23341,45,-197,-9074,0,0,0,-1565
23342,46,-197,-9074,0,0,0,-1565
23343,47,-197,-9074,0,0,0,-1565
23344,48,-197,-9074,0,0,0,-1565
23345,49,-197,-9074,0,0,0,-1565
23346,50,-197,-9074,0,0,0,-1565
23347,51,-197,-9074,0,0,0,-1565
23348,52,-197,-9074,0,0,0,-1565
23349,53,-200,-8179,895,3,3,-1565
23350,54,-200,-8279,-100,3,3,-2285
23351,55,-200,-8279,0,3,3,-2265
23352,56,-200,-8779,-500,3,3,-2714
23353,57,-200,-8779,0,3,3,-2640
23354,58,-200,-8879,-100,3,3,-2840
23355,59,-200,-9129,-250,2,3,-3120
23356,60,-200,-8129,1000,2,3,-3120
23357,61,-200,-8179,-50,2,0,-3093
23358,62,-200,-8229,-50,2,0,-3153
23359,63,-200,-8329,-100,2,0,-2853
23360,64,-200,-8329,0,2,0,-2766
23361,65,-200,-8429,-100,2,0,-2864
23362,66,-200,-8429,0,2,0,-2864
23363,67,-200,-8454,-25,2,0,-2791
23364,68,-200,-8454,0,2,0,-2791
23365,69,-200,-8454,0,2,0,-2791
23366,70,-200,-8454,0,2,0,-2791
23367,71,-200,-8454,0,2,0,-2791
23368,72,-200,-8454,0,2,0,-2791
23369,73,-200,-8454,0,2,0,-2686
23370,74,-200,-8454,0,1,0,-2581
23371,75,-197,-9074,-620,-2,-3,-2414
23372,76,-197,-9074,0,-1,-3,-2414
23373,77,-197,-9074,0,-1,-3,-2414
23374,78,-197,-9074,0,-1,-3,-2414
23375,79,-197,-9074,0,-1,-3,-2414
23376,80,-197,-9074,0,-1,-3,-2414
23377,81,-197,-9074,0,-1,-3,-2414
23378,82,-197,-9074,0,-1,-3,-2414
23379,83,-197,-9074,0,-1,0,-1690
23380,84,-197,-9074,0,0,0,-1690
23381,85,-197,-9074,0,0,0,-1690
23382,86,-197,-9074,0,0,0,-1275
23383,87,-197,-9074,0,0,0,-1201
23384,88,-197,-9074,0,0,0,-601
23385,89,-197,-9074,0,0,0,-601
23386,90,-198,-9079,-5,1,1,-601
23387,91,-198,-8979,100,1,1,-601
23388,92,-198,-8969,10,1,1,-601
23389,93,-198,-8969,0,1,1,-601
23390,94,-198,-8969,0,1,1,-601
23391,95,-205,-9079,-110,8,8,-601
23392,96,-205,-9079,0,7,8,-601
23393,97,-205,-9079,0,7,8,-601
23394,98,-198,-8969,110,0,0,-601
23395,99,-198,-8979,-10,0,0,-601
23396,100,-205,-9079,-100,7,7,-601
23397,101,-205,-9079,0,6,7,-601
23398,102,-205,-9079,0,6,7,-601
23399,103,-205,-9079,0,6,0,-601
23400,104,-205,-9079,0,5,0,-601
23401,105,-205,-9079,0,5,0,-601
23402,106,-205,-9079,0,5,7,-601
23403,107,-205,-9079,0,5,7,-601
23404,108,-197,-9074,5,-4,-8,-451
23405,109,-197,-9074,0,-3,-8,-451
23406,110,-205,-9079,-5,5,0,-451
23407,111,-205,-9079,0,5,0,-451
23408,112,-197,-9074,5,-4,-8,-501
23409,113,-197,-9074,0,-3,-8,-501
23410,114,-197,-9074,0,-3,-8,-501
23411,115,-197,-9074,0,-3,-8,-432
23412,116,-198,-9079,-5,-2,1,-432
23413,117,-198,-9079,0,-1,1,-432
23414,118,-197,-9074,5,-2,-8,-432
23415,119,-197,-9074,0,-2,-8,-432
23416,120,-197,-9074,0,-2,0,-432
23417,121,-197,-9074,0,-2,0,-432
23418,122,-197,-9074,0,-2,0,-432
23419,123,-197,-9074,0,-1,0,-432
23420,124,-197,-9074,0,-1,-1,-432
23421,125,-197,-9074,0,-1,-1,-432
23422,126,-197,-9074,0,-1,0,-432
23423,127,-197,-9074,0,-1,0,-432
23424,128,-197,-9074,0,-1,0,-432
23425,129,-197,-9074,0,-1,0,-432
23426,130,-197,-9074,0,-1,0,-432
23427,131,-197,-9074,0,0,0,-432
23428,132,-197,-9074,0,0,0,-432
23429,133,-197,-9074,0,0,0,-432
23430,134,-197,-9074,0,0,0,-432
23431,135,-197,-9074,0,0,0,-432
23432,136,-197,-9074,0,0,0,-432
23433,137,-197,-9074,0,0,0,-432
23434,138,-197,-9074,0,0,0,-224
23435,139,-198,-9079,-5,1,1,-224
23436,140,-198,-8979,100,1,1,-224
23437,141,-199,-9169,-190,2,2,-224
23438,142,-199,-9169,0,2,2,-224
23439,143,-199,-9169,0,2,2,-224
23440,144,-198,-8979,190,1,1,-224
23441,145,-198,-9079,-100,1,1,-224
23442,146,-197,-9074,5,0,0,-224
23443,147,-197,-9074,0,0,-1,767
23444,148,-199,-9079,-5,2,1,767
23445,149,-199,-8979,100,2,0,767
23446,150,-201,-9169,-190,4,2,767
23447,151,-201,-9169,0,4,2,767
23448,152,-201,-9169,0,3,3,767
23449,153,-201,-9169,0,3,3,967
23450,154,-203,-9079,90,5,6,967
23451,155,-203,-8979,100,5,6,967
23452,156,-203,-8979,0,5,4,967
23453,157,-203,-8979,0,4,4,967
23454,158,-203,-8979,0,4,2,967
23455,159,-203,-9079,-100,4,2,967
23456,160,-203,-8979,100,4,2,967
23457,161,-203,-9079,-100,4,2,967
23458,162,-203,-8979,100,3,0,967
23459,163,-203,-8979,0,3,0,967
23460,164,-203,-8979,0,3,0,967
23461,165,-203,-8979,0,3,0,967
23462,166,-203,-9079,-100,3,0,967
23463,167,-197,-9074,5,-3,-6,967
23464,168,-197,-9074,0,-3,-6,967
23465,169,-197,-9074,0,-3,-6,967
23466,170,-197,-9074,0,-2,-6,967
23467,171,-197,-9074,0,-2,-6,993
23468,172,-197,-9074,0,-2,-6,993
23469,173,-197,-9074,0,-2,-6,993
23470,174,-197,-9074,0,-2,-6,993
23471,175,-197,-9074,0,-2,0,993
23472,176,-197,-9074,0,-1,0,993
23473,177,-197,-9074,0,-1,0,993
23474,178,-197,-9074,0,-1,0,993
23475,179,-197,-9074,0,-1,0,993
23476,180,-197,-9074,0,-1,0,993
23477,181,-197,-9074,0,-1,0,993
23478,182,-197,-9074,0,-1,0,993
23479,183,-197,-9074,0,-1,0,993
23480,184,-197,-9074,0,0,0,993
23481,185,-197,-9074,0,0,0,993
23482,186,-197,-9074,0,0,0,993
23483,187,-197,-9074,0,0,0,993
23484,188,-197,-9074,0,0,0,993
23485,189,-197,-9074,0,0,0,993
23486,190,-197,-9074,0,0,0,1100
23487,191,-198,-9079,-5,1,1,1100
23488,192,-198,-8979,100,1,1,1100
23489,193,-199,-9169,-190,2,2,1100
23490,194,-199,-9169,0,2,2,1100
23491,195,-199,-9169,0,2,2,1100
23492,196,-201,-9079,90,4,4,1100
23493,197,-201,-8979,100,4,4,1100
23494,198,-201,-9079,-100,3,4,1100
23495,199,-201,-8979,100,3,3,1100
23496,200,-201,-8979,0,3,3,1100
23497,201,-201,-8979,0,3,2,1100
23498,202,-201,-8979,0,3,2,1100
23499,203,-201,-9079,-100,3,2,1100
23500,204,-198,-8979,100,0,-3,1100
23501,205,-198,-9079,-100,0,-3,1100
23502,206,-197,-9074,5,-1,-4,1100
23503,207,-197,-9074,0,-1,-4,1100
23504,208,-197,-9074,0,-1,-4,1100
23505,209,-197,-9074,0,-1,-4,1100
23506,210,-197,-9074,0,-1,-4,1100
23507,211,-197,-9074,0,-1,-4,1100
23508,212,-197,-9074,0,0,-1,1100
23509,213,-197,-9074,0,0,-1,1100
23510,214,-197,-9074,0,0,0,1100
23511,215,-197,-9074,0,0,0,1100
23512,216,-197,-9074,0,0,0,1020
23513,217,-197,-9074,0,0,0,1825
23514,218,-199,-9079,-5,2,2,1825
23515,219,-200,-9169,-90,3,3,1825
23516,220,-200,-9169,0,3,3,1825
23517,221,-200,-9169,0,3,3,1825
23518,222,-200,-9169,0,2,3,1825
23519,223,-200,-9169,0,2,3,1825
23520,224,-200,-9169,0,2,3,1825
23521,225,-200,-9169,0,2,3,1825
23522,226,-200,-9169,0,2,1,1825
23523,227,-197,-9074,95,-1,-3,1825
23524,228,-197,-9074,0,-1,-3,1781
23525,229,-199,-9079,-5,1,-1,1781
23526,230,-201,-9169,-90,3,1,1781
23527,231,-201,-9169,0,3,1,1781
23528,232,-201,-9069,100,3,1,1781
23529,233,-201,-9169,-100,3,1,1781
23530,234,-201,-9069,100,3,1,1781
23531,235,-201,-9169,-100,3,4,1781
23532,236,-201,-9069,100,3,4,1781
23533,237,-201,-9169,-100,2,2,1781
23534,238,-205,-8179,990,6,4,1781
23535,239,-205,-8179,0,6,4,1781
23536,240,-205,-8179,0,6,4,1566
23537,241,-205,-8179,0,5,4,1566
23538,242,-205,-8179,0,5,4,1566
23539,243,-205,-8180,-1,5,4,1441
23540,244,-205,-8180,0,5,4,1441
23541,245,-205,-8180,0,4,4,1441
23542,246,-197,-9074,-894,-4,-8,441
23543,247,-197,-9074,0,-3,-8,441
23544,248,-205,-8179,895,5,0,441
23545,249,-205,-8179,0,5,0,441
23546,250,-205,-8579,-400,4,0,141
23547,251,-205,-8679,-100,4,0,141
23548,252,-205,-8985,-306,4,0,-65
23549,253,-205,-8885,100,4,0,-65
23550,254,-205,-8889,-4,4,8,-88
23551,255,-205,-8889,0,3,8,-88
23552,0,-205,-8909,-20,3,0,-216
23553,1,-205,-9079,-170,3,0,-1386
23554,2,-197,-9074,5,-5,-8,-1586
23555,3,-197,-9074,0,-5,-8,-1586
23556,4,-197,-9074,0,-4,-8,-1586
23557,5,-197,-9074,0,-4,-8,-1586
23558,6,-205,-8179,895,4,0,-1586
23559,7,-205,-8179,0,4,0,-1586
23560,8,-197,-9074,-895,-4,-8,-1586
23561,9,-201,-9079,-5,0,-4,-1586
23562,10,-197,-9074,5,-4,0,-1586
23563,11,-201,-9079,-5,1,4,-1586
23564,12,-197,-9074,5,-3,0,-1586
23565,13,-205,-8909,165,5,8,-1586
23566,14,-205,-8909,0,5,0,-1586
23567,15,-205,-8909,0,4,0,-1586
23568,16,-205,-9069,-160,4,8,-1747
23569,17,-205,-9069,0,4,4,-1747
23570,18,-205,-9166,-97,4,8,-2051
23571,19,-205,-9166,0,4,4,-2051
23572,20,-205,-9166,0,3,8,-1971
23573,21,-205,-9166,0,3,0,-1951
23574,22,-206,-9169,-3,4,1,-1951
23575,23,-206,-9169,0,4,1,-1951
23576,24,-205,-9166,3,3,0,-1951
23577,25,-205,-9166,0,3,0,-1951
23578,26,-205,-9166,0,3,0,-1951
23579,27,-205,-9166,0,2,0,-1951
23580,28,-205,-9166,0,2,0,-1951
23581,29,-205,-9166,0,2,0,-1951
23582,30,-205,-9166,0,2,-1,-1951
23583,31,-205,-9166,0,2,-1,-1951
23584,32,-205,-9166,0,2,0,-1951
23585,33,-197,-9074,92,-6,-8,-1970
23586,34,-197,-9074,0,-6,-8,-1970
23587,35,-197,-9074,0,-5,-8,-1970
23588,36,-197,-9074,0,-5,-8,-1970
23589,37,-197,-9074,0,-4,-8,-1970
23590,38,-197,-9074,0,-4,-8,-1970
23591,39,-197,-9074,0,-4,-8,-1970
23592,40,-197,-9074,0,-3,-8,-1970
23593,41,-197,-9074,0,-3,0,-1970
23594,42,-197,-9074,0,-3,0,-1970
23595,43,-197,-9079,-5,-3,0,-2075
23596,44,-195,-9079,0,-4,-2,-2174
23597,45,-195,-9079,0,-4,-2,-2174
23598,46,-195,-9079,0,-4,-2,-2174
23599,47,-195,-9079,0,-4,-2,-2174
23600,48,-195,-9079,0,-3,-2,-2174
23601,49,-197,-9079,0,-1,0,-2174
23602,50,-197,-9079,0,-1,0,-2174
23603,51,-197,-9079,0,-1,0,-2174
23604,52,-197,-9079,0,-1,2,-2174
23605,53,-197,-9079,0,-1,2,-2174
23606,54,-197,-9079,0,0,2,-2174
23607,55,-197,-9022,57,0,2,-2174
23608,56,-197,-9022,0,0,2,-2174
23609,57,-197,-9022,0,0,0,-2174
23610,58,-197,-9022,0,0,0,-2174
23611,59,-197,-9022,0,0,0,-2174
23612,60,-197,-9022,0,0,0,-2174
23613,61,-197,-9022,0,0,0,-2174
23614,62,-197,-9022,0,0,0,-2174
23615,63,-197,-9022,0,0,0,-2074
23616,64,-199,-9079,-57,2,2,-2074
23617,65,-199,-8979,100,2,2,-2074
23618,66,-199,-8979,0,2,2,-2074
23619,67,-199,-8922,57,2,2,-2074
23620,68,-199,-8922,0,2,2,-2074
23621,69,-199,-8922,0,2,2,-2074
23622,70,-199,-9022,-100,2,2,-2074
23623,71,-199,-9122,-100,2,2,-2074
23624,72,-199,-9122,0,2,0,-2074
23625,73,-199,-9122,0,2,0,-2074
23626,74,-199,-9122,0,2,0,-2074
23627,75,-199,-9122,0,1,0,-2074
23628,76,-200,-8278,844,2,1,-2074
23629,77,-200,-8278,0,2,1,-2074
23630,78,-200,-8221,57,2,1,-2074
23631,79,-200,-8221,0,2,1,-2074
23632,80,-200,-8221,0,2,1,-2074
23633,81,-200,-8221,0,2,1,-2074
23634,82,-200,-8221,0,2,1,-2074
23635,83,-200,-8221,0,2,1,-2074
23636,84,-200,-8221,0,2,0,-2074
23637,85,-200,-8221,0,2,0,-2074
23638,86,-200,-9122,-901,2,0,-2074
23639,87,-200,-9122,0,2,0,-2074
23640,88,-200,-9122,0,2,0,-2074
23641,89,-200,-9122,0,2,0,-2074
23642,90,-200,-9122,0,2,0,-2074
23643,91,-200,-9122,0,1,0,-658
23644,92,-201,-9079,43,2,1,-658
23645,93,-201,-8979,100,2,1,-658
23646,94,-201,-8979,0,2,1,-658
23647,95,-201,-8922,57,2,1,-658
23648,96,-201,-8922,0,2,1,-158
23649,97,-203,-9079,-157,4,3,-158
23650,98,-203,-8979,100,4,3,-158
23651,99,-203,-8979,0,4,3,-158
23652,100,-203,-8922,57,4,2,-158
23653,101,-203,-8922,0,3,2,-158
23654,102,-203,-8922,0,3,2,-158
23655,103,-203,-9022,-100,3,2,-158
23656,104,-203,-9022,0,3,2,-158
23657,105,-205,-9079,-57,5,2,-158
23658,106,-205,-9079,0,5,2,-158
23659,107,-205,-9022,57,4,2,-158
23660,108,-205,-9122,-100,4,2,-158
23661,109,-205,-9122,0,4,2,65
23662,110,-205,-9122,0,4,2,471
23663,111,-206,-9079,43,5,3,471
23664,112,-206,-8979,100,4,3,471
23665,113,-206,-8979,0,4,1,471
23666,114,-206,-8922,57,4,1,471
23667,115,-206,-8922,0,4,1,471
23668,116,-206,-8922,0,4,1,471
23669,117,-206,-8922,0,3,1,471
23670,118,-206,-8922,0,3,1,471
23671,119,-206,-8922,0,3,0,471
23672,120,-206,-8922,0,3,0,471
23673,121,-206,-8922,0,3,0,471
23674,122,-206,-8922,0,3,0,471
23675,123,-206,-8922,0,3,0,471
23676,124,-206,-9022,-100,3,0,471
23677,125,-206,-9122,-100,2,0,375
23678,126,-203,-9079,43,-1,-3,338
23679,127,-201,-9079,0,-3,-5,408
23680,128,-199,-7106,1973,-4,-7,408
23681,129,-199,-7330,-224,-4,-7,344
23682,130,-199,-7330,0,-4,-7,344
23683,131,-199,-7330,0,-3,-7,344
23684,132,-199,-7330,0,-3,-7,344
23685,133,-199,-7330,0,-3,-7,344
23686,134,-199,-7330,0,-3,-4,344
23687,135,-199,-7330,0,-2,-2,344
23688,136,-199,-7330,0,-2,0,344
23689,137,-199,-7330,0,-2,0,344
23690,138,-199,-7330,0,-2,0,344
23691,139,-199,-7330,0,-2,0,344
23692,140,-199,-7330,0,-1,0,344
23693,141,-199,-7330,0,-1,0,344
23694,142,-199,-7330,0,-1,0,344
23695,143,-199,-7330,0,-1,0,344
23696,144,-199,-7330,0,-1,0,344
23697,145,-199,-7330,0,-1,0,344
23698,146,-199,-7330,0,-1,0,344
23699,147,-199,-7330,0,-1,0,344
23700,148,-199,-7330,0,0,0,344
23701,149,-199,-7330,0,0,0,344
23702,150,-199,-7330,0,0,0,344
23703,151,-199,-7330,0,0,0,344
23704,152,-199,-7330,0,0,0,344
23705,153,-199,-7330,0,0,0,344
23706,154,-199,-7330,0,0,0,344
23707,155,-199,-7330,0,0,0,344
23708,156,-199,-7330,0,0,0,344
23709,157,-199,-7330,0,0,0,344
23710,158,-199,-7330,0,0,0,344
23711,159,-199,-7330,0,0,0,344
23712,160,-199,-7330,0,0,0,344
23713,161,-199,-7330,0,0,0,344
23714,162,-199,-7330,0,0,0,344
23715,163,-199,-7403,-73,0,0,368
23716,164,-197,-9079,-1676,-2,-2,368
23717,165,-197,-9079,0,-1,-2,368
23718,166,-197,-9079,0,-1,-2,368
23719,167,-197,-9079,0,-1,-2,368
23720,168,-197,-9079,0,-1,-2,368
23721,169,-195,-9079,0,-3,-4,168
23722,170,-195,-9079,0,-3,-4,168
23723,171,-195,-9079,0,-2,-4,168
23724,172,-195,-9079,0,-2,-2,168
23725,173,-195,-9079,0,-2,-2,88
23726,174,-195,-9079,0,-2,-2,88
23727,175,-195,-9079,0,-2,-2,88
23728,176,-195,-9079,0,-1,-2,88
23729,177,-197,-9079,0,1,2,88
23730,178,-197,-9079,0,1,2,88
23731,179,-197,-9079,0,1,2,88
23732,180,-197,-9079,0,1,2,88
23733,181,-197,-9079,0,1,2,88
23734,182,-197,-9079,0,1,2,88
23735,183,-197,-9079,0,1,2,88
23736,184,-195,-9079,0,-1,0,1
23737,185,-197,-9079,0,1,0,1
23738,186,-197,-9079,0,1,0,1
23739,187,-197,-9079,0,1,0,1
23740,188,-197,-9079,0,1,0,1
23741,189,-197,-9079,0,1,0,1
23742,190,-197,-8979,100,1,0,1
23743,191,-197,-8979,0,1,0,1
23744,192,-197,-9079,-100,1,2,1
23745,193,-197,-9079,0,1,0,1
23746,194,-197,-9079,0,1,0,1
23747,195,-197,-9079,0,1,0,1
23748,196,-197,-9079,0,1,0,1
23749,197,-197,-9079,0,1,0,106
23750,198,-197,-9079,0,1,0,106
23751,199,-197,-9079,0,1,0,106
23752,200,-197,-9079,0,1,0,106
23753,201,-198,-9154,-75,2,1,106
23754,202,-198,-9154,0,2,1,106
23755,203,-198,-9154,0,2,1,106
23756,204,-198,-9154,0,2,1,106
23757,205,-197,-9079,75,1,0,181
23758,206,-197,-9154,-75,1,0,-94
23759,207,-197,-9154,0,1,0,-94
23760,208,-195,-9079,75,-1,-2,-536
23761,209,-195,-9079,0,-1,-3,-536
23762,210,-195,-9079,0,-1,-3,-536
23763,211,-195,-9079,0,-1,-3,-536
23764,212,-195,-9079,0,-1,-3,-536
23765,213,-197,-9079,0,1,0,-536
23766,214,-197,-9079,0,1,0,-536
23767,215,-197,-9079,0,1,0,-536
23768,216,-197,-9079,0,1,2,-536
23769,217,-195,-9079,0,-1,0,-736
23770,218,-195,-9079,0,-1,0,-736
23771,219,-195,-9079,0,-1,0,-736
23772,220,-197,-9140,-61,2,2,-736
23773,221,-197,-9140,0,1,0,-736
23774,222,-197,-9140,0,1,0,-736
23775,223,-197,-9140,0,1,0,-736
23776,224,-197,-9140,0,1,0,-736
23777,225,-197,-9140,0,1,2,-736
23778,226,-197,-9140,0,1,2,-736
23779,227,-197,-9140,0,1,2,-736
23780,228,-197,-9140,0,1,0,-736
23781,229,-197,-9140,0,1,0,-736
23782,230,-197,-9140,0,1,0,-736
23783,231,-197,-9140,0,1,0,-736
23784,232,-197,-9140,0,1,0,-736
23785,233,-197,-9140,0,1,0,-736
23786,234,-197,-9140,0,1,0,-736
23787,235,-197,-9140,0,1,0,-736
23788,236,-197,-9140,0,1,0,-736
23789,237,-197,-9140,0,1,0,-736
23790,238,-197,-9140,0,1,0,-736
23791,239,-197,-9140,0,1,0,-736
23792,240,-197,-9140,0,1,0,-736
23793,241,-197,-9140,0,1,0,-736
23794,242,-197,-9140,0,1,0,-736
23795,243,-197,-9140,0,1,0,-736
23796,244,-197,-9140,0,1,0,-736
23797,245,-197,-9140,0,1,0,-736
23798,246,-197,-9140,0,1,0,-736
23799,247,-197,-9140,0,1,0,-736
23800,248,-197,-9140,0,1,0,-736
23801,249,-197,-9140,0,1,0,-736
23802,250,-197,-9140,0,1,0,-736
23803,251,-197,-9140,0,1,0,-736
23804,252,-197,-9140,0,1,0,-736
23805,253,-197,-9140,0,1,0,-736
23806,254,-197,-9140,0,1,0,-736
23807,255,-197,-9140,0,1,0,-736
23808,0,-197,-9140,0,1,0,-736
23809,1,-197,-9140,0,1,0,-736
23810,2,-197,-9140,0,1,0,-736
23811,3,-197,-9140,0,1,0,-736
23812,4,-197,-9140,0,1,0,-736
23813,5,-197,-9140,0,1,0,-736
23814,6,-197,-9140,0,1,0,-736
23815,7,-197,-9140,0,1,0,-736
23816,8,-197,-9140,0,1,0,-736
23817,9,-197,-9140,0,1,0,-736
23818,10,-197,-9140,0,1,0,-736
23819,11,-197,-9140,0,1,0,-736
23820,12,-197,-9140,0,1,0,-736
23821,13,-195,-8951,189,-1,-2,-898
23822,14,-195,-8951,0,0,-2,-898
23823,15,-195,-8951,0,0,-2,-898
23824,16,-195,-8951,0,0,-2,-898
23825,17,-195,-8951,0,0,-2,-898
23826,18,-195,-8951,0,0,-2,-898
23827,19,-197,-9079,-128,2,0,-898
23828,20,-195,-8951,128,0,-2,-1098
23829,21,-197,-9079,-128,2,2,-1098
23830,22,-197,-9079,0,2,2,-1098
23831,23,-197,-9079,0,2,2,-1098
23832,24,-197,-9079,0,2,2,-1098
23833,25,-197,-9079,0,2,2,-1098
23834,26,-197,-9079,0,2,2,-1098
23835,27,-197,-9079,0,1,0,-1098
23836,28,-197,-9079,0,1,2,-1098
23837,29,-197,-9079,0,1,0,-1098
23838,30,-197,-9079,0,1,0,-1098
23839,31,-197,-9079,0,1,0,-1098
23840,32,-195,-9051,28,-1,-2,-1098
23841,33,-195,-9051,0,0,-2,-1098
23842,34,-195,-9051,0,0,-2,-1098
23843,35,-195,-9051,0,0,-2,-741
23844,36,-195,-9051,0,0,-2,-605
23845,37,-195,-9051,0,0,-2,-605
23846,38,-195,-9051,0,0,-2,-605
23847,39,-195,-9051,0,0,-2,-605
23848,40,-195,-9051,0,0,0,-605
23849,41,-195,-9051,0,0,0,-605
23850,42,-195,-8951,100,0,0,-605
23851,43,-197,-9079,-128,2,2,-605
23852,44,-197,-9079,0,2,2,-605
23853,45,-197,-9079,0,2,2,-605
23854,46,-197,-9094,-15,2,2,-520
23855,47,-197,-9169,-75,2,2,-371
23856,48,-195,-8951,218,0,0,-308
23857,49,-197,-9178,-227,2,2,-308
23858,50,-197,-9178,0,2,2,-308
23859,51,-197,-9178,0,2,0,-308
23860,52,-197,-9178,0,2,0,-308
23861,53,-197,-9178,0,2,0,-181
23862,54,-197,-9178,0,2,0,-164
23863,55,-197,-9178,0,2,0,-25
23864,56,-197,-9178,0,1,2,-101
23865,57,-197,-9178,0,1,0,-101
23866,58,-197,-9178,0,1,0,-101
23867,59,-197,-9178,0,1,0,-101
23868,60,-197,-9178,0,1,0,0
23869,61,-198,-9079,99,2,1,0
23870,62,-198,-9079,0,2,1,0
23871,63,-198,-9069,10,2,1,0
23872,64,-198,-9069,0,2,1,0
23873,65,-198,-9069,0,2,1,0
23874,66,-198,-9069,0,2,1,0
23875,67,-198,-9069,0,2,1,0
23876,68,-198,-9069,0,2,1,0
23877,69,-198,-9069,0,2,0,0
23878,70,-198,-9089,-20,2,0,55
23879,71,-198,-9094,-5,2,0,75
23880,72,-198,-9061,33,2,0,75
23881,73,-198,-9061,0,2,0,75
23882,74,-198,-9056,5,2,0,75
23883,75,-198,-9131,-75,2,0,100
23884,76,-198,-9164,-33,1,0,100
23885,77,-198,-9169,-5,1,0,100
23886,78,-197,-9178,-9,0,-1,129
23887,79,-195,-7851,1327,-2,-3,228
23888,80,-195,-7851,0,-1,-3,228
23889,81,-195,-7851,0,-1,-3,343
23890,82,-195,-7851,0,-1,-3,73
23891,83,-195,-7851,0,-1,-3,73
23892,84,-195,-7851,0,-1,-3,73
23893,85,-195,-7851,0,-1,-3,73
23894,86,-195,-7851,0,-1,-2,73
23895,87,-195,-7851,0,-1,0,73
23896,88,-195,-7851,0,0,0,73
23897,89,-195,-7851,0,0,0,73
23898,90,-195,-7851,0,0,0,57
23899,91,-195,-7851,0,0,0,57
23900,92,-195,-7851,0,0,0,57
23901,93,-195,-7851,0,0,0,57
23902,94,-195,-7851,0,0,0,57
23903,95,-195,-7851,0,0,0,57
23904,96,-195,-7851,0,0,0,57
23905,97,-195,-7851,0,0,0,57
23906,98,-195,-7851,0,0,0,172
23907,99,-195,-7851,0,0,0,172
23908,100,-195,-7851,0,0,0,296
23909,101,-195,-7851,0,0,0,323
23910,102,-195,-7851,0,0,0,323
23911,103,-196,-9079,-1228,1,1,323
23912,104,-197,-9121,-42,2,2,323
23913,105,-196,-9079,42,1,1,323
23914,106,-197,-9162,-83,2,2,323
23915,107,-198,-9178,-16,3,3,323
23916,108,-198,-9178,0,3,3,323
23917,109,-196,-9079,99,1,1,323
23918,110,-195,-7851,1228,0,0,323
23919,111,-195,-7851,0,0,-1,299
23920,112,-195,-7851,0,0,-2,307
23921,113,-195,-7851,0,0,-1,320
23922,114,-195,-7851,0,0,-2,299
23923,115,-195,-7851,0,0,-3,234
23924,116,-195,-7851,0,0,-3,268
23925,117,-195,-7851,0,0,-1,289
23926,118,-195,-7851,0,0,0,375
23927,119,-195,-7851,0,0,0,435
23928,120,-195,-7851,0,0,0,536
23929,121,-195,-7851,0,0,0,544
23930,122,-195,-7851,0,0,0,515
23931,123,-195,-7851,0,0,0,521
23932,124,-195,-7851,0,0,0,695
23933,125,-195,-7869,-18,0,0,628
23934,126,-195,-7869,0,0,0,628
23935,127,-195,-7871,-2,0,0,609
23936,128,-195,-7879,-8,0,0,598
23937,129,-195,-7889,-10,0,0,543
23938,130,-196,-9079,-1190,1,1,543
23939,131,-196,-8979,100,1,1,543
23940,132,-196,-9079,-100,1,1,543
23941,133,-195,-7889,1190,0,0,543
23942,134,-195,-7889,0,0,0,543
23943,135,-195,-7789,100,0,0,543
23944,136,-195,-7789,0,0,0,543
23945,137,-195,-7789,0,0,0,543
23946,138,-195,-7789,0,0,-1,543
23947,139,-195,-7789,0,0,-1,543
23948,140,-195,-7789,0,0,-1,619
23949,141,-197,-9079,-1290,2,2,619
23950,142,-195,-7789,1290,0,0,516
23951,143,-195,-7789,0,0,0,516
23952,144,-195,-7789,0,0,0,516
23953,145,-195,-7789,0,0,0,516
23954,146,-195,-7789,0,0,0,516
23955,147,-195,-7789,0,0,0,516
23956,148,-195,-7789,0,0,0,516
23957,149,-195,-7689,100,0,-2,516
23958,150,-195,-7779,-90,0,0,415
23959,151,-195,-7789,-10,0,0,391
23960,152,-195,-7789,0,0,0,391
23961,153,-195,-7879,-90,0,0,391
23962,154,-195,-7879,0,0,0,391
23963,155,-195,-7979,-100,0,0,275
23964,156,-195,-7979,0,0,0,275
23965,157,-195,-7979,0,0,0,275
23966,158,-195,-7979,0,0,0,275
23967,159,-195,-7979,0,0,0,275
23968,160,-195,-7979,0,0,0,275
23969,161,-195,-7879,100,0,0,275
23970,162,-195,-7879,0,0,0,275
23971,163,-195,-7879,0,0,0,275
23972,164,-195,-7879,0,0,0,275
23973,165,-195,-7879,0,0,0,275
23974,166,-195,-7879,0,0,0,275
23975,167,-195,-7879,0,0,0,275
23976,168,-199,-9079,-1200,4,4,275
23977,169,-195,-7879,1200,0,0,164
23978,170,-195,-7879,0,0,0,164
23979,171,-195,-7879,0,0,0,164
23980,172,-195,-7879,0,0,0,164
23981,173,-195,-7879,0,0,0,164
23982,174,-195,-7879,0,0,0,712
23983,175,-195,-7879,0,0,0,762
23984,176,-195,-7879,0,0,-4,1298
23985,177,-195,-7879,0,0,0,2238
23986,178,-195,-7879,0,0,0,2262
23987,179,-195,-7879,0,0,0,2038
23988,180,-195,-7879,0,0,0,2306
23989,181,-195,-7879,0,0,0,2365
23990,182,-195,-7879,0,0,0,2365
23991,183,-195,-7879,0,0,0,2365
23992,184,-195,-7779,100,0,0,2365
23993,185,-195,-7779,0,0,0,2365
23994,186,-196,-9079,-1300,1,1,2365
23995,187,-196,-9079,0,1,1,2365
23996,188,-196,-9079,0,1,1,2365
23997,189,-196,-9079,0,1,1,2365
23998,190,-196,-9079,0,1,1,2365
23999,191,-196,-9079,0,1,1,2365
24000,192,-196,-9079,0,1,1,2365
24001,193,-196,-9079,0,1,1,2365
24002,194,-196,-9079,0,1,0,2365
24003,195,-196,-9079,0,1,0,2365
24004,196,-196,-9079,0,1,0,2365
24005,197,-196,-9079,0,1,0,2365
24006,198,-196,-9079,0,1,0,2365
24007,199,-196,-9079,0,1,0,2365
24008,200,-196,-9079,0,1,0,2365
24009,201,-196,-9079,0,1,0,2365
24010,202,-196,-9079,0,1,0,2365
24011,203,-196,-9079,0,1,0,2365
24012,204,-196,-9079,0,1,0,2365
24013,205,-196,-9079,0,1,0,2365
24014,206,-196,-9079,0,1,0,2365
24015,207,-196,-9079,0,1,0,2365
24016,208,-196,-9079,0,1,0,2365
24017,209,-196,-9079,0,1,0,2365
24018,210,-196,-9079,0,1,0,2365
24019,211,-196,-9079,0,1,0,2365
24020,212,-196,-9079,0,1,0,2365
24021,213,-196,-9079,0,1,0,2365
24022,214,-196,-9079,0,1,0,2365
24023,215,-196,-9079,0,1,0,2365
24024,216,-196,-9079,0,1,0,2365
24025,217,-196,-9079,0,1,0,2365
24026,218,-196,-9079,0,1,0,2365
24027,219,-196,-9079,0,1,0,2365
24028,220,-196,-9079,0,1,0,2365
24029,221,-196,-9079,0,1,0,2365
24030,222,-196,-9079,0,1,0,2365
24031,223,-196,-9079,0,1,0,2365
24032,224,-196,-9079,0,1,0,2365
24033,225,-196,-9079,0,1,0,2365
24034,226,-195,-7779,1300,0,-1,2365
24035,227,-195,-7879,-100,0,-1,2365
24036,228,-195,-7879,0,0,-1,2365
24037,229,-195,-7879,0,0,-1,2365
24038,230,-195,-7879,0,0,-1,2365
24039,231,-195,-7879,0,0,-1,2365
24040,232,-197,-9079,-1200,2,1,2365
24041,233,-197,-9079,0,2,1,2365
24042,234,-195,-7779,1300,0,0,2273
24043,235,-195,-7779,0,0,0,2273
24044,236,-195,-7779,0,0,0,2273
24045,237,-195,-7779,0,0,0,2273
24046,238,-195,-7779,0,0,0,2273
24047,239,-195,-7779,0,0,0,2273
24048,240,-195,-7779,0,0,-2,2273
24049,241,-195,-7779,0,0,-2,2273
24050,242,-195,-7779,0,0,0,2273
24051,243,-195,-7779,0,0,0,2273
24052,244,-195,-7779,0,0,0,2273
24053,245,-195,-7779,0,0,0,2273
24054,246,-195,-7779,0,0,0,2273
24055,247,-195,-7779,0,0,0,2273
24056,248,-195,-7779,0,0,0,2273
24057,249,-195,-7779,0,0,0,2383
24058,250,-195,-7779,0,0,0,2265
24059,251,-195,-7779,0,0,0,2605
24060,252,-195,-7779,0,0,0,2605
24061,253,-195,-7779,0,0,0,2605
24062,254,-195,-7779,0,0,0,2745
24063,255,-195,-7779,0,0,0,2805
24064,0,-195,-7779,0,0,0,2805
24065,1,-195,-7779,0,0,0,2915
24066,2,-196,-9079,-1300,1,1,2915
24067,3,-196,-9079,0,1,1,3045
24068,4,-196,-9079,0,1,1,3045
24069,5,-196,-9079,0,1,1,3045
24070,6,-196,-9079,0,1,1,3045
24071,7,-196,-9079,0,1,1,3045
24072,8,-196,-9079,0,1,1,3045
24073,9,-196,-9086,-7,1,1,2440
24074,10,-196,-9086,0,1,0,2440
24075,11,-197,-9169,-83,2,1,2440
24076,12,-197,-9169,0,2,1,2475
24077,13,-197,-9169,0,2,1,2475
24078,14,-197,-9169,0,2,1,2475
24079,15,-197,-9169,0,2,1,2475
24080,16,-197,-9169,0,2,1,2475
24081,17,-197,-9169,0,2,1,2475
24082,18,-196,-9086,83,1,0,1906
24083,19,-196,-9086,0,1,-1,1906
24084,20,-196,-9086,0,1,-1,1005
24085,21,-196,-9086,0,1,-1,1615
24086,22,-196,-9086,0,1,-1,1615
24087,23,-196,-9086,0,1,-1,1615
24088,24,-196,-9086,0,1,-1,1602
24089,25,-196,-9086,0,1,-1,1602
24090,26,-196,-9086,0,1,0,1602
24091,27,-196,-9086,0,1,0,1602
24092,28,-196,-9086,0,1,0,1602
24093,29,-196,-9086,0,1,0,1392
24094,30,-196,-9086,0,1,0,1351
24095,31,-196,-9086,0,1,0,1751
24096,32,-196,-9086,0,1,0,1671
24097,33,-196,-9086,0,1,0,1671
24098,34,-196,-9086,0,1,0,1671
24099,35,-196,-9086,0,1,0,1671
24100,36,-196,-9086,0,1,0,1671
24101,37,-196,-9086,0,1,0,1696
24102,38,-196,-9086,0,1,0,1521
24103,39,-196,-9086,0,1,0,2906
24104,40,-196,-9086,0,1,0,2906
24105,41,-196,-9086,0,1,0,2906
24106,42,-196,-9086,0,1,0,2881
24107,43,-196,-9086,0,1,0,5616
24108,44,-196,-9086,0,1,0,5686
24109,45,-196,-9086,0,1,0,5793
24110,46,-196,-9086,0,1,0,5628
24111,47,-196,-9086,0,1,0,5738
24112,48,-197,-9079,7,2,1,5738
24113,49,-197,-9069,10,2,1,5738
24114,50,-197,-8969,100,2,1,5738
24115,51,-200,-9079,-110,5,4,5738
24116,52,-200,-9079,0,5,4,5738
24117,53,-200,-9079,0,4,4,5738
24118,54,-200,-9079,0,4,4,5738
24119,55,-200,-9079,0,4,4,5738
24120,56,-200,-9079,0,4,3,5738
24121,57,-200,-9079,0,4,3,5738
24122,58,-200,-9079,0,3,3,5738
24123,59,-200,-9079,0,3,0,5738
24124,60,-200,-9109,-30,3,0,5668
24125,61,-200,-9109,0,3,0,5668
24126,62,-197,-8969,140,0,-3,4938
24127,63,-197,-9069,-100,0,-3,4801
24128,64,-197,-9079,-10,0,-3,4751
24129,65,-197,-9099,-20,0,-3,4715
24130,66,-197,-9099,0,0,-3,4715
24131,67,-196,-9086,13,-1,-4,4335
24132,68,-195,-7779,1307,-2,-5,4222
24133,69,-195,-7806,-27,-2,-5,4160
24134,70,-195,-7810,-4,-1,-2,4091
24135,71,-195,-7810,0,-1,-2,4091
24136,72,-195,-7870,-60,-1,-2,2596
24137,73,-195,-7879,-9,-1,-2,2562
24138,74,-195,-7970,-91,-1,-2,-274
24139,75,-195,-8070,-100,-1,-1,-474
24140,76,-195,-8070,0,-1,0,-474
24141,77,-195,-8070,0,-1,0,-474
24142,78,-195,-8779,-709,0,0,-1283
24143,79,-195,-8879,-100,0,0,-1403
24144,80,-195,-8970,-91,0,0,-1594
24145,81,-195,-8970,0,0,0,-1594
24146,82,-195,-8970,0,0,0,-1594
24147,83,-195,-8970,0,0,0,-1594
24148,84,-195,-8970,0,0,0,-1594
24149,85,-195,-8970,0,0,0,-1594
24150,86,-195,-8970,0,0,0,-1594
24151,87,-195,-8970,0,0,0,-1539
24152,88,-195,-8970,0,0,0,-1394
24153,89,-195,-8970,0,0,0,-1269
24154,90,-195,-8970,0,0,0,-1269
24155,91,-195,-8970,0,0,0,-1269
24156,92,-195,-8970,0,0,0,-1184
24157,93,-195,-8970,0,0,0,-1154
24158,94,-195,-8970,0,0,0,-974
24159,95,-195,-8970,0,0,0,-974
24160,96,-195,-8970,0,0,0,-974
24161,97,-195,-8970,0,0,0,-974
24162,98,-195,-8970,0,0,0,-974
24163,99,-196,-9079,-109,1,1,-974
24164,100,-196,-8979,100,1,1,-974
24165,101,-196,-8979,0,1,1,-974
24166,102,-196,-8979,0,1,1,-974
24167,103,-196,-8979,0,1,1,-974
24168,104,-196,-9079,-100,1,1,-981
24169,105,-195,-8970,109,0,0,-1054
24170,106,-195,-8979,-9,0,0,-1059
24171,107,-195,-9079,-100,0,-1,-1099
24172,108,-195,-9079,0,0,-1,-1099
24173,109,-195,-9079,0,0,-1,-1099
24174,110,-195,-8979,100,0,-1,-1099
24175,111,-195,-8979,0,0,-1,-1099
24176,112,-195,-8979,0,0,-1,-1099
24177,113,-195,-8979,0,0,0,-1099
24178,114,-195,-8979,0,0,0,-1099
24179,115,-195,-8979,0,0,0,-1099
24180,116,-195,-8979,0,0,0,-1099
24181,117,-195,-8979,0,0,0,-1099
24182,118,-195,-8979,0,0,0,-1099
24183,119,-195,-8979,0,0,0,-1099
24184,120,-195,-8979,0,0,0,-1099
24185,121,-195,-8979,0,0,0,-1099
24186,122,-195,-8979,0,0,0,-1099
24187,123,-195,-8979,0,0,0,-1089
24188,124,-195,-8979,0,0,0,-1089
24189,125,-195,-8979,0,0,0,-1089
24190,126,-195,-8879,100,0,0,-1089
24191,127,-195,-8879,0,0,0,-1089
24192,128,-195,-8879,0,0,0,-1089
24193,129,-195,-8879,0,0,0,-993
24194,130,-195,-8879,0,0,0,-799
24195,131,-195,-8879,0,0,0,-88
24196,132,-196,-9079,-200,1,1,-88
24197,133,-197,-9169,-90,2,2,-88
24198,134,-197,-9169,0,2,2,110
24199,135,-198,-9079,90,3,3,110
24200,136,-198,-9079,0,3,3,110
24201,137,-197,-9169,-90,2,2,110
24202,138,-195,-8879,290,0,0,110
24203,139,-195,-8879,0,0,0,110
24204,140,-195,-8879,0,0,-1,110
24205,141,-195,-8879,0,0,-2,110
24206,142,-195,-8879,0,0,-2,110
24207,143,-195,-8879,0,0,-3,110
24208,144,-195,-8879,0,0,-3,251
24209,145,-196,-9079,-200,1,-1,251
24210,146,-197,-9169,-90,2,2,251
24211,147,-197,-9169,0,2,2,251
24212,148,-195,-8879,290,0,0,251
24213,149,-195,-8879,0,0,0,251
24214,150,-195,-8879,0,0,0,251
24215,151,-195,-8879,0,0,0,251
24216,152,-195,-8879,0,0,0,251
24217,153,-195,-8879,0,0,-1,251
24218,154,-195,-8879,0,0,-2,251
24219,155,-195,-8879,0,0,-2,251
24220,156,-195,-8979,-100,0,0,126
24221,157,-195,-9049,-70,0,0,-19
24222,158,-195,-9049,0,0,0,-19
24223,159,-195,-8949,100,0,0,-19
24224,160,-195,-8949,0,0,0,-19
24225,161,-195,-8949,0,0,0,-34
24226,162,-195,-8949,0,0,0,-99
24227,163,-195,-8949,0,0,0,-99
24228,164,-195,-8949,0,0,0,-99
24229,165,-195,-8949,0,0,0,-99
24230,166,-195,-8949,0,0,0,-99
24231,167,-195,-8949,0,0,0,-99
24232,168,-195,-8949,0,0,0,-99
24233,169,-195,-8949,0,0,0,-99
24234,170,-195,-8949,0,0,0,-99
24235,171,-195,-8949,0,0,0,-99
24236,172,-195,-8949,0,0,0,-99
24237,173,-195,-8949,0,0,0,-99
24238,174,-199,-8801,148,4,4,-99
24239,175,-199,-8701,100,4,4,-99
24240,176,-199,-8697,4,4,4,-99
24241,177,-199,-8636,61,4,4,-99
24242,178,-199,-8636,0,4,4,-99
24243,179,-199,-8636,0,3,4,-99
24244,180,-199,-8636,0,3,4,-99
24245,181,-199,-8636,0,3,4,-99
24246,182,-199,-8636,0,3,0,-99
24247,183,-199,-8636,0,3,0,-99
24248,184,-199,-8636,0,3,0,-99
24249,185,-199,-8636,0,3,0,-99
24250,186,-199,-8636,0,3,0,-99
24251,187,-199,-8636,0,2,0,-99
24252,188,-199,-8636,0,2,0,-99
24253,189,-199,-8636,0,2,0,-99
24254,190,-199,-8636,0,2,0,-99
24255,191,-199,-8636,0,2,0,-99
24256,192,-199,-8636,0,2,0,-99
24257,193,-199,-8636,0,2,0,-99
24258,194,-199,-8636,0,2,0,-99
24259,195,-199,-8636,0,2,0,-99
24260,196,-199,-8636,0,2,0,-99
24261,197,-199,-8636,0,2,0,-99
24262,198,-199,-8636,0,2,0,-99
24263,199,-199,-8636,0,2,0,-99
24264,200,-199,-8636,0,2,0,-99
24265,201,-199,-8636,0,2,0,-99
24266,202,-199,-8636,0,1,0,-99
24267,203,-199,-9014,-378,1,0,-99
24268,204,-199,-9114,-100,1,0,-99
24269,205,-199,-9118,-4,1,0,-99
24270,206,-195,-8937,181,-3,-4,-99
24271,207,-195,-8937,0,-2,-4,-99
24272,208,-195,-8937,0,-2,-4,-106
24273,209,-195,-8937,0,-2,-4,-106
24274,210,-200,-8804,133,3,1,-106
24275,211,-200,-8743,61,3,1,-106
24276,212,-200,-8739,4,3,1,-106
24277,213,-200,-8739,0,3,1,-106
24278,214,-200,-8739,0,3,5,-106
24279,215,-200,-8739,0,3,5,-106
24280,216,-200,-9039,-300,2,5,-506
24281,217,-200,-9039,0,2,5,-506
24282,218,-200,-9039,0,2,0,-506
24283,219,-200,-9039,0,2,0,-506
24284,220,-200,-9039,0,2,0,-506
24285,221,-200,-9039,0,2,0,-506
24286,222,-200,-9039,0,2,0,-506
24287,223,-200,-9039,0,2,0,-506
24288,224,-200,-9039,0,2,0,-506
24289,225,-200,-9039,0,2,0,-506
24290,226,-200,-9039,0,2,0,-506
24291,227,-200,-9039,0,2,0,-506
24292,228,-200,-9039,0,2,0,-506
24293,229,-200,-9039,0,2,0,-506
24294,230,-200,-9039,0,2,0,-506
24295,231,-200,-9039,0,1,0,-506
24296,232,-200,-9039,0,1,0,-506
24297,233,-200,-9039,0,1,0,-506
24298,234,-200,-9039,0,1,0,-506
24299,235,-200,-9039,0,1,0,-506
24300,236,-200,-9039,0,1,0,-506
24301,237,-200,-9069,-30,1,0,-436
24302,238,-200,-9069,0,1,0,-436
24303,239,-200,-9069,0,1,0,-436
24304,240,-200,-9069,0,1,0,-436
24305,241,-200,-9069,0,1,0,-436
24306,242,-200,-9069,0,1,0,-436
24307,243,-200,-9069,0,1,0,-436
24308,244,-200,-9069,0,1,0,-436
24309,245,-200,-9069,0,1,0,-436
24310,246,-200,-9069,0,1,0,-436
24311,247,-200,-9069,0,1,0,-436
24312,248,-200,-9069,0,1,0,-436
24313,249,-200,-9069,0,1,0,-436
24314,250,-200,-9114,-45,1,0,-436
24315,251,-200,-9175,-61,1,0,-436
24316,252,-195,-8837,338,-4,-5,-436
24317,253,-195,-8837,0,-3,-5,-291
24318,254,-195,-8837,0,-3,-5,-278
24319,255,-195,-8837,0,-3,-5,-177
24320,0,-195,-8837,0,-3,-5,-168
24321,1,-195,-8837,0,-2,-5,-165
24322,2,-195,-8837,0,-2,-5,-257
24323,3,-195,-8837,0,-2,-5,-244
24324,4,-197,-9079,-242,0,2,-244
24325,5,-203,-9079,0,6,8,-244
24326,6,-203,-9079,0,6,8,-244
24327,7,-199,-9169,-90,2,4,-442
24328,8,-199,-9169,0,2,4,-442
24329,9,-199,-9169,0,2,4,-442
24330,10,-199,-9169,0,1,4,-442
24331,11,-197,-9079,90,-1,2,-442
24332,12,-195,-8737,342,-2,-2,-442
24333,13,-195,-8737,0,-2,-8,-442
24334,14,-195,-8737,0,-2,-8,-442
24335,15,-195,-8737,0,-2,-4,-442
24336,16,-196,-9079,-342,-1,-3,-442
24337,17,-196,-9079,0,-1,-3,-442
24338,18,-196,-9079,0,0,-3,88
24339,19,-196,-9079,0,0,-1,263
24340,20,-196,-9079,0,0,1,358
24341,21,-196,-9079,0,0,1,448
24342,22,-198,-9079,0,2,3,448
24343,23,-198,-8979,100,2,3,448
24344,24,-200,-9169,-190,4,4,448
24345,25,-200,-9169,0,3,4,448
24346,26,-200,-9169,0,3,4,448
24347,27,-200,-9169,0,3,4,448
24348,28,-200,-9169,0,3,4,475
24349,29,-200,-9169,0,3,4,475
24350,30,-200,-9169,0,3,2,799
24351,31,-200,-9169,0,3,2,799
24352,32,-200,-9169,0,3,0,799
24353,33,-200,-9169,0,2,0,799
24354,34,-200,-9169,0,2,0,799
24355,35,-200,-9169,0,2,0,799
24356,36,-200,-9169,0,2,0,799
24357,37,-198,-9079,90,0,-2,799
24358,38,-198,-9079,0,0,-2,799
24359,39,-198,-9079,0,0,-2,834
24360,40,-198,-9079,0,0,-2,793
24361,41,-198,-9079,0,0,-2,880
24362,42,-198,-9079,0,0,-2,880
24363,43,-198,-9079,0,0,-2,880
24364,44,-197,-9079,0,-1,-3,880
24365,45,-197,-9079,0,0,-1,880
24366,46,-197,-9079,0,0,-1,880
24367,47,-197,-9079,0,0,-1,888
24368,48,-197,-9079,0,0,-1,1068
24369,49,-197,-9079,0,0,-1,1635
24370,50,-197,-9079,0,0,-1,1639
24371,51,-197,-9079,0,0,-1,1639
24372,52,-197,-9079,0,0,0,1639
24373,53,-197,-9079,0,0,0,1639
24374,54,-197,-9079,0,0,0,1639
24375,55,-197,-9079,0,0,0,1639
24376,56,-197,-9079,0,0,0,1639
24377,57,-197,-9079,0,0,0,1639
24378,58,-197,-9079,0,0,0,1639
24379,59,-197,-9079,0,0,0,1639
24380,60,-197,-9079,0,0,0,1639
24381,61,-197,-9079,0,0,0,1639
24382,62,-197,-9079,0,0,0,1639
24383,63,-197,-9079,0,0,0,1639
24384,64,-197,-9079,0,0,0,1639
24385,65,-197,-9079,0,0,0,1639
24386,66,-197,-9079,0,0,0,1639
24387,67,-198,-8979,100,1,1,1639
24388,68,-198,-8879,100,1,1,1639
24389,69,-198,-8879,0,1,1,1639
24390,70,-198,-8879,0,1,1,1639
24391,71,-198,-8879,0,1,1,1639
24392,72,-198,-8879,0,1,1,1639
24393,73,-198,-8879,0,1,1,1639
24394,74,-198,-8879,0,1,1,1718
24395,75,-198,-8879,0,1,0,1826
24396,76,-198,-8879,0,1,0,1321
24397,77,-198,-8879,0,1,0,1248
24398,78,-198,-8879,0,1,0,1234
24399,79,-198,-8879,0,1,0,1284
24400,80,-198,-8879,0,1,0,1524
24401,81,-198,-8879,0,1,0,1544
24402,82,-198,-8879,0,1,0,1620
24403,83,-198,-8879,0,1,0,1715
24404,84,-198,-8879,0,1,0,1761
24405,85,-198,-8879,0,1,0,1770
24406,86,-198,-8879,0,1,0,1773
24407,87,-199,-9079,-200,2,1,1773
24408,88,-199,-9079,0,2,1,1773
24409,89,-200,-9079,0,3,2,1773
24410,90,-200,-9079,0,3,2,1596
24411,91,-200,-9079,0,3,2,1171
24412,92,-200,-9079,0,3,2,1195
24413,93,-200,-9079,0,3,2,1201
24414,94,-201,-9079,0,4,3,1201
24415,95,-201,-8979,100,3,2,1201
24416,96,-201,-8979,0,3,2,1201
24417,97,-202,-9169,-190,4,2,1201
24418,98,-202,-9169,0,4,2,1201
24419,99,-202,-9169,0,4,2,1201
24420,100,-202,-9169,0,4,2,1201
24421,101,-202,-9169,0,3,2,1593
24422,102,-202,-9169,0,3,1,1818
24423,103,-203,-9079,90,4,2,1818
24424,104,-203,-9079,0,4,2,1891
24425,105,-203,-9079,0,4,1,1891
24426,106,-204,-9079,0,5,2,1891
24427,107,-204,-9079,0,4,2,1891
24428,108,-204,-9079,0,4,2,1891
24429,109,-204,-9079,0,4,2,1891
24430,110,-204,-9079,0,4,2,1891
24431,111,-204,-9079,0,4,1,1891
24432,112,-204,-9079,0,3,1,1891
24433,113,-204,-9079,0,3,1,1891
24434,114,-204,-9079,0,3,0,1891
24435,115,-200,-9079,0,-1,-4,1891
24436,116,-200,-9079,0,-1,-4,1891
24437,117,-200,-9079,0,-1,-4,1891
24438,118,-200,-9079,0,-1,-4,1891
24439,119,-200,-9079,0,0,-4,1891
24440,120,-200,-9079,0,0,-4,1891
24441,121,-200,-9079,0,0,-4,1891
24442,122,-200,-9079,0,0,-4,1891
24443,123,-200,-9079,0,0,0,1891
24444,124,-200,-9079,0,0,0,1891
24445,125,-200,-9079,0,0,0,1891
24446,126,-200,-9079,0,0,0,1891
24447,127,-200,-9079,0,0,0,1891
24448,128,-200,-9079,0,0,0,1891
24449,129,-200,-9079,0,0,0,1891
24450,130,-200,-9079,0,0,0,1891
24451,131,-200,-9079,0,0,0,1891
24452,132,-200,-9079,0,0,0,1891
24453,133,-200,-9079,0,0,0,1891
24454,134,-200,-9079,0,0,0,1891
24455,135,-200,-9079,0,0,0,1891
24456,136,-200,-9079,0,0,0,1891
24457,137,-200,-9079,0,0,0,1891
24458,138,-200,-9079,0,0,0,1891
24459,139,-200,-9079,0,0,0,1891
24460,140,-200,-9079,0,0,0,1891
24461,141,-200,-9079,0,0,0,1891
24462,142,-200,-9079,0,0,0,1891
24463,143,-200,-9079,0,0,0,1891
24464,144,-200,-8979,100,0,0,1891
24465,145,-201,-9079,-100,1,1,1891
24466,146,-201,-9079,0,1,1,1912
24467,147,-202,-9079,0,2,2,1912
24468,148,-203,-9169,-90,3,3,1912
24469,149,-203,-9169,0,3,3,1912
24470,150,-203,-9169,0,3,3,1912
24471,151,-203,-9169,0,3,3,1912
24472,152,-203,-9169,0,3,3,1912
24473,153,-203,-9169,0,3,2,1912
24474,154,-203,-9169,0,3,2,1912
24475,155,-203,-9169,0,2,1,1912
24476,156,-203,-9169,0,2,0,1912
24477,157,-203,-9169,0,2,0,1912
24478,158,-201,-9079,90,0,-2,1912
24479,159,-201,-9079,0,0,-2,1912
24480,160,-201,-9079,0,0,-2,1912
24481,161,-205,-9178,-99,4,2,1912
24482,162,-205,-9178,0,4,2,1912
24483,163,-205,-9178,0,4,2,1912
24484,164,-201,-9079,99,0,-2,1761
24485,165,-201,-9079,0,0,-2,1761
24486,166,-201,-9079,0,0,0,1761
24487,167,-201,-9079,0,0,0,1761
24488,168,-201,-9079,0,0,0,1761
24489,169,-201,-9079,0,0,-4,1761
24490,170,-201,-9079,0,0,-4,1761
24491,171,-201,-9079,0,0,-4,1761
24492,172,-201,-9079,0,0,0,1761
24493,173,-201,-9079,0,0,0,1761
24494,174,-201,-9079,0,0,0,1761
24495,175,-201,-9079,0,0,0,1761
24496,176,-201,-9079,0,0,0,1761
24497,177,-201,-9079,0,0,0,1761
24498,178,-201,-9079,0,0,0,1761
24499,179,-201,-9079,0,0,0,1512
24500,180,-201,-9079,0,0,0,1512
24501,181,-201,-9079,0,0,0,1512
24502,182,-201,-9079,0,0,0,1512
24503,183,-201,-9079,0,0,0,1477
24504,184,-201,-9079,0,0,0,1477
24505,185,-201,-9079,0,0,0,1477
24506,186,-201,-9079,0,0,0,1477
24507,187,-201,-9079,0,0,0,1477
24508,188,-201,-9079,0,0,0,1477
24509,189,-201,-9079,0,0,0,1477
24510,190,-201,-9079,0,0,0,1477
24511,191,-201,-9079,0,0,0,1477
24512,192,-201,-8979,100,0,0,1477
24513,193,-201,-8979,0,0,0,1477
24514,194,-202,-9079,-100,1,1,1477
24515,195,-202,-9079,0,1,1,1477
24516,196,-202,-9079,0,1,1,1477
24517,197,-202,-9079,0,1,1,1477
24518,198,-202,-9069,10,1,1,1477
24519,199,-202,-9069,0,1,1,1477
24520,200,-202,-8969,100,1,1,1477
24521,201,-202,-8969,0,1,1,1477
24522,202,-202,-8969,0,1,0,1477
24523,203,-202,-8969,0,1,0,1477
24524,204,-202,-8969,0,1,0,1477
24525,205,-202,-8969,0,1,0,1477
24526,206,-202,-8969,0,1,0,1477
24527,207,-202,-8979,-10,1,0,1477
24528,208,-202,-8979,0,1,0,1477
24529,209,-202,-8979,0,1,0,1477
24530,210,-202,-8979,0,1,0,1477
24531,211,-202,-8979,0,1,0,1477
24532,212,-202,-8979,0,1,0,1387
24533,213,-202,-8979,0,1,0,1340
24534,214,-202,-8979,0,1,0,1247
24535,215,-202,-8979,0,1,0,1260
24536,216,-202,-8979,0,1,0,1347
24537,217,-202,-8979,0,1,0,1203
24538,218,-202,-8979,0,1,0,1603
24539,219,-202,-8979,0,1,0,1603
24540,220,-202,-8979,0,1,0,1303
24541,221,-204,-9079,-100,3,2,1303
24542,222,-204,-8979,100,3,2,1303
24543,223,-205,-9169,-190,4,3,1303
24544,224,-205,-9169,0,4,3,1303
24545,225,-204,-8979,190,3,2,1303
24546,226,-204,-8979,0,3,2,1303
24547,227,-204,-8879,100,3,2,1303
24548,228,-204,-8979,-100,2,2,1303
24549,229,-204,-8979,0,2,0,1303
24550,230,-204,-8979,0,2,0,1303
24551,231,-204,-8988,-9,2,-1,994
24552,232,-204,-9079,-91,2,-1,994
24553,233,-204,-9079,0,2,0,994
24554,234,-204,-9077,2,2,0,994
24555,235,-204,-9089,-12,2,0,907
24556,236,-204,-9089,0,2,0,914
24557,237,-204,-9089,0,2,0,973
24558,238,-205,-9079,10,3,1,973
24559,239,-206,-9169,-90,4,2,973
24560,240,-206,-9169,0,3,2,973
24561,241,-206,-9169,0,3,2,973
24562,242,-206,-9169,0,3,2,973
24563,243,-204,-9177,-8,1,0,962
24564,244,-202,-9079,98,-1,-2,945
24565,245,-202,-9079,0,-1,-2,945
24566,246,-202,-9079,0,-1,-3,945
24567,247,-202,-9079,0,-1,-4,945
24568,248,-202,-9079,0,0,-4,945
24569,249,-202,-9079,0,0,-4,945
24570,250,-206,-9079,0,4,0,945
24571,251,-206,-9153,-74,3,2,771
24572,252,-202,-9079,74,-1,0,771
24573,253,-202,-9079,0,-1,0,771
24574,254,-202,-9079,0,0,0,771
24575,255,-202,-9079,0,0,0,771
24576,0,-202,-9079,0,0,0,771
24577,1,-202,-9079,0,0,0,771
24578,2,-202,-9079,0,0,-4,771
24579,3,-202,-9079,0,0,-4,771
24580,4,-202,-9079,0,0,0,771
24581,5,-202,-9079,0,0,0,771
24582,6,-202,-9079,0,0,0,771
24583,7,-202,-9079,0,0,0,771
24584,8,-202,-9079,0,0,0,771
24585,9,-202,-9079,0,0,0,778
24586,10,-202,-9079,0,0,0,778
24587,11,-202,-9079,0,0,0,778
24588,12,-202,-9079,0,0,0,785
24589,13,-202,-9079,0,0,0,785
24590,14,-201,-8748,331,-1,-1,678
24591,15,-201,-8748,0,0,-1,678
24592,16,-201,-8748,0,0,-1,678
24593,17,-201,-8748,0,0,-1,678
24594,18,-201,-8748,0,0,-1,678
24595,19,-201,-8748,0,0,-1,678
24596,20,-201,-8748,0,0,-1,678
24597,21,-201,-8748,0,0,-1,678
24598,22,-201,-8748,0,0,0,678
24599,23,-201,-8748,0,0,0,678
24600,24,-201,-8748,0,0,0,678
24601,25,-201,-8748,0,0,0,678
24602,26,-201,-8748,0,0,0,678
24603,27,-201,-8748,0,0,0,678
24604,28,-201,-8748,0,0,0,678
24605,29,-201,-8848,-100,0,0,553
24606,30,-201,-8948,-100,0,0,353
24607,31,-201,-9148,-200,0,0,147
24608,32,-200,-8879,269,-1,-1,-314
24609,33,-200,-8879,0,0,-1,-314
24610,34,-200,-8879,0,0,-1,-314
24611,35,-200,-8879,0,0,-1,-314
24612,36,-200,-8879,0,0,-1,-314
24613,37,-200,-8879,0,0,-1,-314
24614,38,-200,-8879,0,0,-1,-314
24615,39,-200,-8879,0,0,-1,-314
24616,40,-200,-8879,0,0,0,-314
24617,41,-200,-8879,0,0,0,-314
24618,42,-200,-8879,0,0,0,-314
24619,43,-200,-8879,0,0,0,-314
24620,44,-200,-8879,0,0,0,-314
24621,45,-200,-8879,0,0,0,-314
24622,46,-200,-8879,0,0,0,-314
24623,47,-200,-8879,0,0,0,-314
24624,48,-200,-8879,0,0,0,-314
24625,49,-200,-8879,0,0,0,-314
24626,50,-200,-8979,-100,0,0,-514
24627,51,-200,-9079,-100,0,0,-714
24628,52,-199,-9079,0,-1,-1,-805
24629,53,-199,-9079,0,0,-1,-805
24630,54,-199,-9079,0,0,-1,-805
24631,55,-199,-9079,0,0,-1,-805
24632,56,-199,-9079,0,0,-1,-805
24633,57,-199,-9079,0,0,-1,-805
24634,58,-199,-9079,0,0,-1,-805
24635,59,-199,-9079,0,0,-1,-805
24636,60,-199,-9079,0,0,0,-805
24637,61,-199,-9079,0,0,0,-805
24638,62,-198,-8376,703,-1,-1,-893
24639,63,-198,-8376,0,-1,-1,-893
24640,64,-198,-8376,0,-1,-1,-893
24641,65,-198,-8376,0,-1,-1,-893
24642,66,-198,-8376,0,0,-1,-893
24643,67,-198,-8376,0,0,-1,-893
24644,68,-198,-8376,0,0,-1,-893
24645,69,-198,-8376,0,0,-1,-893
24646,70,-198,-8576,-200,0,0,-1132
24647,71,-198,-8676,-100,0,0,-1290
24648,72,-198,-8776,-100,0,0,-1380
24649,73,-198,-8976,-200,0,0,-1578
24650,74,-198,-8979,-3,0,0,-1507
24651,75,-198,-9079,-100,0,0,-1624
24652,76,-197,-9079,0,-1,-1,-1734
24653,77,-197,-9079,0,-1,-1,-1734
24654,78,-197,-9079,0,-1,-1,-1734
24655,79,-197,-9079,0,0,-1,-1734
24656,80,-197,-9079,0,0,-1,-1734
24657,81,-197,-9079,0,0,-1,-1734
24658,82,-197,-9079,0,0,-1,-1734
24659,83,-197,-9079,0,0,-1,-1734
24660,84,-196,-8978,101,-1,-1,-1734
24661,85,-196,-8978,0,-1,-1,-1734
24662,86,-197,-9079,-101,0,0,-1734
24663,87,-197,-9079,0,0,0,-1734
24664,88,-196,-8978,101,-1,-1,-1734
24665,89,-196,-8978,0,-1,-1,-1600
24666,90,-196,-8978,0,-1,-1,-1600
24667,91,-196,-8978,0,0,-1,-1600
24668,92,-196,-8978,0,0,0,-1600
24669,93,-196,-9078,-100,0,0,-1500
24670,94,-196,-9178,-100,0,-1,-1569
24671,95,-195,-8637,541,-1,-2,-1470
24672,96,-195,-8637,0,-1,-1,-1470
24673,97,-195,-8637,0,-1,-1,-1470
24674,98,-195,-8637,0,-1,-1,-1470
24675,99,-195,-8637,0,-1,-1,-1470
24676,100,-195,-8637,0,-1,-1,-1470
24677,101,-195,-8637,0,0,-1,-1470
24678,102,-195,-8637,0,0,-1,-1470
24679,103,-195,-8637,0,0,0,-1470
24680,104,-195,-8637,0,0,0,-1470
24681,105,-195,-8637,0,0,0,-1470
24682,106,-195,-8637,0,0,0,-1470
24683,107,-195,-8637,0,0,0,-1470
24684,108,-195,-8637,0,0,0,-1470
24685,109,-195,-8637,0,0,0,-1470
24686,110,-195,-8637,0,0,0,-1470
24687,111,-195,-8637,0,0,0,-1470
24688,112,-195,-8637,0,0,0,-1470
24689,113,-195,-8637,0,0,0,-1470
24690,114,-195,-8637,0,0,0,-1470
24691,115,-195,-8637,0,0,0,-1470
24692,116,-195,-8637,0,0,0,-1470
24693,117,-195,-8637,0,0,0,-1470
24694,118,-196,-9079,-442,1,1,-1470
24695,119,-196,-9079,0,1,1,-1470
24696,120,-196,-9089,-10,1,1,-1380
24697,121,-196,-9089,0,1,1,-1380
24698,122,-196,-9089,0,1,1,-1380
24699,123,-196,-9089,0,1,1,-1380
24700,124,-196,-9089,0,1,1,-1380
24701,125,-196,-9089,0,1,1,-1380
24702,126,-196,-9089,0,1,0,-1380
24703,127,-196,-9089,0,1,0,-1380
24704,128,-196,-9089,0,1,0,-1380
24705,129,-196,-9089,0,1,0,-1380
24706,130,-196,-9089,0,1,0,-1380
24707,131,-196,-9089,0,1,0,-1380
24708,132,-196,-9089,0,1,0,-1380
24709,133,-196,-9089,0,1,0,-1380
24710,134,-196,-9089,0,1,0,-1380
24711,135,-196,-9089,0,1,0,-1380
24712,136,-196,-9089,0,1,0,-1380
24713,137,-196,-9089,0,1,0,-1380
24714,138,-196,-9089,0,1,0,-1380
24715,139,-196,-9089,0,1,0,-1275
24716,140,-196,-9089,0,1,0,-1275
24717,141,-196,-9089,0,1,0,-1275
24718,142,-196,-9089,0,1,0,-1160
24719,143,-196,-9089,0,1,0,-1160
24720,144,-196,-9089,0,1,0,-1160
24721,145,-196,-9089,0,1,0,-1160
24722,146,-196,-9089,0,1,0,-1160
24723,147,-196,-9089,0,1,0,-1160
24724,148,-197,-9129,-40,2,1,-1160
24725,149,-196,-9089,40,1,0,-1160
24726,150,-196,-9161,-72,1,0,-1032
24727,151,-196,-9161,0,1,0,-1032
24728,152,-196,-9161,0,1,0,-1032
24729,153,-196,-9061,100,1,0,-1032
24730,154,-196,-9079,-18,1,0,-950
24731,155,-195,-8737,342,0,-1,-950
24732,156,-195,-8837,-100,0,-2,-850
24733,157,-195,-8847,-10,0,-1,-857
24734,158,-195,-8947,-100,0,-1,-857
24735,159,-195,-8947,0,0,-1,-857
24736,160,-195,-8947,0,0,-1,-857
24737,161,-195,-8947,0,0,-1,-857
24738,162,-195,-8947,0,0,-1,-857
24739,163,-195,-8947,0,0,0,-857
24740,164,-195,-8947,0,0,0,-857
24741,165,-195,-8947,0,0,0,-857
24742,166,-195,-8947,0,0,0,-857
24743,167,-195,-8847,100,0,0,-857
24744,168,-195,-8847,0,0,0,-857
24745,169,-195,-8947,-100,0,0,-857
24746,170,-195,-8947,0,0,0,-857
24747,171,-195,-8947,0,0,0,-857
24748,172,-195,-8947,0,0,0,-857
24749,173,-195,-8947,0,0,0,-857
24750,174,-195,-8947,0,0,0,-857
24751,175,-195,-8947,0,0,0,-857
24752,176,-195,-8947,0,0,0,-857
24753,177,-195,-8847,100,0,0,-857
24754,178,-195,-8847,0,0,0,-857
24755,179,-195,-8847,0,0,0,-857
24756,180,-195,-8847,0,0,0,-857
24757,181,-195,-8847,0,0,0,-857
24758,182,-195,-8847,0,0,0,-857
24759,183,-195,-8847,0,0,0,-857
24760,184,-195,-8847,0,0,0,-857
24761,185,-195,-8847,0,0,0,-857
24762,186,-195,-8847,0,0,0,-857
24763,187,-195,-8847,0,0,0,-857
24764,188,-195,-8847,0,0,0,-857
24765,189,-195,-8847,0,0,0,-857
24766,190,-195,-8847,0,0,0,-857
24767,191,-195,-8847,0,0,0,-857
24768,192,-195,-8847,0,0,0,-857
24769,193,-195,-8847,0,0,0,-857
24770,194,-195,-8847,0,0,0,-857
24771,195,-195,-8847,0,0,0,-857
24772,196,-195,-8847,0,0,0,-857
24773,197,-195,-8947,-100,0,0,-857
24774,198,-195,-8947,0,0,0,-857
24775,199,-195,-8947,0,0,0,-857
24776,200,-195,-8747,200,0,0,-857
24777,201,-195,-8747,0,0,0,-857
24778,202,-195,-8747,0,0,0,-857
24779,203,-195,-8947,-200,0,0,-957
24780,204,-195,-8947,0,0,0,-957
24781,205,-195,-8947,0,0,0,-957
24782,206,-195,-8947,0,0,0,-957
24783,207,-195,-8947,0,0,0,-957
24784,208,-195,-8947,0,0,0,-856
24785,209,-195,-8947,0,0,0,-856
24786,210,-195,-8946,1,0,0,-856
24787,211,-195,-8846,100,0,0,-856
24788,212,-195,-8847,-1,0,0,-856
24789,213,-195,-8947,-100,0,0,-990
24790,214,-195,-8947,0,0,0,-990
24791,215,-195,-8947,0,0,0,-990
24792,216,-195,-8947,0,0,0,-990
24793,217,-195,-8947,0,0,0,-990
24794,218,-195,-8947,0,0,0,-990
24795,219,-195,-8947,0,0,0,-990
24796,220,-195,-8947,0,0,0,-990
24797,221,-195,-8947,0,0,0,-990
24798,222,-195,-8947,0,0,0,-990
24799,223,-195,-8947,0,0,0,-990
24800,224,-195,-8947,0,0,0,-990
24801,225,-195,-8947,0,0,0,-990
24802,226,-195,-8947,0,0,0,-990
24803,227,-195,-8947,0,0,0,-990
24804,228,-195,-8947,0,0,0,-891
24805,229,-195,-8947,0,0,0,-891
24806,230,-195,-8947,0,0,0,-940
24807,231,-195,-8947,0,0,0,-940
24808,232,-195,-8947,0,0,0,-940
24809,233,-195,-8947,0,0,0,-940
24810,234,-195,-8947,0,0,0,-940
24811,235,-195,-8947,0,0,0,-940
24812,236,-195,-8947,0,0,0,-940
24813,237,-195,-8947,0,0,0,-940
24814,238,-195,-8947,0,0,0,-940
24815,239,-195,-8947,0,0,0,-940
24816,240,-195,-8947,0,0,0,-952
24817,241,-195,-8947,0,0,0,-1057
24818,242,-195,-8947,0,0,0,-1172
24819,243,-195,-8947,0,0,0,-1172
24820,244,-195,-8947,0,0,0,-1172
24821,245,-195,-8947,0,0,0,-1172
24822,246,-195,-8947,0,0,0,-1172
24823,247,-195,-8947,0,0,0,-1172
24824,248,-195,-8947,0,0,0,-1105
24825,249,-195,-8947,0,0,0,-1387
24826,250,-195,-8947,0,0,0,-1387
24827,251,-195,-8947,0,0,0,-1387
24828,252,-195,-8947,0,0,0,-1507
24829,253,-195,-8947,0,0,0,-1507
24830,254,-195,-8947,0,0,0,-1507
24831,255,-195,-8947,0,0,0,-1507
24832,0,-195,-8947,0,0,0,-1507
24833,1,-195,-8947,0,0,0,-1507
24834,2,-195,-8947,0,0,0,-1507
24835,3,-195,-8947,0,0,0,-1498
24836,4,-195,-8947,0,0,0,-1417
24837,5,-195,-8947,0,0,0,-1327
24838,6,-195,-8947,0,0,0,-1128
24839,7,-195,-8947,0,0,0,-2129
24840,8,-195,-8947,0,0,0,-2129
24841,9,-195,-8947,0,0,0,-2428
24842,10,-195,-8947,0,0,0,-2428
24843,11,-195,-8947,0,0,0,-2428
24844,12,-195,-8947,0,0,0,-2428
24845,13,-195,-8947,0,0,0,-2428
24846,14,-195,-8947,0,0,0,-2428
24847,15,-195,-8947,0,0,0,-2428
24848,16,-195,-8947,0,0,0,-2428
24849,17,-195,-8947,0,0,0,-2428
24850,18,-195,-8947,0,0,0,-2318
24851,19,-195,-8947,0,0,0,-2318
24852,20,-195,-8947,0,0,0,-2318
24853,21,-195,-8947,0,0,0,-2318
24854,22,-195,-8947,0,0,0,-2318
24855,23,-195,-8947,0,0,0,-2318
24856,24,-195,-8947,0,0,0,-2178
24857,25,-195,-8947,0,0,0,-2423
24858,26,-195,-8947,0,0,0,-2423
24859,27,-195,-8947,0,0,0,-2423
24860,28,-195,-8947,0,0,0,-2423
24861,29,-195,-8947,0,0,0,-2423
24862,30,-195,-8947,0,0,0,-2423
24863,31,-195,-8947,0,0,0,-2423
24864,32,-195,-8947,0,0,0,-2423
24865,33,-195,-8947,0,0,0,-2423
24866,34,-195,-8947,0,0,0,-2423
24867,35,-195,-8947,0,0,0,-2423
24868,36,-195,-8947,0,0,0,-2423
24869,37,-195,-8947,0,0,0,-2423
24870,38,-195,-8947,0,0,0,-2423
24871,39,-195,-8947,0,0,0,-2423
24872,40,-195,-8947,0,0,0,-2313
24873,41,-195,-8947,0,0,0,-2313
24874,42,-195,-8947,0,0,0,-2313
24875,43,-195,-8947,0,0,0,-2313
24876,44,-195,-8947,0,0,0,-2313
24877,45,-195,-8947,0,0,0,-2203
24878,46,-195,-8947,0,0,0,-2188
24879,47,-195,-8947,0,0,0,-2188
24880,48,-195,-8947,0,0,0,-2188
24881,49,-195,-8947,0,0,0,-1898
24882,50,-195,-8947,0,0,0,-1875
24883,51,-195,-8947,0,0,0,-1968
24884,52,-195,-8947,0,0,0,-1968
24885,53,-195,-8947,0,0,0,-1968
24886,54,-195,-8947,0,0,0,-1968
24887,55,-195,-8947,0,0,0,-1968
24888,56,-195,-8947,0,0,0,-1968
24889,57,-195,-8947,0,0,0,-1968
24890,58,-195,-8947,0,0,0,-1888
24891,59,-195,-8947,0,0,0,-1841
24892,60,-195,-8947,0,0,0,-1951
24893,61,-195,-8947,0,0,0,-1951
24894,62,-195,-8947,0,0,0,-1951
24895,63,-195,-8947,0,0,0,-1955
24896,64,-195,-8947,0,0,0,-956
24897,65,-195,-8947,0,0,0,-956
24898,66,-195,-8947,0,0,0,-956
24899,67,-195,-8947,0,0,0,-756
24900,68,-195,-8947,0,0,0,-786
24901,69,-195,-8947,0,0,0,-877
24902,70,-195,-8947,0,0,0,-877
24903,71,-195,-8947,0,0,0,-877
24904,72,-195,-8947,0,0,0,-877
24905,73,-195,-8947,0,0,0,-877
24906,74,-195,-8947,0,0,0,-877
24907,75,-195,-8947,0,0,0,-877
24908,76,-195,-8947,0,0,0,-877
24909,77,-195,-8947,0,0,0,-877
24910,78,-195,-8947,0,0,0,-877
24911,79,-195,-8947,0,0,0,-599
24912,80,-195,-8947,0,0,0,-599
24913,81,-195,-8947,0,0,0,-599
24914,82,-195,-8947,0,0,0,-599
24915,83,-195,-8947,0,0,0,-598
24916,84,-195,-8947,0,0,0,-598
24917,85,-195,-8947,0,0,0,-598
24918,86,-195,-8947,0,0,0,-598
24919,87,-195,-8947,0,0,0,-598
24920,88,-195,-8947,0,0,0,-598
24921,89,-195,-8947,0,0,0,-598
24922,90,-195,-8947,0,0,0,-598
24923,91,-195,-8947,0,0,0,-598
24924,92,-195,-8947,0,0,0,-607
24925,93,-195,-8947,0,0,0,-607
24926,94,-195,-8947,0,0,0,-607
24927,95,-195,-8947,0,0,0,-607
24928,96,-195,-8947,0,0,0,-607
24929,97,-195,-8947,0,0,0,-607
24930,98,-195,-8947,0,0,0,-607
24931,99,-195,-8947,0,0,0,-629
24932,100,-195,-8947,0,0,0,-719
24933,101,-195,-8947,0,0,0,-719
24934,102,-195,-8947,0,0,0,-719
24935,103,-195,-8947,0,0,0,-719
24936,104,-195,-8947,0,0,0,-719
24937,105,-195,-8947,0,0,0,-719
24938,106,-195,-8947,0,0,0,-719
24939,107,-195,-8947,0,0,0,-719
24940,108,-195,-8947,0,0,0,-719
24941,109,-195,-8947,0,0,0,-719
24942,110,-195,-8947,0,0,0,-719
24943,111,-195,-8947,0,0,0,-643
24944,112,-195,-8947,0,0,0,-412
24945,113,-195,-8947,0,0,0,-412
24946,114,-195,-8947,0,0,0,-412
24947,115,-195,-8947,0,0,0,-509
24948,116,-195,-8947,0,0,0,-538
24949,117,-195,-8947,0,0,0,-428
24950,118,-195,-8947,0,0,0,-426
24951,119,-195,-8947,0,0,0,-573
24952,120,-195,-8947,0,0,0,-573
24953,121,-195,-8947,0,0,0,-573
24954,122,-195,-8947,0,0,0,-573
24955,123,-195,-8947,0,0,0,-573
24956,124,-195,-8947,0,0,0,-525
24957,125,-195,-8947,0,0,0,-433
24958,126,-195,-8947,0,0,0,-513
24959,127,-195,-8947,0,0,0,-513
24960,128,-195,-8947,0,0,0,-513
24961,129,-195,-8947,0,0,0,-513
24962,130,-195,-8947,0,0,0,-513
24963,131,-195,-8947,0,0,0,-513
24964,132,-195,-8947,0,0,0,-513
24965,133,-195,-8947,0,0,0,-513
24966,134,-195,-8947,0,0,0,-513
24967,135,-195,-8947,0,0,0,-513
24968,136,-195,-8947,0,0,0,-513
24969,137,-195,-8947,0,0,0,-513
24970,138,-195,-8947,0,0,0,-513
24971,139,-195,-8947,0,0,0,-513
24972,140,-195,-8947,0,0,0,-513
24973,141,-195,-8947,0,0,0,-513
24974,142,-195,-8947,0,0,0,-513
24975,143,-195,-8947,0,0,0,-513
24976,144,-195,-8947,0,0,0,-513
24977,145,-195,-8947,0,0,0,-513
24978,146,-195,-8947,0,0,0,-513
24979,147,-195,-8947,0,0,0,-534
24980,148,-195,-8947,0,0,0,-534
24981,149,-195,-8947,0,0,0,-534
24982,150,-195,-8947,0,0,0,-534
24983,151,-195,-8947,0,0,0,-534
24984,152,-195,-8947,0,0,0,-534
24985,153,-195,-8947,0,0,0,-534
24986,154,-195,-8947,0,0,0,-565
24987,155,-195,-8947,0,0,0,-666
24988,156,-195,-8947,0,0,0,-664
24989,157,-195,-8947,0,0,0,-664
24990,158,-195,-8947,0,0,0,-664
24991,159,-195,-8947,0,0,0,-664
24992,160,-195,-8947,0,0,0,-664
24993,161,-195,-8947,0,0,0,-664
24994,162,-195,-8947,0,0,0,-664
24995,163,-195,-8947,0,0,0,-664
24996,164,-195,-8947,0,0,0,-664
24997,165,-195,-8947,0,0,0,-664
24998,166,-195,-8947,0,0,0,-664
24999,167,-195,-8947,0,0,0,-664
25000,168,-195,-8947,0,0,0,-664
25001,169,-195,-8947,0,0,0,-664
25002,170,-195,-8947,0,0,0,-664
25003,171,-195,-8947,0,0,0,-664
25004,172,-195,-8947,0,0,0,-664
25005,173,-195,-8947,0,0,0,-542
25006,174,-195,-8947,0,0,0,-542
25007,175,-195,-8947,0,0,0,-542
25008,176,-195,-8947,0,0,0,-641
25009,177,-195,-8947,0,0,0,-641
25010,178,-195,-8947,0,0,0,-641
25011,179,-195,-8947,0,0,0,-641
25012,180,-195,-8947,0,0,0,-641
25013,181,-195,-8947,0,0,0,-641
25014,182,-195,-8947,0,0,0,-645
25015,183,-195,-8947,0,0,0,-645
25016,184,-195,-8947,0,0,0,-645
25017,185,-195,-8947,0,0,0,-645
25018,186,-195,-8947,0,0,0,-645
25019,187,-195,-8947,0,0,0,-645
25020,188,-195,-8947,0,0,0,-645
25021,189,-195,-8947,0,0,0,-645
25022,190,-195,-8947,0,0,0,-645
25023,191,-195,-8947,0,0,0,-645
25024,192,-195,-8947,0,0,0,-617
25025,193,-195,-8947,0,0,0,-617
25026,194,-195,-8947,0,0,0,-617
25027,195,-195,-8947,0,0,0,-617
25028,196,-195,-8947,0,0,0,-617
25029,197,-195,-8947,0,0,0,-516
25030,198,-195,-8947,0,0,0,-516
25031,199,-195,-8947,0,0,0,-516
25032,200,-195,-8947,0,0,0,-516
25033,201,-195,-8947,0,0,0,-516
25034,202,-195,-8947,0,0,0,-516
25035,203,-195,-8947,0,0,0,-516
25036,204,-195,-8947,0,0,0,-516
25037,205,-195,-8947,0,0,0,-516
25038,206,-195,-8947,0,0,0,-516
25039,207,-195,-8947,0,0,0,-509
25040,208,-195,-8947,0,0,0,-509
25041,209,-195,-8947,0,0,0,-516
25042,210,-195,-8947,0,0,0,-516
25043,211,-195,-8947,0,0,0,-516
25044,212,-195,-8947,0,0,0,-516
25045,213,-195,-8947,0,0,0,-468
25046,214,-195,-8947,0,0,0,-468
25047,215,-195,-8947,0,0,0,-468
25048,216,-195,-8947,0,0,0,-468
25049,217,-195,-8947,0,0,0,-406
25050,218,-195,-8947,0,0,0,-333
25051,219,-195,-8947,0,0,0,-333
25052,220,-195,-8947,0,0,0,-333
25053,221,-195,-8947,0,0,0,-333
25054,222,-195,-8947,0,0,0,-333
25055,223,-195,-8947,0,0,0,-333
25056,224,-195,-8947,0,0,0,-333
25057,225,-195,-8947,0,0,0,-333
25058,226,-195,-8947,0,0,0,-333
25059,227,-195,-8947,0,0,0,-333
25060,228,-195,-8947,0,0,0,-333
25061,229,-195,-8947,0,0,0,-133
25062,230,-195,-8947,0,0,0,-197
25063,231,-195,-8947,0,0,0,-197
25064,232,-195,-8947,0,0,0,-197
25065,233,-195,-8947,0,0,0,-197
25066,234,-195,-8947,0,0,0,-197
25067,235,-195,-8947,0,0,0,-197
25068,236,-195,-8947,0,0,0,-197
25069,237,-195,-8947,0,0,0,-197
25070,238,-195,-8947,0,0,0,-197
25071,239,-195,-8947,0,0,0,-197
25072,240,-195,-8947,0,0,0,-197
25073,241,-195,-8947,0,0,0,-197
25074,242,-195,-8947,0,0,0,-197
25075,243,-195,-8947,0,0,0,-197
25076,244,-195,-8947,0,0,0,-197
25077,245,-195,-8947,0,0,0,-197
25078,246,-195,-8947,0,0,0,-197
25079,247,-195,-8947,0,0,0,-197
25080,248,-195,-8947,0,0,0,-197
25081,249,-195,-8947,0,0,0,-197
25082,250,-195,-8947,0,0,0,-197
25083,251,-195,-8947,0,0,0,-197
25084,252,-195,-8947,0,0,0,-197
25085,253,-195,-8947,0,0,0,-197
25086,254,-195,-8947,0,0,0,-197
25087,255,-195,-8947,0,0,0,-197
25088,0,-195,-8947,0,0,0,-197
25089,1,-195,-8947,0,0,0,-197
25090,2,-195,-8947,0,0,0,-197
25091,3,-195,-8947,0,0,0,-197
25092,4,-195,-8947,0,0,0,-197
25093,5,-195,-8947,0,0,0,-197
25094,6,-195,-8947,0,0,0,-197
25095,7,-195,-8947,0,0,0,-197
25096,8,-195,-8947,0,0,0,-197
25097,9,-195,-8947,0,0,0,-197
25098,10,-195,-8947,0,0,0,-197
25099,11,-195,-8947,0,0,0,-197
25100,12,-195,-8947,0,0,0,-176
25101,13,-195,-8947,0,0,0,-176
25102,14,-195,-8947,0,0,0,-176
25103,15,-195,-8947,0,0,0,-176
25104,16,-195,-8947,0,0,0,-176
25105,17,-195,-8947,0,0,0,1
25106,18,-195,-8947,0,0,0,111
25107,19,-195,-8947,0,0,0,111
25108,20,-195,-8947,0,0,0,111
25109,21,-195,-8947,0,0,0,111
25110,22,-195,-8947,0,0,0,111
25111,23,-195,-8947,0,0,0,111
25112,24,-195,-8947,0,0,0,111
25113,25,-195,-8947,0,0,0,111
25114,26,-195,-8947,0,0,0,111
25115,27,-195,-8947,0,0,0,111
25116,28,-195,-8947,0,0,0,111
25117,29,-195,-8947,0,0,0,-6
25118,30,-195,-8947,0,0,0,-6
25119,31,-195,-8947,0,0,0,-6
25120,32,-195,-8947,0,0,0,89
25121,33,-195,-8947,0,0,0,89
25122,34,-195,-8947,0,0,0,89
25123,35,-195,-8947,0,0,0,89
25124,36,-195,-8947,0,0,0,89
25125,37,-195,-8947,0,0,0,89
25126,38,-195,-8947,0,0,0,89
25127,39,-195,-8947,0,0,0,89
25128,40,-195,-8947,0,0,0,89
25129,41,-195,-8947,0,0,0,89
25130,42,-195,-8947,0,0,0,89
25131,43,-195,-8947,0,0,0,89
25132,44,-195,-8947,0,0,0,89
25133,45,-195,-8947,0,0,0,89
25134,46,-195,-8947,0,0,0,89
25135,47,-195,-8947,0,0,0,89
25136,48,-195,-8947,0,0,0,89
25137,49,-195,-8947,0,0,0,89
25138,50,-195,-8947,0,0,0,89
25139,51,-195,-8947,0,0,0,75
25140,52,-195,-8947,0,0,0,75
25141,53,-195,-8947,0,0,0,75
25142,54,-195,-8947,0,0,0,75
25143,55,-195,-8947,0,0,0,75
25144,56,-195,-8947,0,0,0,-35
25145,57,-195,-8947,0,0,0,-35
25146,58,-195,-8947,0,0,0,-35
25147,59,-195,-8947,0,0,0,-35
25148,60,-195,-8947,0,0,0,-35
25149,61,-195,-8947,0,0,0,-35
25150,62,-195,-8947,0,0,0,-35
25151,63,-195,-8947,0,0,0,-35
25152,64,-195,-8947,0,0,0,-35
25153,65,-195,-8947,0,0,0,-35
25154,66,-195,-8947,0,0,0,68
25155,67,-195,-8947,0,0,0,68
25156,68,-195,-8947,0,0,0,68
25157,69,-195,-8947,0,0,0,68
25158,70,-195,-8947,0,0,0,68
25159,71,-195,-8947,0,0,0,68
25160,72,-195,-8947,0,0,0,-12
25161,73,-195,-8947,0,0,0,-12
25162,74,-195,-8947,0,0,0,-12
25163,75,-195,-8947,0,0,0,-12
25164,76,-195,-8947,0,0,0,-12
25165,77,-195,-8947,0,0,0,-12
25166,78,-195,-8947,0,0,0,-12
25167,79,-195,-8947,0,0,0,-12
25168,80,-195,-8947,0,0,0,-12
25169,81,-195,-8947,0,0,0,-12
25170,82,-195,-8947,0,0,0,-12
25171,83,-195,-8947,0,0,0,-12
25172,84,-195,-8947,0,0,0,-12
25173,85,-195,-8947,0,0,0,-12
25174,86,-195,-8947,0,0,0,-12
25175,87,-195,-8947,0,0,0,-12
25176,88,-195,-8947,0,0,0,-12
25177,89,-195,-8947,0,0,0,-12
25178,90,-195,-8947,0,0,0,-12
25179,91,-195,-8947,0,0,0,-12
25180,92,-195,-8947,0,0,0,-12
25181,93,-195,-8947,0,0,0,-12
25182,94,-195,-8947,0,0,0,-12
25183,95,-195,-8947,0,0,0,-12
25184,96,-195,-8947,0,0,0,-12
25185,97,-195,-8947,0,0,0,-12
25186,98,-195,-8947,0,0,0,-12
25187,99,-195,-8947,0,0,0,-12
25188,100,-195,-8947,0,0,0,-32
25189,101,-195,-8947,0,0,0,-32
25190,102,-195,-8947,0,0,0,-32
25191,103,-195,-8947,0,0,0,-32
25192,104,-195,-8947,0,0,0,-32
25193,105,-195,-8947,0,0,0,-32
25194,106,-195,-8947,0,0,0,-32
25195,107,-195,-8947,0,0,0,-32
25196,108,-195,-8947,0,0,0,-32
25197,109,-195,-8947,0,0,0,-117
25198,110,-195,-8947,0,0,0,-317
25199,111,-195,-8947,0,0,0,-317
25200,112,-195,-8947,0,0,0,-317
25201,113,-195,-8947,0,0,0,-317
25202,114,-195,-8947,0,0,0,-317
25203,115,-195,-8947,0,0,0,-317
25204,116,-195,-8947,0,0,0,-317
25205,117,-195,-8947,0,0,0,-317
25206,118,-195,-8947,0,0,0,-317
25207,119,-195,-8947,0,0,0,-317
25208,120,-195,-8947,0,0,0,-317
25209,121,-195,-8947,0,0,0,-317
25210,122,-195,-8947,0,0,0,-317
25211,123,-195,-8947,0,0,0,-317
25212,124,-195,-8947,0,0,0,-296
25213,125,-195,-8947,0,0,0,-352
25214,126,-195,-8947,0,0,0,-387
25215,127,-195,-8947,0,0,0,-387
25216,128,-195,-8947,0,0,0,-387
25217,129,-195,-8947,0,0,0,-387
25218,130,-195,-8947,0,0,0,-387
25219,131,-195,-8947,0,0,0,-387
25220,132,-195,-8947,0,0,0,-387
25221,133,-195,-8947,0,0,0,-387
25222,134,-195,-8947,0,0,0,-387
25223,135,-195,-8947,0,0,0,-387
25224,136,-195,-8947,0,0,0,-387
25225,137,-195,-8947,0,0,0,-387
25226,138,-195,-8947,0,0,0,-387
25227,139,-195,-8947,0,0,0,-387
25228,140,-195,-8947,0,0,0,-387
25229,141,-195,-8947,0,0,0,-387
25230,142,-195,-8947,0,0,0,-387
25231,143,-195,-8947,0,0,0,-387
25232,144,-195,-8947,0,0,0,-387
25233,145,-195,-8947,0,0,0,-387
25234,146,-195,-8947,0,0,0,-387
25235,147,-195,-8947,0,0,0,-387
25236,148,-195,-8947,0,0,0,-387
25237,149,-195,-8947,0,0,0,-387
25238,150,-195,-8947,0,0,0,-387
25239,151,-195,-8947,0,0,0,-387
25240,152,-195,-8947,0,0,0,-387
25241,153,-195,-8947,0,0,0,-387
25242,154,-195,-8947,0,0,0,-387
25243,155,-195,-8947,0,0,0,-387
25244,156,-195,-8947,0,0,0,-387
25245,157,-195,-8947,0,0,0,-387
25246,158,-195,-8947,0,0,0,-387
25247,159,-195,-8947,0,0,0,-387
25248,160,-195,-8947,0,0,0,-387
25249,161,-195,-8947,0,0,0,-387
25250,162,-195,-8947,0,0,0,-387
25251,163,-195,-8947,0,0,0,-387
25252,164,-195,-8947,0,0,0,-387
25253,165,-195,-8947,0,0,0,-387
25254,166,-195,-8947,0,0,0,-387
25255,167,-195,-8947,0,0,0,-387
25256,168,-195,-8947,0,0,0,-387
25257,169,-195,-8947,0,0,0,-387
25258,170,-195,-8947,0,0,0,-387
25259,171,-195,-8947,0,0,0,-387
25260,172,-195,-8947,0,0,0,-387
25261,173,-195,-8947,0,0,0,-387
25262,174,-195,-8947,0,0,0,-387
25263,175,-195,-8947,0,0,0,-387
25264,176,-195,-8947,0,0,0,-387
25265,177,-195,-8947,0,0,0,-387
25266,178,-195,-8947,0,0,0,-387
25267,179,-195,-8947,0,0,0,-387
25268,180,-195,-8947,0,0,0,-387
25269,181,-195,-8947,0,0,0,-387
25270,182,-195,-8947,0,0,0,-387
25271,183,-195,-8947,0,0,0,-387
25272,184,-195,-8947,0,0,0,-387
25273,185,-195,-8947,0,0,0,-387
25274,186,-195,-8947,0,0,0,-387
25275,187,-195,-8947,0,0,0,-387
25276,188,-195,-8947,0,0,0,-387
25277,189,-195,-8947,0,0,0,-387
25278,190,-195,-8947,0,0,0,-387
25279,191,-195,-8947,0,0,0,-387
25280,192,-195,-8947,0,0,0,-387
25281,193,-195,-8947,0,0,0,-387
25282,194,-195,-8947,0,0,0,-387
25283,195,-195,-8947,0,0,0,-387
25284,196,-195,-8947,0,0,0,-387
25285,197,-195,-8947,0,0,0,-387
25286,198,-195,-8947,0,0,0,-387
25287,199,-195,-8947,0,0,0,-387
25288,200,-195,-8947,0,0,0,-387
25289,201,-195,-8947,0,0,0,-387
25290,202,-195,-8947,0,0,0,-387
25291,203,-195,-8947,0,0,0,-387
25292,204,-195,-8947,0,0,0,-387
25293,205,-195,-8947,0,0,0,-387
25294,206,-195,-8947,0,0,0,-387
25295,207,-195,-8947,0,0,0,-387
25296,208,-195,-8947,0,0,0,-387
25297,209,-195,-8947,0,0,0,-387
25298,210,-195,-8947,0,0,0,-387
25299,211,-195,-8947,0,0,0,-387
25300,212,-195,-8947,0,0,0,-387
25301,213,-195,-8947,0,0,0,-387
25302,214,-195,-8947,0,0,0,-387
25303,215,-195,-8947,0,0,0,-387
25304,216,-195,-8947,0,0,0,-387
25305,217,-195,-8947,0,0,0,-387
25306,218,-195,-8947,0,0,0,-387
25307,219,-195,-8947,0,0,0,-387
25308,220,-195,-8947,0,0,0,-387
25309,221,-195,-8947,0,0,0,-387
25310,222,-195,-8947,0,0,0,-387
25311,223,-195,-8947,0,0,0,-387
25312,224,-195,-8947,0,0,0,-387
25313,225,-195,-8947,0,0,0,-387
25314,226,-195,-8947,0,0,0,-387
25315,227,-195,-8947,0,0,0,-387
25316,228,-195,-8947,0,0,0,-387
25317,229,-195,-8947,0,0,0,-387
25318,230,-195,-8947,0,0,0,-387
25319,231,-195,-8947,0,0,0,-387
25320,232,-195,-8947,0,0,0,-387
25321,233,-195,-8947,0,0,0,-387
25322,234,-195,-8947,0,0,0,-387
25323,235,-195,-8947,0,0,0,-387
25324,236,-195,-8947,0,0,0,-511
25325,237,-195,-8947,0,0,0,-771
25326,238,-195,-8947,0,0,0,-946
25327,239,-195,-8947,0,0,0,-943
25328,240,-195,-8947,0,0,0,-851
25329,241,-195,-8947,0,0,0,-766
25330,242,-195,-8947,0,0,0,-936
25331,243,-195,-8947,0,0,0,-1066
25332,244,-195,-8947,0,0,0,-978
25333,245,-195,-8947,0,0,0,-970
25334,246,-195,-8947,0,0,0,-964
25335,247,-195,-8947,0,0,0,-950
25336,248,-195,-8947,0,0,0,-870
25337,249,-195,-8947,0,0,0,-831
25338,250,-195,-8947,0,0,0,-1242
25339,251,-195,-8947,0,0,0,-1242
25340,252,-195,-8947,0,0,0,-1242
25341,253,-195,-8947,0,0,0,-1242
25342,254,-195,-8947,0,0,0,-1242
25343,255,-195,-8947,0,0,0,-1331
25344,0,-195,-8947,0,0,0,-1294
25345,1,-195,-8947,0,0,0,-1184
25346,2,-195,-8947,0,0,0,-924
25347,3,-195,-8947,0,0,0,-1029
25348,4,-195,-8947,0,0,0,-1029
25349,5,-195,-8947,0,0,0,-1029
25350,6,-195,-8947,0,0,0,-1029
25351,7,-195,-8947,0,0,0,-1029
25352,8,-195,-8947,0,0,0,-1029
25353,9,-195,-8947,0,0,0,-1029
25354,10,-195,-8947,0,0,0,-1029
25355,11,-195,-8947,0,0,0,-1029
25356,12,-195,-8947,0,0,0,-1029
25357,13,-195,-8947,0,0,0,-1029
25358,14,-195,-8947,0,0,0,-1098
25359,15,-195,-8947,0,0,0,-1098
25360,16,-195,-8947,0,0,0,-1098
25361,17,-195,-8947,0,0,0,-1098
25362,18,-195,-8947,0,0,0,-1098
25363,19,-195,-8947,0,0,0,-1098
25364,20,-195,-8947,0,0,0,-1098
25365,21,-195,-8947,0,0,0,-1098
25366,22,-195,-8947,0,0,0,-1183
25367,23,-195,-8947,0,0,0,-1183
25368,24,-195,-8947,0,0,0,-1213
25369,25,-195,-8947,0,0,0,-1213
25370,26,-195,-8947,0,0,0,-1260
25371,27,-195,-8947,0,0,0,-1260
25372,28,-195,-8947,0,0,0,-1274
25373,29,-195,-8947,0,0,0,-1188
25374,30,-195,-8947,0,0,0,-1204
25375,31,-195,-8947,0,0,0,-1256
25376,32,-195,-8947,0,0,0,-1248
25377,33,-195,-8947,0,0,0,-1244
25378,34,-195,-8947,0,0,0,-777
25379,35,-195,-8947,0,0,0,-657
25380,36,-195,-8947,0,0,0,-1147
25381,37,-195,-8947,0,0,0,-1597
25382,38,-195,-8947,0,0,0,-1588
25383,39,-195,-8947,0,0,0,-1491
25384,40,-195,-8947,0,0,0,-1429
25385,41,-195,-8947,0,0,0,-1343
25386,42,-195,-8947,0,0,0,-1253
25387,43,-195,-8947,0,0,0,-1186
25388,44,-195,-8947,0,0,0,-1200
25389,45,-195,-8947,0,0,0,-1294
25390,46,-195,-8947,0,0,0,-1374
25391,47,-195,-8947,0,0,0,-1391
25392,48,-195,-8947,0,0,0,-1479
25393,49,-195,-8947,0,0,0,-1498
25394,50,-195,-8947,0,0,0,-1492
25395,51,-195,-8947,0,0,0,-1492
25396,52,-195,-8947,0,0,0,-1013
25397,53,-195,-8947,0,0,0,-563
25398,54,-195,-8947,0,0,0,-572
25399,55,-195,-8947,0,0,0,-577
25400,56,-195,-8947,0,0,0,-572
25401,57,-195,-8947,0,0,0,-562
25402,58,-195,-8947,0,0,0,-652
25403,59,-195,-8947,0,0,0,-692
25404,60,-195,-8947,0,0,0,-762
25405,61,-195,-8947,0,0,0,-667
25406,62,-195,-8947,0,0,0,-667
25407,63,-195,-8947,0,0,0,-593
25408,64,-195,-8947,0,0,0,-555
25409,65,-195,-8947,0,0,0,-593
25410,66,-195,-8947,0,0,0,-664
25411,67,-195,-8947,0,0,0,-666
25412,68,-195,-8947,0,0,0,-649
25413,69,-195,-8947,0,0,0,-699
25414,70,-195,-8947,0,0,0,-714
25415,71,-195,-8947,0,0,0,-714
25416,72,-195,-8947,0,0,0,-714
25417,73,-195,-8947,0,0,0,-714
25418,74,-195,-8947,0,0,0,-729
25419,75,-195,-8947,0,0,0,-1219
25420,76,-195,-8947,0,0,0,-1315
25421,77,-195,-8947,0,0,0,-1333
25422,78,-195,-8947,0,0,0,-1333
25423,79,-195,-8947,0,0,0,-1333
25424,80,-195,-8947,0,0,0,-1333
25425,81,-195,-8947,0,0,0,-1333
25426,82,-195,-8947,0,0,0,-1333
25427,83,-195,-8947,0,0,0,-1333
25428,84,-195,-8947,0,0,0,-1333
25429,85,-195,-8947,0,0,0,-1483
25430,86,-195,-8947,0,0,0,-1483
25431,87,-195,-8947,0,0,0,-1415
25432,88,-195,-8947,0,0,0,-1910
25433,89,-195,-8947,0,0,0,-2078
25434,90,-195,-8947,0,0,0,-2078
25435,91,-195,-8947,0,0,0,-2109
25436,92,-195,-8947,0,0,0,-2062
25437,93,-195,-8947,0,0,0,-2029
25438,94,-195,-8947,0,0,0,-2029
25439,95,-195,-8947,0,0,0,-2029
25440,96,-195,-8947,0,0,0,-2029
25441,97,-195,-8947,0,0,0,-2029
25442,98,-195,-8947,0,0,0,-2029
25443,99,-195,-8947,0,0,0,-2029
25444,100,-195,-8947,0,0,0,-2029
25445,101,-195,-8947,0,0,0,-2029
25446,102,-195,-8947,0,0,0,-2029
25447,103,-195,-8947,0,0,0,-2029
25448,104,-195,-8947,0,0,0,-2254
25449,105,-195,-8947,0,0,0,-2297
25450,106,-195,-8947,0,0,0,-2325
25451,107,-195,-8947,0,0,0,-2227
25452,108,-195,-8947,0,0,0,-2502
25453,109,-195,-8947,0,0,0,-2473
25454,110,-195,-8947,0,0,0,-1983
25455,111,-195,-8947,0,0,0,-1983
25456,112,-195,-8947,0,0,0,-1965
25457,113,-195,-8947,0,0,0,-1775
25458,114,-195,-8947,0,0,0,-1763
25459,115,-195,-8947,0,0,0,-1363
25460,116,-195,-8947,0,0,0,-1363
25461,117,-195,-8947,0,0,0,-1363
25462,118,-195,-8947,0,0,0,-1363
25463,119,-195,-8947,0,0,0,-1363
25464,120,-195,-8947,0,0,0,-1363
25465,121,-195,-8947,0,0,0,-1363
25466,122,-195,-8947,0,0,0,-1363
25467,123,-195,-8947,0,0,0,-1363
25468,124,-195,-8947,0,0,0,-1363
25469,125,-195,-8947,0,0,0,-1363
25470,126,-195,-8947,0,0,0,-1363
25471,127,-195,-8947,0,0,0,-1363
25472,128,-195,-8947,0,0,0,-1363
25473,129,-195,-8947,0,0,0,-1110
25474,130,-195,-8947,0,0,0,-1110
25475,131,-195,-8947,0,0,0,-1110
25476,132,-195,-8947,0,0,0,-1110
25477,133,-195,-8947,0,0,0,-1110
25478,134,-195,-8947,0,0,0,-1110
25479,135,-195,-8947,0,0,0,-1110
25480,136,-195,-8947,0,0,0,-1110
25481,137,-195,-8947,0,0,0,-1178
25482,138,-195,-8947,0,0,0,-1178
25483,139,-195,-8947,0,0,0,-1178
25484,140,-195,-8947,0,0,0,-1178
25485,141,-195,-8947,0,0,0,-1178
25486,142,-195,-8947,0,0,0,-1178
25487,143,-195,-8947,0,0,0,-1178
25488,144,-195,-8947,0,0,0,-1178
25489,145,-195,-8947,0,0,0,-1178
25490,146,-195,-8947,0,0,0,-1178
25491,147,-195,-8947,0,0,0,-1178
25492,148,-195,-8947,0,0,0,-1178
25493,149,-195,-8947,0,0,0,-1178
25494,150,-195,-8947,0,0,0,-1178
25495,151,-195,-8947,0,0,0,-1178
25496,152,-195,-8947,0,0,0,-1178
25497,153,-195,-8947,0,0,0,-1178
25498,154,-195,-8947,0,0,0,-1178
25499,155,-195,-8947,0,0,0,-1178
25500,156,-195,-8947,0,0,0,-1178
25501,157,-195,-8947,0,0,0,-1178
25502,158,-195,-8947,0,0,0,-1178
25503,159,-195,-8947,0,0,0,-1178
25504,160,-195,-8947,0,0,0,-1178
25505,161,-195,-8947,0,0,0,-1178
25506,162,-195,-8947,0,0,0,-1178
25507,163,-195,-8947,0,0,0,-1178
25508,164,-195,-8947,0,0,0,-1178
25509,165,-195,-8947,0,0,0,-1178
25510,166,-195,-8947,0,0,0,-1178
25511,167,-195,-8947,0,0,0,-1178
25512,168,-195,-8947,0,0,0,-1178
25513,169,-195,-8947,0,0,0,-1178
25514,170,-195,-8947,0,0,0,-1178
25515,171,-195,-8947,0,0,0,-1178
25516,172,-195,-8947,0,0,0,-1178
25517,173,-195,-8947,0,0,0,-1178
25518,174,-195,-8947,0,0,0,-1178
25519,175,-195,-8947,0,0,0,-1178
25520,176,-195,-8947,0,0,0,-1178
25521,177,-195,-8947,0,0,0,-1178
25522,178,-195,-8947,0,0,0,-1178
25523,179,-195,-8947,0,0,0,-1178
25524,180,-195,-8947,0,0,0,-1178
25525,181,-195,-8947,0,0,0,-1178
25526,182,-195,-8947,0,0,0,-1178
25527,183,-195,-8947,0,0,0,-1178
25528,184,-195,-8947,0,0,0,-1178
25529,185,-195,-8947,0,0,0,-1178
25530,186,-195,-8947,0,0,0,-1178
25531,187,-195,-8947,0,0,0,-1178
25532,188,-195,-8947,0,0,0,-974
25533,189,-195,-8947,0,0,0,-974
25534,190,-195,-8947,0,0,0,-974
25535,191,-195,-8947,0,0,0,-974
25536,192,-195,-8947,0,0,0,-974
25537,193,-195,-8947,0,0,0,-974
25538,194,-195,-8947,0,0,0,-974
25539,195,-195,-8947,0,0,0,-974
25540,196,-195,-8947,0,0,0,-974
25541,197,-195,-8947,0,0,0,-974
25542,198,-195,-8947,0,0,0,-974
25543,199,-195,-8947,0,0,0,-974
25544,200,-195,-8947,0,0,0,-974
25545,201,-195,-8947,0,0,0,-974
25546,202,-195,-8947,0,0,0,-974
25547,203,-195,-8947,0,0,0,-974
25548,204,-195,-8947,0,0,0,-974
25549,205,-195,-8947,0,0,0,-829
25550,206,-195,-8947,0,0,0,-829
25551,207,-195,-8947,0,0,0,-829
25552,208,-195,-8947,0,0,0,-829
25553,209,-195,-8947,0,0,0,-829
25554,210,-195,-8947,0,0,0,-829
25555,211,-195,-8947,0,0,0,-829
25556,212,-195,-8947,0,0,0,-829
25557,213,-195,-8947,0,0,0,-829
25558,214,-195,-8947,0,0,0,-829
25559,215,-195,-8947,0,0,0,-829
25560,216,-195,-8947,0,0,0,-829
25561,217,-195,-8947,0,0,0,-829
25562,218,-195,-8947,0,0,0,-628
25563,219,-195,-8947,0,0,0,-628
25564,220,-195,-8947,0,0,0,-628
25565,221,-195,-8947,0,0,0,-628
25566,222,-195,-8947,0,0,0,-628
25567,223,-195,-8947,0,0,0,-628
25568,224,-195,-8947,0,0,0,-628
25569,225,-195,-8947,0,0,0,-628
25570,226,-195,-8947,0,0,0,-628
25571,227,-195,-8947,0,0,0,-628
25572,228,-195,-8947,0,0,0,-628
25573,229,-195,-8947,0,0,0,-628
25574,230,-195,-8947,0,0,0,-628
25575,231,-195,-8947,0,0,0,-628
25576,232,-195,-8947,0,0,0,-628
25577,233,-195,-8947,0,0,0,-628
25578,234,-195,-8947,0,0,0,-628
25579,235,-195,-8947,0,0,0,-628
25580,236,-195,-8947,0,0,0,-628
25581,237,-195,-8947,0,0,0,-595
25582,238,-195,-8947,0,0,0,-800
25583,239,-195,-8947,0,0,0,-1661
25584,240,-195,-8947,0,0,0,-1661
25585,241,-195,-8947,0,0,0,-1661
25586,242,-195,-8947,0,0,0,-1661
25587,243,-195,-8947,0,0,0,-1417
25588,244,-195,-8947,0,0,0,-1417
25589,245,-195,-8947,0,0,0,-1417
25590,246,-195,-8947,0,0,0,-1417
25591,247,-195,-8947,0,0,0,-1417
25592,248,-195,-8947,0,0,0,-1417
25593,249,-195,-8947,0,0,0,-1417
25594,250,-195,-8947,0,0,0,-1417
25595,251,-195,-8947,0,0,0,-1417
25596,252,-195,-8947,0,0,0,-1417
25597,253,-195,-8947,0,0,0,-1417
25598,254,-195,-8947,0,0,0,-1417
25599,255,-195,-8947,0,0,0,-1417
25600,0,-195,-8947,0,0,0,-1417
25601,1,-195,-8947,0,0,0,-1417
25602,2,-195,-8947,0,0,0,-1417
25603,3,-195,-8947,0,0,0,-1417
25604,4,-195,-8947,0,0,0,-1417
25605,5,-195,-8947,0,0,0,-1417
25606,6,-195,-8947,0,0,0,-1417
25607,7,-195,-8947,0,0,0,-1417
25608,8,-195,-8947,0,0,0,-1417
25609,9,-195,-8947,0,0,0,-1417
25610,10,-195,-8947,0,0,0,-1417
25611,11,-195,-8947,0,0,0,-1417
25612,12,-195,-8947,0,0,0,-1417
25613,13,-195,-8947,0,0,0,-1417
25614,14,-195,-8947,0,0,0,-1417
25615,15,-195,-8947,0,0,0,-1417
25616,16,-195,-8947,0,0,0,-1417
25617,17,-195,-8947,0,0,0,-1417
25618,18,-195,-8947,0,0,0,-1417
25619,19,-195,-8947,0,0,0,-1417
25620,20,-195,-8947,0,0,0,-1423
25621,21,-195,-8947,0,0,0,-1423
25622,22,-195,-8947,0,0,0,-1423
25623,23,-195,-8947,0,0,0,-1423
25624,24,-195,-8947,0,0,0,-1440
25625,25,-195,-8947,0,0,0,-1440
25626,26,-195,-8947,0,0,0,-1440
25627,27,-195,-8947,0,0,0,-1440
25628,28,-195,-8947,0,0,0,-1440
25629,29,-195,-8947,0,0,0,-1440
25630,30,-195,-8947,0,0,0,-1440
25631,31,-195,-8947,0,0,0,-1440
25632,32,-195,-8947,0,0,0,-1440
25633,33,-195,-8947,0,0,0,-1440
25634,34,-195,-8947,0,0,0,-1440
25635,35,-195,-8947,0,0,0,-1440
25636,36,-195,-8947,0,0,0,-1440
25637,37,-195,-8947,0,0,0,-1440
25638,38,-195,-8947,0,0,0,-1440
25639,39,-195,-8947,0,0,0,-1440
25640,40,-195,-8947,0,0,0,-1440
25641,41,-195,-8947,0,0,0,-1440
25642,42,-195,-8947,0,0,0,-1440
25643,43,-195,-8947,0,0,0,-1440
25644,44,-195,-8947,0,0,0,-1440
25645,45,-195,-8947,0,0,0,-1440
25646,46,-195,-8947,0,0,0,-1440
25647,47,-195,-8947,0,0,0,-1440
25648,48,-195,-8947,0,0,0,-1440
25649,49,-195,-8947,0,0,0,-1440
25650,50,-195,-8947,0,0,0,-1440
25651,51,-195,-8947,0,0,0,-1440
25652,52,-195,-8947,0,0,0,-1440
25653,53,-195,-8947,0,0,0,-1440
25654,54,-195,-8947,0,0,0,-1440
25655,55,-195,-8947,0,0,0,-1440
25656,56,-195,-8947,0,0,0,-1440
25657,57,-195,-8947,0,0,0,-1440
25658,58,-195,-8947,0,0,0,-1440
25659,59,-195,-8947,0,0,0,-1440
25660,60,-195,-8947,0,0,0,-1440
25661,61,-195,-8947,0,0,0,-1440
25662,62,-195,-8947,0,0,0,-1365
25663,63,-195,-8947,0,0,0,-1285
25664,64,-195,-8947,0,0,0,-1375
25665,65,-195,-8947,0,0,0,-1356
25666,66,-195,-8947,0,0,0,-1756
25667,67,-195,-8947,0,0,0,-1756
25668,68,-195,-8947,0,0,0,-1756
25669,69,-195,-8947,0,0,0,-1756
25670,70,-195,-8947,0,0,0,-1756
25671,71,-195,-8947,0,0,0,-1756
25672,72,-195,-8947,0,0,0,-1756
25673,73,-195,-8947,0,0,0,-1756
25674,74,-195,-8947,0,0,0,-1801
25675,75,-195,-8947,0,0,0,-1741
25676,76,-195,-8947,0,0,0,-1990
25677,77,-195,-8947,0,0,0,-1990
25678,78,-195,-8947,0,0,0,-1990
25679,79,-195,-8947,0,0,0,-1990
25680,80,-195,-8947,0,0,0,-1990
25681,81,-195,-8947,0,0,0,-1990
25682,82,-195,-8947,0,0,0,-1990
25683,83,-195,-8947,0,0,0,-1990
25684,84,-195,-8947,0,0,0,-1990
25685,85,-195,-8947,0,0,0,-1990
25686,86,-195,-8947,0,0,0,-1990
25687,87,-195,-8947,0,0,0,-1990
25688,88,-195,-8947,0,0,0,-1990
25689,89,-195,-8947,0,0,0,-1990
25690,90,-195,-8947,0,0,0,-1990
25691,91,-195,-8947,0,0,0,-1990
25692,92,-195,-8947,0,0,0,-2111
25693,93,-195,-8947,0,0,0,-2111
25694,94,-195,-8947,0,0,0,-2111
25695,95,-195,-8947,0,0,0,-2111
25696,96,-195,-8947,0,0,0,-2111
25697,97,-195,-8947,0,0,0,-2111
25698,98,-195,-8947,0,0,0,-2111
25699,99,-195,-8947,0,0,0,-2111
25700,100,-195,-8947,0,0,0,-2111
25701,101,-195,-8947,0,0,0,-2014
25702,102,-195,-8947,0,0,0,-2022
25703,103,-195,-8947,0,0,0,-2022
25704,104,-195,-8947,0,0,0,-2022
25705,105,-195,-8947,0,0,0,-2022
25706,106,-195,-8947,0,0,0,-2022
25707,107,-195,-8947,0,0,0,-2022
25708,108,-195,-8947,0,0,0,-1810
25709,109,-195,-8947,0,0,0,-1810
25710,110,-195,-8947,0,0,0,-1810
25711,111,-195,-8947,0,0,0,-1810
25712,112,-195,-8947,0,0,0,-1810
25713,113,-195,-8947,0,0,0,-1810
25714,114,-195,-8947,0,0,0,-1810
25715,115,-195,-8947,0,0,0,-1810
25716,116,-195,-8947,0,0,0,-999
25717,117,-195,-8947,0,0,0,-999
25718,118,-195,-8947,0,0,0,-999
25719,119,-195,-8947,0,0,0,-999
25720,120,-195,-8947,0,0,0,-999
25721,121,-195,-8947,0,0,0,-999
25722,122,-195,-8947,0,0,0,-999
25723,123,-195,-8947,0,0,0,-999
25724,124,-195,-8947,0,0,0,-999
25725,125,-195,-8947,0,0,0,-999
25726,126,-195,-8947,0,0,0,-999
25727,127,-195,-8947,0,0,0,-999
25728,128,-195,-8947,0,0,0,-999
25729,129,-195,-8947,0,0,0,-999
25730,130,-195,-8947,0,0,0,-999
25731,131,-195,-8947,0,0,0,-999
25732,132,-195,-8947,0,0,0,-999
25733,133,-195,-8947,0,0,0,-999
25734,134,-195,-8947,0,0,0,-1043
25735,135,-195,-8947,0,0,0,-1044
25736,136,-195,-8947,0,0,0,-1021
25737,137,-195,-8947,0,0,0,-1096
25738,138,-195,-8947,0,0,0,-1376
25739,139,-195,-8947,0,0,0,-1311
25740,140,-195,-8947,0,0,0,-1410
25741,141,-195,-8947,0,0,0,-930
25742,142,-195,-8947,0,0,0,-950
25743,143,-195,-8947,0,0,0,-930
25744,144,-195,-8947,0,0,0,-900
25745,145,-195,-8947,0,0,0,-902
25746,146,-195,-8947,0,0,0,-902
25747,147,-195,-8947,0,0,0,-902
25748,148,-195,-8947,0,0,0,-902
25749,149,-195,-8947,0,0,0,-902
25750,150,-195,-8947,0,0,0,-902
25751,151,-195,-8947,0,0,0,-902
25752,152,-195,-8947,0,0,0,-902
25753,153,-195,-8947,0,0,0,-902
25754,154,-195,-8947,0,0,0,-902
25755,155,-195,-8947,0,0,0,-902
25756,156,-195,-8947,0,0,0,-901
25757,157,-195,-8947,0,0,0,-901
25758,158,-195,-8947,0,0,0,-901
25759,159,-195,-8947,0,0,0,-901
25760,160,-195,-8947,0,0,0,-901
25761,161,-195,-8947,0,0,0,-901
25762,162,-195,-8947,0,0,0,-901
25763,163,-195,-8947,0,0,0,-901
25764,164,-195,-8947,0,0,0,-901
25765,165,-195,-8947,0,0,0,-901
25766,166,-195,-8947,0,0,0,-901
25767,167,-195,-8947,0,0,0,-901
25768,168,-195,-8947,0,0,0,-901
25769,169,-195,-8947,0,0,0,-901
25770,170,-195,-8947,0,0,0,-901
25771,171,-195,-8947,0,0,0,-901
25772,172,-195,-8947,0,0,0,-901
25773,173,-195,-8947,0,0,0,-901
25774,174,-195,-8947,0,0,0,-901
25775,175,-195,-8947,0,0,0,-901
25776,176,-195,-8947,0,0,0,-901
25777,177,-195,-8947,0,0,0,-901
25778,178,-195,-8947,0,0,0,-901
25779,179,-195,-8947,0,0,0,-778
25780,180,-195,-8947,0,0,0,-653
25781,181,-195,-8947,0,0,0,-501
25782,182,-195,-8947,0,0,0,-501
25783,183,-195,-8947,0,0,0,-501
25784,184,-195,-8947,0,0,0,-501
25785,185,-195,-8947,0,0,0,-501
25786,186,-195,-8947,0,0,0,-501
25787,187,-195,-8947,0,0,0,-501
25788,188,-195,-8947,0,0,0,-501
25789,189,-195,-8947,0,0,0,-501
25790,190,-195,-8947,0,0,0,-501
25791,191,-195,-8947,0,0,0,-301
25792,192,-195,-8947,0,0,0,-193
25793,193,-195,-8947,0,0,0,-193
25794,194,-195,-8947,0,0,0,-193
25795,195,-195,-8947,0,0,0,-193
25796,196,-195,-8947,0,0,0,-193
25797,197,-195,-8947,0,0,0,-193
25798,198,-195,-8947,0,0,0,-193
25799,199,-195,-8947,0,0,0,-89
25800,200,-195,-8947,0,0,0,111
25801,201,-195,-8947,0,0,0,511
25802,202,-195,-8947,0,0,0,556
25803,203,-195,-8947,0,0,0,746
25804,204,-195,-8947,0,0,0,776
25805,205,-195,-8947,0,0,0,776
25806,206,-195,-8947,0,0,0,776
25807,207,-195,-8947,0,0,0,776
25808,208,-195,-8947,0,0,0,866
25809,209,-195,-8947,0,0,0,866
25810,210,-195,-8947,0,0,0,866
25811,211,-195,-8947,0,0,0,866
25812,212,-195,-8947,0,0,0,976
25813,213,-195,-8947,0,0,0,976
25814,214,-195,-8947,0,0,0,976
25815,215,-195,-8947,0,0,0,976
25816,216,-195,-8947,0,0,0,976
25817,217,-195,-8947,0,0,0,1106
25818,218,-195,-8947,0,0,0,1106
25819,219,-195,-8947,0,0,0,1106
25820,220,-195,-8947,0,0,0,1106
25821,221,-195,-8947,0,0,0,1106
25822,222,-195,-8947,0,0,0,1106
25823,223,-195,-8947,0,0,0,1209
25824,224,-195,-8947,0,0,0,1209
25825,225,-195,-8947,0,0,0,1209
25826,226,-195,-8947,0,0,0,1209
25827,227,-195,-8947,0,0,0,1224
25828,228,-195,-8947,0,0,0,1224
25829,229,-195,-8947,0,0,0,1224
25830,230,-195,-8947,0,0,0,1224
25831,231,-195,-8947,0,0,0,1134
25832,232,-195,-8947,0,0,0,1488
25833,233,-195,-8947,0,0,0,1488
25834,234,-195,-8947,0,0,0,1488
25835,235,-195,-8947,0,0,0,1488
25836,236,-195,-8947,0,0,0,1488
25837,237,-195,-8947,0,0,0,1488
25838,238,-195,-8947,0,0,0,1488
25839,239,-195,-8947,0,0,0,1488
25840,240,-195,-8947,0,0,0,1488
25841,241,-195,-8947,0,0,0,1488
25842,242,-195,-8947,0,0,0,1488
25843,243,-195,-8947,0,0,0,1488
25844,244,-195,-8947,0,0,0,1488
25845,245,-195,-8947,0,0,0,1488
25846,246,-195,-8947,0,0,0,1488
25847,247,-195,-8947,0,0,0,1488
25848,248,-195,-8947,0,0,0,1488
25849,249,-195,-8947,0,0,0,1488
25850,250,-195,-8947,0,0,0,1488
25851,251,-195,-8947,0,0,0,1488
25852,252,-195,-8947,0,0,0,1488
25853,253,-195,-8947,0,0,0,1488
25854,254,-195,-8947,0,0,0,1488
25855,255,-195,-8947,0,0,0,1488
25856,0,-195,-8947,0,0,0,1488
25857,1,-195,-8947,0,0,0,1488
25858,2,-195,-8947,0,0,0,1488
25859,3,-195,-8947,0,0,0,1488
25860,4,-195,-8947,0,0,0,1488
25861,5,-195,-8947,0,0,0,1488
25862,6,-195,-8947,0,0,0,1339
25863,7,-195,-8947,0,0,0,1181
25864,8,-195,-8947,0,0,0,1079
25865,9,-195,-8947,0,0,0,1079
25866,10,-195,-8947,0,0,0,1079
25867,11,-195,-8947,0,0,0,1079
25868,12,-195,-8947,0,0,0,969
25869,13,-195,-8947,0,0,0,969
25870,14,-195,-8947,0,0,0,969
25871,15,-195,-8947,0,0,0,969
25872,16,-195,-8947,0,0,0,969
25873,17,-195,-8947,0,0,0,969
25874,18,-195,-8947,0,0,0,969
25875,19,-195,-8947,0,0,0,969
25876,20,-195,-8947,0,0,0,969
25877,21,-195,-8947,0,0,0,969
25878,22,-195,-8947,0,0,0,969
25879,23,-195,-8947,0,0,0,969
25880,24,-195,-8947,0,0,0,969
25881,25,-195,-8947,0,0,0,969
25882,26,-195,-8947,0,0,0,969
25883,27,-195,-8947,0,0,0,969
25884,28,-195,-8947,0,0,0,969
25885,29,-195,-8947,0,0,0,969
25886,30,-195,-8947,0,0,0,969
25887,31,-195,-8947,0,0,0,969
25888,32,-195,-8947,0,0,0,969
25889,33,-195,-8947,0,0,0,813
25890,34,-195,-8947,0,0,0,759
25891,35,-195,-8947,0,0,0,759
25892,36,-195,-8947,0,0,0,759
25893,37,-195,-8947,0,0,0,759
25894,38,-195,-8947,0,0,0,759
25895,39,-195,-8947,0,0,0,759
25896,40,-195,-8947,0,0,0,759
25897,41,-195,-8947,0,0,0,759
25898,42,-195,-8947,0,0,0,759
25899,43,-195,-8947,0,0,0,759
25900,44,-195,-8947,0,0,0,769
25901,45,-195,-8947,0,0,0,769
25902,46,-195,-8947,0,0,0,769
25903,47,-195,-8947,0,0,0,758
25904,48,-195,-8947,0,0,0,649
25905,49,-195,-8947,0,0,0,649
25906,50,-195,-8947,0,0,0,649
25907,51,-195,-8947,0,0,0,649
25908,52,-195,-8947,0,0,0,649
25909,53,-195,-8947,0,0,0,649
25910,54,-195,-8947,0,0,0,649
25911,55,-195,-8947,0,0,0,649
25912,56,-195,-8947,0,0,0,649
25913,57,-195,-8947,0,0,0,649
25914,58,-195,-8947,0,0,0,649
25915,59,-195,-8947,0,0,0,542
25916,60,-195,-8947,0,0,0,438
25917,61,-195,-8947,0,0,0,438
25918,62,-195,-8947,0,0,0,438
25919,63,-195,-8947,0,0,0,438
25920,64,-195,-8947,0,0,0,438
25921,65,-195,-8947,0,0,0,438
25922,66,-195,-8947,0,0,0,438
25923,67,-195,-8947,0,0,0,438
25924,68,-195,-8947,0,0,0,438
25925,69,-195,-8947,0,0,0,438
25926,70,-195,-8947,0,0,0,438
25927,71,-195,-8947,0,0,0,438
25928,72,-195,-8947,0,0,0,438
25929,73,-195,-8947,0,0,0,438
25930,74,-195,-8947,0,0,0,438
25931,75,-195,-8947,0,0,0,438
25932,76,-195,-8947,0,0,0,438
25933,77,-195,-8947,0,0,0,260
25934,78,-195,-8947,0,0,0,224
25935,79,-195,-8947,0,0,0,224
25936,80,-195,-8947,0,0,0,224
25937,81,-195,-8947,0,0,0,224
25938,82,-195,-8947,0,0,0,224
25939,83,-195,-8947,0,0,0,224
25940,84,-195,-8947,0,0,0,224
25941,85,-195,-8947,0,0,0,224
25942,86,-195,-8947,0,0,0,224
25943,87,-195,-8947,0,0,0,224
25944,88,-195,-8947,0,0,0,224
25945,89,-195,-8947,0,0,0,224
25946,90,-195,-8947,0,0,0,224
25947,91,-195,-8947,0,0,0,224
25948,92,-195,-8947,0,0,0,224
25949,93,-195,-8947,0,0,0,224
25950,94,-195,-8947,0,0,0,387
25951,95,-195,-8947,0,0,0,387
25952,96,-195,-8947,0,0,0,387
25953,97,-195,-8947,0,0,0,387
25954,98,-195,-8947,0,0,0,387
25955,99,-195,-8947,0,0,0,-57
25956,100,-195,-8947,0,0,0,-57
25957,101,-195,-8947,0,0,0,-57
25958,102,-195,-8947,0,0,0,-57
25959,103,-195,-8947,0,0,0,-57
25960,104,-195,-8947,0,0,0,-57
25961,105,-195,-8947,0,0,0,-57
25962,106,-195,-8947,0,0,0,-57
25963,107,-195,-8947,0,0,0,-57
25964,108,-195,-8947,0,0,0,-57
25965,109,-195,-8947,0,0,0,-57
25966,110,-195,-8947,0,0,0,-57
25967,111,-195,-8947,0,0,0,-57
25968,112,-195,-8947,0,0,0,-57
25969,113,-195,-8947,0,0,0,-57
25970,114,-195,-8947,0,0,0,-57
25971,115,-195,-8947,0,0,0,-57
25972,116,-195,-8947,0,0,0,-57
25973,117,-195,-8947,0,0,0,-57
25974,118,-195,-8947,0,0,0,-57
25975,119,-195,-8947,0,0,0,-57
25976,120,-195,-8947,0,0,0,-57
25977,121,-195,-8947,0,0,0,-57
25978,122,-195,-8947,0,0,0,-57
25979,123,-195,-8947,0,0,0,-57
25980,124,-195,-8947,0,0,0,-57
25981,125,-195,-8947,0,0,0,-57
25982,126,-195,-8947,0,0,0,-57
25983,127,-195,-8947,0,0,0,-57
25984,128,-195,-8947,0,0,0,-57
25985,129,-195,-8947,0,0,0,-57
25986,130,-195,-8947,0,0,0,-57
25987,131,-195,-8947,0,0,0,-57
25988,132,-195,-8947,0,0,0,-57
25989,133,-195,-8947,0,0,0,-57
25990,134,-195,-8947,0,0,0,-57
25991,135,-195,-8947,0,0,0,-57
25992,136,-195,-8947,0,0,0,-57
25993,137,-195,-8947,0,0,0,-57
25994,138,-195,-8947,0,0,0,-57
25995,139,-195,-8947,0,0,0,-57
25996,140,-195,-8947,0,0,0,-57
25997,141,-195,-8947,0,0,0,-57
25998,142,-195,-8947,0,0,0,-57
25999,143,-195,-8947,0,0,0,-57
26000,144,-195,-8947,0,0,0,-57
26001,145,-195,-8947,0,0,0,-57
26002,146,-195,-8947,0,0,0,-57
26003,147,-195,-8947,0,0,0,-57
26004,148,-195,-8947,0,0,0,-57
26005,149,-195,-8947,0,0,0,-57
26006,150,-195,-8947,0,0,0,-57
26007,151,-195,-8947,0,0,0,-57
26008,152,-195,-8947,0,0,0,-57
26009,153,-195,-8947,0,0,0,-57
26010,154,-195,-8947,0,0,0,-57
26011,155,-195,-8947,0,0,0,-57
26012,156,-195,-8947,0,0,0,-57
26013,157,-195,-8947,0,0,0,-57
26014,158,-195,-8947,0,0,0,-57
26015,159,-195,-8947,0,0,0,-57
26016,160,-195,-8947,0,0,0,-57
26017,161,-195,-8947,0,0,0,-57
26018,162,-195,-8947,0,0,0,-57
26019,163,-195,-8947,0,0,0,-57
26020,164,-195,-8947,0,0,0,-57
26021,165,-195,-8947,0,0,0,-57
26022,166,-195,-8947,0,0,0,-57
26023,167,-195,-8947,0,0,0,-57
26024,168,-195,-8947,0,0,0,-57
26025,169,-195,-8947,0,0,0,-57
26026,170,-195,-8947,0,0,0,-57
26027,171,-195,-8947,0,0,0,-57
26028,172,-195,-8947,0,0,0,-57
26029,173,-195,-8947,0,0,0,-57
26030,174,-195,-8947,0,0,0,-57
26031,175,-195,-8947,0,0,0,-57
26032,176,-195,-8947,0,0,0,-57
26033,177,-195,-8947,0,0,0,-57
26034,178,-195,-8947,0,0,0,-57
26035,179,-195,-8947,0,0,0,-57
26036,180,-195,-8947,0,0,0,-57
26037,181,-195,-8947,0,0,0,-57
26038,182,-195,-8947,0,0,0,-57
26039,183,-195,-8947,0,0,0,-57
26040,184,-195,-8947,0,0,0,-57
26041,185,-195,-8947,0,0,0,-57
26042,186,-195,-8947,0,0,0,-57
26043,187,-195,-8947,0,0,0,-57
26044,188,-195,-8947,0,0,0,-57
26045,189,-195,-8947,0,0,0,-57
26046,190,-195,-8947,0,0,0,-57
26047,191,-195,-8947,0,0,0,-57
26048,192,-195,-8947,0,0,0,-57
26049,193,-195,-8947,0,0,0,-57
26050,194,-195,-8947,0,0,0,-57
26051,195,-195,-8947,0,0,0,-57
26052,196,-195,-8947,0,0,0,-57
26053,197,-195,-8947,0,0,0,-57
26054,198,-195,-8947,0,0,0,-57
26055,199,-195,-8947,0,0,0,-57
26056,200,-195,-8947,0,0,0,-57
26057,201,-195,-8947,0,0,0,-57
26058,202,-195,-8947,0,0,0,-57
26059,203,-195,-8947,0,0,0,-57
26060,204,-195,-8947,0,0,0,-57
26061,205,-195,-8947,0,0,0,-57
26062,206,-195,-8947,0,0,0,-57
26063,207,-195,-8947,0,0,0,-57
26064,208,-195,-8947,0,0,0,-57
26065,209,-195,-8947,0,0,0,-57
26066,210,-195,-8947,0,0,0,92
26067,211,-195,-8947,0,0,0,92
26068,212,-195,-8947,0,0,0,92
26069,213,-195,-8947,0,0,0,92
26070,214,-195,-8947,0,0,0,92
26071,215,-195,-8947,0,0,0,92
26072,216,-195,-8947,0,0,0,92
26073,217,-195,-8947,0,0,0,92
26074,218,-195,-8947,0,0,0,92
26075,219,-195,-8947,0,0,0,92
26076,220,-195,-8947,0,0,0,92
26077,221,-195,-8947,0,0,0,92
26078,222,-195,-8947,0,0,0,92
26079,223,-195,-8947,0,0,0,92
26080,224,-195,-8947,0,0,0,92
26081,225,-195,-8947,0,0,0,92
26082,226,-195,-8947,0,0,0,250
26083,227,-195,-8947,0,0,0,325
26084,228,-195,-8947,0,0,0,325
26085,229,-195,-8947,0,0,0,325
26086,230,-195,-8947,0,0,0,362
26087,231,-195,-8947,0,0,0,362
26088,232,-195,-8947,0,0,0,362
26089,233,-195,-8947,0,0,0,362
26090,234,-195,-8947,0,0,0,252
26091,235,-195,-8947,0,0,0,252
26092,236,-195,-8947,0,0,0,252
26093,237,-195,-8947,0,0,0,310
26094,238,-195,-8947,0,0,0,310
26095,239,-195,-8947,0,0,0,310
26096,240,-195,-8947,0,0,0,310
26097,241,-195,-8947,0,0,0,310
26098,242,-195,-8947,0,0,0,310
26099,243,-195,-8947,0,0,0,310
26100,244,-195,-8947,0,0,0,310
26101,245,-195,-8947,0,0,0,310
26102,246,-195,-8947,0,0,0,310
26103,247,-195,-8947,0,0,0,310
26104,248,-195,-8947,0,0,0,352
26105,249,-195,-8947,0,0,0,352
26106,250,-195,-8947,0,0,0,352
26107,251,-195,-8947,0,0,0,352
26108,252,-195,-8947,0,0,0,352
26109,253,-195,-8947,0,0,0,352
26110,254,-195,-8947,0,0,0,352
26111,255,-195,-8947,0,0,0,352
26112,0,-195,-8947,0,0,0,352
26113,1,-195,-8947,0,0,0,352
26114,2,-195,-8947,0,0,0,352
26115,3,-195,-8947,0,0,0,352
26116,4,-195,-8947,0,0,0,352
26117,5,-195,-8947,0,0,0,352
26118,6,-195,-8947,0,0,0,352
26119,7,-195,-8947,0,0,0,352
26120,8,-195,-8947,0,0,0,352
26121,9,-195,-8947,0,0,0,352
26122,10,-195,-8947,0,0,0,352
26123,11,-195,-8947,0,0,0,352
26124,12,-195,-8947,0,0,0,352
26125,13,-195,-8947,0,0,0,352
26126,14,-195,-8947,0,0,0,352
26127,15,-195,-8947,0,0,0,212
26128,16,-195,-8947,0,0,0,153
26129,17,-195,-8947,0,0,0,247
26130,18,-195,-8947,0,0,0,254
26131,19,-195,-8947,0,0,0,158
26132,20,-195,-8947,0,0,0,-549
26133,21,-195,-8947,0,0,0,-549
26134,22,-195,-8947,0,0,0,-549
26135,23,-195,-8947,0,0,0,-549
26136,24,-195,-8947,0,0,0,-549
26137,25,-195,-8947,0,0,0,-549
26138,26,-195,-8947,0,0,0,-627
26139,27,-195,-8947,0,0,0,-627
26140,28,-195,-8947,0,0,0,-627
26141,29,-195,-8947,0,0,0,-1915
26142,30,-195,-8947,0,0,0,-1915
26143,31,-195,-8947,0,0,0,-1915
26144,32,-195,-8947,0,0,0,-1915
26145,33,-195,-8947,0,0,0,-1915
26146,34,-195,-8947,0,0,0,-1935
26147,35,-195,-8947,0,0,0,-1935
26148,36,-195,-8947,0,0,0,-1935
26149,37,-195,-8947,0,0,0,-1935
26150,38,-195,-8947,0,0,0,-1935
26151,39,-195,-8947,0,0,0,-1935
26152,40,-195,-8947,0,0,0,-1935
26153,41,-195,-8947,0,0,0,-1935
26154,42,-195,-8947,0,0,0,-2135
26155,43,-195,-8947,0,0,0,-2135
26156,44,-195,-8947,0,0,0,-2135
26157,45,-195,-8947,0,0,0,-2135
26158,46,-195,-8947,0,0,0,-2135
26159,47,-195,-8947,0,0,0,-2135
26160,48,-195,-8947,0,0,0,-2135
26161,49,-195,-8947,0,0,0,-2135
26162,50,-195,-8947,0,0,0,-2135
26163,51,-195,-8947,0,0,0,-2135
26164,52,-195,-8947,0,0,0,-2135
26165,53,-195,-8947,0,0,0,-2135
26166,54,-195,-8947,0,0,0,-2135
26167,55,-195,-8947,0,0,0,-2135
26168,56,-195,-8947,0,0,0,-2135
26169,57,-195,-8947,0,0,0,-2135
26170,58,-195,-8947,0,0,0,-2135
26171,59,-195,-8947,0,0,0,-2135
26172,60,-195,-8947,0,0,0,-2135
26173,61,-195,-8947,0,0,0,-2135
26174,62,-195,-8947,0,0,0,-2135
26175,63,-195,-8947,0,0,0,-2135
26176,64,-195,-8947,0,0,0,-2135
26177,65,-195,-8947,0,0,0,-2135
26178,66,-195,-8947,0,0,0,-2285
26179,67,-195,-8947,0,0,0,-2376
26180,68,-195,-8947,0,0,0,-2414
26181,69,-195,-8947,0,0,0,-2414
26182,70,-195,-8947,0,0,0,-2414
26183,71,-195,-8947,0,0,0,-2414
26184,72,-195,-8947,0,0,0,-2414
26185,73,-195,-8947,0,0,0,-2414
26186,74,-195,-8947,0,0,0,-2516
26187,75,-195,-8947,0,0,0,-2516
26188,76,-195,-8947,0,0,0,-2516
26189,77,-195,-8947,0,0,0,-2516
26190,78,-195,-8947,0,0,0,-2516
26191,79,-195,-8947,0,0,0,-2516
26192,80,-195,-8947,0,0,0,-2519
26193,81,-195,-8947,0,0,0,-2499
26194,82,-195,-8947,0,0,0,-2539
26195,83,-195,-8947,0,0,0,-2734
26196,84,-195,-8947,0,0,0,-2764
26197,85,-195,-8947,0,0,0,-2672
26198,86,-195,-8947,0,0,0,-2672
26199,87,-195,-8947,0,0,0,-2672
26200,88,-195,-8947,0,0,0,-1987
26201,89,-195,-8947,0,0,0,-1987
26202,90,-195,-8947,0,0,0,-1124
26203,91,-195,-8947,0,0,0,-1124
26204,92,-195,-8947,0,0,0,-1124
26205,93,-195,-8947,0,0,0,-1124
26206,94,-195,-8947,0,0,0,-1124
26207,95,-195,-8947,0,0,0,-1124
26208,96,-195,-8947,0,0,0,-1124
26209,97,-195,-8947,0,0,0,-1124
26210,98,-195,-8947,0,0,0,-1124
26211,99,-195,-8947,0,0,0,-1124
26212,100,-195,-8947,0,0,0,-1124
26213,101,-195,-8947,0,0,0,-1124
26214,102,-195,-8947,0,0,0,-1075
26215,103,-195,-8947,0,0,0,-1075
26216,104,-195,-8947,0,0,0,-1075
26217,105,-195,-8947,0,0,0,-1075
26218,106,-195,-8947,0,0,0,-1075
26219,107,-195,-8947,0,0,0,-1075
26220,108,-195,-8947,0,0,0,-1075
26221,109,-195,-8947,0,0,0,-1075
26222,110,-195,-8947,0,0,0,-1075
26223,111,-195,-8947,0,0,0,-1075
26224,112,-195,-8947,0,0,0,-1075
26225,113,-195,-8947,0,0,0,-1075
26226,114,-195,-8947,0,0,0,-1037
26227,115,-195,-8947,0,0,0,-1037
26228,116,-195,-8947,0,0,0,-1037
26229,117,-195,-8947,0,0,0,-1037
26230,118,-195,-8947,0,0,0,-1037
26231,119,-195,-8947,0,0,0,-1037
26232,120,-195,-8947,0,0,0,-1037
26233,121,-195,-8947,0,0,0,-1037
26234,122,-195,-8947,0,0,0,-1037
26235,123,-195,-8947,0,0,0,-1037
26236,124,-195,-8947,0,0,0,-1037
26237,125,-195,-8947,0,0,0,-1037
26238,126,-195,-8947,0,0,0,-1037
26239,127,-195,-8947,0,0,0,-1037
26240,128,-195,-8947,0,0,0,-1037
26241,129,-195,-8947,0,0,0,-1037
26242,130,-195,-8947,0,0,0,-1037
26243,131,-195,-8947,0,0,0,-1037
26244,132,-195,-8947,0,0,0,-1037
26245,133,-195,-8947,0,0,0,-1037
26246,134,-195,-8947,0,0,0,-1037
26247,135,-195,-8947,0,0,0,-1037
26248,136,-195,-8947,0,0,0,-1037
26249,137,-195,-8947,0,0,0,-1037
26250,138,-195,-8947,0,0,0,-1016
26251,139,-195,-8947,0,0,0,-1016
26252,140,-195,-8947,0,0,0,-1016
26253,141,-195,-8947,0,0,0,-1016
26254,142,-195,-8947,0,0,0,-1106
26255,143,-195,-8947,0,0,0,-1106
26256,144,-195,-8947,0,0,0,-1106
26257,145,-195,-8947,0,0,0,-1106
26258,146,-195,-8947,0,0,0,-1106
26259,147,-195,-8947,0,0,0,-1106
26260,148,-195,-8947,0,0,0,-1106
26261,149,-195,-8947,0,0,0,-1106
26262,150,-195,-8947,0,0,0,-1106
26263,151,-195,-8947,0,0,0,-1106
26264,152,-195,-8947,0,0,0,-1106
26265,153,-195,-8947,0,0,0,-1106
26266,154,-195,-8947,0,0,0,-1106
26267,155,-195,-8947,0,0,0,-1106
26268,156,-195,-8947,0,0,0,-1106
26269,157,-195,-8947,0,0,0,-1106
26270,158,-195,-8947,0,0,0,-1106
26271,159,-195,-8947,0,0,0,-1106
26272,160,-195,-8947,0,0,0,-1106
26273,161,-195,-8947,0,0,0,-1106
26274,162,-195,-8947,0,0,0,-1106
26275,163,-195,-8947,0,0,0,-1201
26276,164,-195,-8947,0,0,0,-1252
26277,165,-195,-8947,0,0,0,-1252
26278,166,-195,-8947,0,0,0,-1252
26279,167,-195,-8947,0,0,0,-1252
26280,168,-195,-8947,0,0,0,-1252
26281,169,-195,-8947,0,0,0,-1252
26282,170,-195,-8947,0,0,0,-1252
26283,171,-195,-8947,0,0,0,-1252
26284,172,-195,-8947,0,0,0,-1252
26285,173,-195,-8947,0,0,0,-1252
26286,174,-195,-8947,0,0,0,-1252
26287,175,-195,-8947,0,0,0,-1252
26288,176,-195,-8947,0,0,0,-1252
26289,177,-195,-8947,0,0,0,-1252
26290,178,-195,-8947,0,0,0,-1252
26291,179,-195,-8947,0,0,0,-1252
26292,180,-195,-8947,0,0,0,-1252
26293,181,-195,-8947,0,0,0,-1252
26294,182,-195,-8947,0,0,0,-1252
26295,183,-195,-8947,0,0,0,-1252
26296,184,-195,-8947,0,0,0,-1252
26297,185,-195,-8947,0,0,0,-1252
26298,186,-195,-8947,0,0,0,-1176
26299,187,-195,-8947,0,0,0,-1052
26300,188,-195,-8947,0,0,0,-1052
26301,189,-195,-8947,0,0,0,-1052
26302,190,-195,-8947,0,0,0,-1052
26303,191,-195,-8947,0,0,0,-1052
26304,192,-195,-8947,0,0,0,-1052
26305,193,-195,-8947,0,0,0,-1052
26306,194,-195,-8947,0,0,0,-1052
26307,195,-195,-8947,0,0,0,-1052
26308,196,-195,-8947,0,0,0,-1052
26309,197,-195,-8947,0,0,0,-1052
26310,198,-195,-8947,0,0,0,-1052
26311,199,-195,-8947,0,0,0,-1001
26312,200,-195,-8947,0,0,0,-1001
26313,201,-195,-8947,0,0,0,-1001
26314,202,-195,-8947,0,0,0,-1001
26315,203,-195,-8947,0,0,0,-1001
26316,204,-195,-8947,0,0,0,-1001
26317,205,-195,-8947,0,0,0,-917
26318,206,-195,-8947,0,0,0,-917
26319,207,-195,-8947,0,0,0,-917
26320,208,-195,-8947,0,0,0,-917
26321,209,-195,-8947,0,0,0,-917
26322,210,-195,-8947,0,0,0,-917
26323,211,-195,-8947,0,0,0,-917
26324,212,-195,-8947,0,0,0,-917
26325,213,-195,-8947,0,0,0,-917
26326,214,-195,-8947,0,0,0,-917
26327,215,-195,-8947,0,0,0,-917
26328,216,-195,-8947,0,0,0,-917
26329,217,-195,-8947,0,0,0,-917
26330,218,-195,-8947,0,0,0,-917
26331,219,-195,-8947,0,0,0,-917
26332,220,-195,-8947,0,0,0,-917
26333,221,-195,-8947,0,0,0,-917
26334,222,-195,-8947,0,0,0,-917
26335,223,-195,-8947,0,0,0,-917
26336,224,-195,-8947,0,0,0,-917
26337,225,-195,-8947,0,0,0,-917
26338,226,-195,-8947,0,0,0,-917
26339,227,-195,-8947,0,0,0,-917
26340,228,-195,-8947,0,0,0,-917
26341,229,-195,-8947,0,0,0,-917
26342,230,-195,-8947,0,0,0,-917
26343,231,-195,-8947,0,0,0,-917
26344,232,-195,-8947,0,0,0,-917
26345,233,-195,-8947,0,0,0,-917
26346,234,-195,-8947,0,0,0,-917
26347,235,-195,-8947,0,0,0,-917
26348,236,-195,-8947,0,0,0,-917
26349,237,-195,-8947,0,0,0,-917
26350,238,-195,-8947,0,0,0,-917
26351,239,-195,-8947,0,0,0,-917
26352,240,-195,-8947,0,0,0,-917
26353,241,-195,-8947,0,0,0,-917
26354,242,-195,-8947,0,0,0,-917
26355,243,-195,-8947,0,0,0,-917
26356,244,-195,-8947,0,0,0,-917
26357,245,-195,-8947,0,0,0,-917
26358,246,-195,-8947,0,0,0,-917
26359,247,-195,-8947,0,0,0,-917
26360,248,-195,-8947,0,0,0,-917
26361,249,-195,-8947,0,0,0,-917
26362,250,-195,-8947,0,0,0,-917
26363,251,-195,-8947,0,0,0,-917
26364,252,-195,-8947,0,0,0,-917
26365,253,-195,-8947,0,0,0,-917
26366,254,-195,-8947,0,0,0,-917
26367,255,-195,-8947,0,0,0,-917
26368,0,-195,-8947,0,0,0,-917
26369,1,-195,-8947,0,0,0,-917
26370,2,-195,-8947,0,0,0,-917
26371,3,-195,-8947,0,0,0,-917
26372,4,-195,-8947,0,0,0,-917
26373,5,-195,-8947,0,0,0,-917
26374,6,-195,-8947,0,0,0,-917
26375,7,-195,-8947,0,0,0,-917
26376,8,-195,-8947,0,0,0,-917
26377,9,-195,-8947,0,0,0,-917
26378,10,-195,-8947,0,0,0,-917
26379,11,-195,-8947,0,0,0,-917
26380,12,-195,-8947,0,0,0,-917
26381,13,-195,-8947,0,0,0,-917
26382,14,-195,-8947,0,0,0,-917
26383,15,-195,-8947,0,0,0,-917
26384,16,-195,-8947,0,0,0,-917
26385,17,-195,-8947,0,0,0,-917
26386,18,-195,-8947,0,0,0,-917
26387,19,-195,-8947,0,0,0,-917
26388,20,-195,-8947,0,0,0,-917
26389,21,-195,-8947,0,0,0,-917
26390,22,-195,-8947,0,0,0,-917
26391,23,-195,-8947,0,0,0,-917
26392,24,-195,-8947,0,0,0,-917
26393,25,-195,-8947,0,0,0,-917
26394,26,-195,-8947,0,0,0,-917
26395,27,-195,-8947,0,0,0,-917
26396,28,-195,-8947,0,0,0,-917
26397,29,-195,-8947,0,0,0,-917
26398,30,-195,-8947,0,0,0,-917
26399,31,-195,-8947,0,0,0,-917
26400,32,-195,-8947,0,0,0,-917
26401,33,-195,-8947,0,0,0,-917
26402,34,-195,-8947,0,0,0,-917
26403,35,-195,-8947,0,0,0,-917
26404,36,-195,-8947,0,0,0,-917
26405,37,-195,-8947,0,0,0,-917
26406,38,-195,-8947,0,0,0,-917
26407,39,-195,-8947,0,0,0,-917
26408,40,-195,-8947,0,0,0,-917
26409,41,-195,-8947,0,0,0,-917
26410,42,-195,-8947,0,0,0,-917
26411,43,-195,-8947,0,0,0,-917
26412,44,-195,-8947,0,0,0,-917
26413,45,-195,-8947,0,0,0,-917
26414,46,-195,-8947,0,0,0,-917
26415,47,-195,-8947,0,0,0,-917
26416,48,-195,-8947,0,0,0,-917
26417,49,-195,-8947,0,0,0,-917
26418,50,-195,-8947,0,0,0,-917
26419,51,-195,-8947,0,0,0,-917
26420,52,-195,-8947,0,0,0,-917
26421,53,-195,-8947,0,0,0,-917
26422,54,-195,-8947,0,0,0,-917
26423,55,-195,-8947,0,0,0,-917
26424,56,-195,-8947,0,0,0,-917
26425,57,-195,-8947,0,0,0,-917
26426,58,-195,-8947,0,0,0,-917
26427,59,-195,-8947,0,0,0,-917
26428,60,-195,-8947,0,0,0,-917
26429,61,-195,-8947,0,0,0,-917
26430,62,-195,-8947,0,0,0,-917
26431,63,-195,-8947,0,0,0,-917
26432,64,-195,-8947,0,0,0,-917
26433,65,-195,-8947,0,0,0,-917
26434,66,-195,-8947,0,0,0,-917
26435,67,-195,-8947,0,0,0,-917
26436,68,-195,-8947,0,0,0,-917
26437,69,-195,-8947,0,0,0,-917
26438,70,-195,-8947,0,0,0,-917
26439,71,-195,-8947,0,0,0,-917
26440,72,-195,-8947,0,0,0,-917
26441,73,-195,-8947,0,0,0,-917
26442,74,-195,-8947,0,0,0,-917
26443,75,-195,-8947,0,0,0,-917
26444,76,-195,-8947,0,0,0,-917
26445,77,-195,-8947,0,0,0,-917
26446,78,-195,-8947,0,0,0,-917
26447,79,-195,-8947,0,0,0,-917
26448,80,-195,-8947,0,0,0,-917
26449,81,-195,-8947,0,0,0,-917
26450,82,-195,-8947,0,0,0,-917
26451,83,-195,-8947,0,0,0,-917
26452,84,-195,-8947,0,0,0,-917
26453,85,-195,-8947,0,0,0,-917
26454,86,-195,-8947,0,0,0,-917
26455,87,-195,-8947,0,0,0,-917
26456,88,-195,-8947,0,0,0,-917
26457,89,-195,-8947,0,0,0,-917
26458,90,-195,-8947,0,0,0,-917
26459,91,-195,-8947,0,0,0,-917
26460,92,-195,-8947,0,0,0,-917
26461,93,-195,-8947,0,0,0,-917
26462,94,-195,-8947,0,0,0,-917
26463,95,-195,-8947,0,0,0,-917
26464,96,-195,-8947,0,0,0,-917
26465,97,-195,-8947,0,0,0,-917
26466,98,-195,-8947,0,0,0,-917
26467,99,-195,-8947,0,0,0,-769
26468,100,-195,-8947,0,0,0,-471
26469,101,-195,-8947,0,0,0,-376
26470,102,-195,-8947,0,0,0,-261
26471,103,-195,-8947,0,0,0,-261
26472,104,-195,-8947,0,0,0,-261
26473,105,-195,-8947,0,0,0,-261
26474,106,-195,-8947,0,0,0,-261
26475,107,-195,-8947,0,0,0,-261
26476,108,-195,-8947,0,0,0,-261
26477,109,-195,-8947,0,0,0,-261
26478,110,-195,-8947,0,0,0,-360
26479,111,-195,-8947,0,0,0,-360
26480,112,-195,-8947,0,0,0,-360
26481,113,-195,-8947,0,0,0,-480
26482,114,-195,-8947,0,0,0,-480
26483,115,-195,-8947,0,0,0,-480
26484,116,-195,-8947,0,0,0,-480
26485,117,-195,-8947,0,0,0,-590
26486,118,-195,-8947,0,0,0,-590
26487,119,-195,-8947,0,0,0,-590
26488,120,-195,-8947,0,0,0,-590
26489,121,-195,-8947,0,0,0,-590
26490,122,-195,-8947,0,0,0,-590
26491,123,-195,-8947,0,0,0,-590
26492,124,-195,-8947,0,0,0,-414
26493,125,-195,-8947,0,0,0,-414
26494,126,-195,-8947,0,0,0,-414
26495,127,-195,-8947,0,0,0,-290
26496,128,-195,-8947,0,0,0,-290
26497,129,-195,-8947,0,0,0,-290
26498,130,-195,-8947,0,0,0,-290
26499,131,-195,-8947,0,0,0,-290
26500,132,-195,-8947,0,0,0,-290
26501,133,-195,-8947,0,0,0,-290
26502,134,-195,-8947,0,0,0,-290
26503,135,-195,-8947,0,0,0,-290
26504,136,-195,-8947,0,0,0,-290
26505,137,-195,-8947,0,0,0,-290
26506,138,-195,-8947,0,0,0,-290
26507,139,-195,-8947,0,0,0,-290
26508,140,-195,-8947,0,0,0,-290
26509,141,-195,-8947,0,0,0,-290
26510,142,-195,-8947,0,0,0,-290
26511,143,-195,-8947,0,0,0,-290
26512,144,-195,-8947,0,0,0,-290
26513,145,-195,-8947,0,0,0,-290
26514,146,-195,-8947,0,0,0,-290
26515,147,-195,-8947,0,0,0,-290
26516,148,-195,-8947,0,0,0,-290
26517,149,-195,-8947,0,0,0,-290
26518,150,-195,-8947,0,0,0,-290
26519,151,-195,-8947,0,0,0,-290
26520,152,-195,-8947,0,0,0,-290
26521,153,-195,-8947,0,0,0,-290
26522,154,-195,-8947,0,0,0,-290
26523,155,-195,-8947,0,0,0,-290
26524,156,-195,-8947,0,0,0,-290
26525,157,-195,-8947,0,0,0,-290
26526,158,-195,-8947,0,0,0,-290
26527,159,-195,-8947,0,0,0,-290
26528,160,-195,-8947,0,0,0,-619
26529,161,-195,-8947,0,0,0,-695
26530,162,-195,-8947,0,0,0,-719
26531,163,-195,-8947,0,0,0,-719
26532,164,-195,-8947,0,0,0,-719
26533,165,-195,-8947,0,0,0,-719
26534,166,-195,-8947,0,0,0,-719
26535,167,-195,-8947,0,0,0,-719
26536,168,-195,-8947,0,0,0,-719
26537,169,-195,-8947,0,0,0,-719
26538,170,-195,-8947,0,0,0,-719
26539,171,-195,-8947,0,0,0,-719
26540,172,-195,-8947,0,0,0,-719
26541,173,-195,-8947,0,0,0,-719
26542,174,-195,-8947,0,0,0,-719
26543,175,-195,-8947,0,0,0,-719
26544,176,-195,-8947,0,0,0,-719
26545,177,-195,-8947,0,0,0,-719
26546,178,-195,-8947,0,0,0,-719
26547,179,-195,-8947,0,0,0,-719
26548,180,-195,-8947,0,0,0,-719
26549,181,-195,-8947,0,0,0,-719
26550,182,-195,-8947,0,0,0,-719
26551,183,-195,-8947,0,0,0,-719
26552,184,-195,-8947,0,0,0,-719
26553,185,-195,-8947,0,0,0,-719
26554,186,-195,-8947,0,0,0,-719
26555,187,-195,-8947,0,0,0,-719
26556,188,-195,-8947,0,0,0,-719
26557,189,-195,-8947,0,0,0,-719
26558,190,-195,-8947,0,0,0,-719
26559,191,-195,-8947,0,0,0,-719
26560,192,-195,-8947,0,0,0,-719
26561,193,-195,-8947,0,0,0,-719
26562,194,-195,-8947,0,0,0,-719
26563,195,-195,-8947,0,0,0,-719
26564,196,-195,-8947,0,0,0,-719
26565,197,-195,-8947,0,0,0,-719
26566,198,-195,-8947,0,0,0,-731
26567,199,-195,-8947,0,0,0,-731
26568,200,-195,-8947,0,0,0,-731
26569,201,-195,-8947,0,0,0,-731
26570,202,-195,-8947,0,0,0,-731
26571,203,-195,-8947,0,0,0,-731
26572,204,-195,-8947,0,0,0,-731
26573,205,-195,-8947,0,0,0,-731
26574,206,-195,-8947,0,0,0,-731
26575,207,-195,-8947,0,0,0,-731
26576,208,-195,-8947,0,0,0,-731
26577,209,-195,-8947,0,0,0,-731
26578,210,-195,-8947,0,0,0,-731
26579,211,-195,-8947,0,0,0,-731
26580,212,-195,-8947,0,0,0,-731
26581,213,-195,-8947,0,0,0,-731
26582,214,-195,-8947,0,0,0,-731
26583,215,-195,-8947,0,0,0,-731
26584,216,-195,-8947,0,0,0,-731
26585,217,-195,-8947,0,0,0,-731
26586,218,-195,-8947,0,0,0,-731
26587,219,-195,-8947,0,0,0,-731
26588,220,-195,-8947,0,0,0,-731
26589,221,-195,-8947,0,0,0,-731
26590,222,-195,-8947,0,0,0,-731
26591,223,-195,-8947,0,0,0,-731
26592,224,-195,-8947,0,0,0,-731
26593,225,-195,-8947,0,0,0,-731
26594,226,-195,-8947,0,0,0,-731
26595,227,-195,-8947,0,0,0,-731
26596,228,-195,-8947,0,0,0,-731
26597,229,-195,-8947,0,0,0,-731
26598,230,-195,-8947,0,0,0,-731
26599,231,-195,-8947,0,0,0,-731
26600,232,-195,-8947,0,0,0,-731
26601,233,-195,-8947,0,0,0,-731
26602,234,-195,-8947,0,0,0,-731
26603,235,-195,-8947,0,0,0,-731
26604,236,-195,-8947,0,0,0,-731
26605,237,-195,-8947,0,0,0,-731
26606,238,-195,-8947,0,0,0,-731
26607,239,-195,-8947,0,0,0,-731
26608,240,-195,-8947,0,0,0,-731
26609,241,-195,-8947,0,0,0,-731
26610,242,-195,-8947,0,0,0,-731
26611,243,-195,-8947,0,0,0,-731
26612,244,-195,-8947,0,0,0,-731
26613,245,-195,-8947,0,0,0,-731
26614,246,-195,-8947,0,0,0,-731
26615,247,-195,-8947,0,0,0,-731
26616,248,-195,-8947,0,0,0,-731
26617,249,-195,-8947,0,0,0,-731
26618,250,-195,-8947,0,0,0,-731
26619,251,-195,-8947,0,0,0,-731
26620,252,-195,-8947,0,0,0,-731
26621,253,-195,-8947,0,0,0,-731
26622,254,-195,-8947,0,0,0,-731
26623,255,-195,-8947,0,0,0,-731
26624,0,-195,-8947,0,0,0,-731
26625,1,-195,-8947,0,0,0,-731
26626,2,-195,-8947,0,0,0,-731
26627,3,-195,-8947,0,0,0,-731
26628,4,-195,-8947,0,0,0,-731
26629,5,-195,-8947,0,0,0,-731
26630,6,-195,-8947,0,0,0,-731
26631,7,-195,-8947,0,0,0,-731
26632,8,-195,-8947,0,0,0,-731
26633,9,-195,-8947,0,0,0,-731
26634,10,-195,-8947,0,0,0,-731
26635,11,-195,-8947,0,0,0,-731
26636,12,-195,-8947,0,0,0,-731
26637,13,-195,-8947,0,0,0,-731
26638,14,-195,-8947,0,0,0,-731
26639,15,-195,-8947,0,0,0,-731
26640,16,-195,-8947,0,0,0,-707
26641,17,-195,-8947,0,0,0,-507
26642,18,-195,-8947,0,0,0,-507
26643,19,-195,-8947,0,0,0,-507
26644,20,-195,-8947,0,0,0,-507
26645,21,-195,-8947,0,0,0,-507
26646,22,-195,-8947,0,0,0,-507
26647,23,-195,-8947,0,0,0,-507
26648,24,-195,-8947,0,0,0,-507
26649,25,-195,-8947,0,0,0,-655
26650,26,-195,-8947,0,0,0,-655
26651,27,-195,-8947,0,0,0,-655
26652,28,-195,-8947,0,0,0,-655
26653,29,-195,-8947,0,0,0,-655
26654,30,-195,-8947,0,0,0,-655
26655,31,-195,-8947,0,0,0,-655
26656,32,-195,-8947,0,0,0,-651
26657,33,-195,-8947,0,0,0,-651
26658,34,-195,-8947,0,0,0,-651
26659,35,-195,-8947,0,0,0,-651
26660,36,-195,-8947,0,0,0,-651
26661,37,-195,-8947,0,0,0,-651
26662,38,-195,-8947,0,0,0,-651
26663,39,-195,-8947,0,0,0,-651
26664,40,-195,-8947,0,0,0,-651
26665,41,-195,-8947,0,0,0,-651
26666,42,-195,-8947,0,0,0,-651
26667,43,-195,-8947,0,0,0,-651
26668,44,-195,-8947,0,0,0,-651
26669,45,-195,-8947,0,0,0,-651
26670,46,-195,-8947,0,0,0,-651
26671,47,-195,-8947,0,0,0,-651
26672,48,-195,-8947,0,0,0,-651
26673,49,-195,-8947,0,0,0,-651
26674,50,-195,-8947,0,0,0,-651
26675,51,-195,-8947,0,0,0,-651
26676,52,-195,-8947,0,0,0,-651
26677,53,-195,-8947,0,0,0,-651
26678,54,-195,-8947,0,0,0,-651
26679,55,-195,-8947,0,0,0,-651
26680,56,-195,-8947,0,0,0,-651
26681,57,-195,-8947,0,0,0,-651
26682,58,-195,-8947,0,0,0,-651
26683,59,-195,-8947,0,0,0,-651
26684,60,-195,-8947,0,0,0,-636
26685,61,-195,-8947,0,0,0,-636
26686,62,-195,-8947,0,0,0,-636
26687,63,-195,-8947,0,0,0,-636
26688,64,-195,-8947,0,0,0,-636
26689,65,-195,-8947,0,0,0,-636
26690,66,-195,-8947,0,0,0,-636
26691,67,-195,-8947,0,0,0,-636
26692,68,-195,-8947,0,0,0,-636
26693,69,-195,-8947,0,0,0,-636
26694,70,-195,-8947,0,0,0,-636
26695,71,-195,-8947,0,0,0,-636
26696,72,-195,-8947,0,0,0,-636
26697,73,-195,-8947,0,0,0,-636
26698,74,-195,-8947,0,0,0,-636
26699,75,-195,-8947,0,0,0,-636
26700,76,-195,-8947,0,0,0,-636
26701,77,-195,-8947,0,0,0,-636
26702,78,-195,-8947,0,0,0,-636
26703,79,-195,-8947,0,0,0,-636
26704,80,-195,-8947,0,0,0,-636
26705,81,-195,-8947,0,0,0,-636
26706,82,-195,-8947,0,0,0,-636
26707,83,-195,-8947,0,0,0,-636
26708,84,-195,-8947,0,0,0,-636
26709,85,-195,-8947,0,0,0,-636
26710,86,-195,-8947,0,0,0,-636
26711,87,-195,-8947,0,0,0,-636
26712,88,-195,-8947,0,0,0,-636
26713,89,-195,-8947,0,0,0,-636
26714,90,-195,-8947,0,0,0,-636
26715,91,-195,-8947,0,0,0,-636
26716,92,-195,-8947,0,0,0,-636
26717,93,-195,-8947,0,0,0,-636
26718,94,-195,-8947,0,0,0,-636
26719,95,-195,-8947,0,0,0,-636
26720,96,-195,-8947,0,0,0,-636
26721,97,-195,-8947,0,0,0,-636
26722,98,-195,-8947,0,0,0,-636
26723,99,-195,-8947,0,0,0,-636
26724,100,-195,-8947,0,0,0,-636
26725,101,-195,-8947,0,0,0,-636
26726,102,-195,-8947,0,0,0,-636
26727,103,-195,-8947,0,0,0,-636
26728,104,-195,-8947,0,0,0,-636
26729,105,-195,-8947,0,0,0,-636
26730,106,-195,-8947,0,0,0,-636
26731,107,-195,-8947,0,0,0,-636
26732,108,-195,-8947,0,0,0,-636
26733,109,-195,-8947,0,0,0,-551
26734,110,-195,-8947,0,0,0,-551
26735,111,-195,-8947,0,0,0,-551
26736,112,-195,-8947,0,0,0,-551
26737,113,-195,-8947,0,0,0,-551
26738,114,-195,-8947,0,0,0,-551
26739,115,-195,-8947,0,0,0,-551
26740,116,-195,-8947,0,0,0,-551
26741,117,-195,-8947,0,0,0,-551
26742,118,-195,-8947,0,0,0,-551
26743,119,-195,-8947,0,0,0,-551
26744,120,-195,-8947,0,0,0,-551
26745,121,-195,-8947,0,0,0,-551
26746,122,-195,-8947,0,0,0,-551
26747,123,-195,-8947,0,0,0,-551
26748,124,-195,-8947,0,0,0,-551
26749,125,-195,-8947,0,0,0,-551
26750,126,-195,-8947,0,0,0,-551
26751,127,-195,-8947,0,0,0,-551
26752,128,-195,-8947,0,0,0,-551
26753,129,-195,-8947,0,0,0,-551
26754,130,-195,-8947,0,0,0,-551
26755,131,-195,-8947,0,0,0,-551
26756,132,-195,-8947,0,0,0,-551
26757,133,-195,-8947,0,0,0,-351
26758,134,-195,-8947,0,0,0,-151
26759,135,-195,-8947,0,0,0,-151
26760,136,-195,-8947,0,0,0,-151
26761,137,-195,-8947,0,0,0,-151
26762,138,-195,-8947,0,0,0,-151
26763,139,-195,-8947,0,0,0,-151
26764,140,-195,-8947,0,0,0,-151
26765,141,-195,-8947,0,0,0,-151
26766,142,-195,-8947,0,0,0,-151
26767,143,-195,-8947,0,0,0,-151
26768,144,-195,-8947,0,0,0,-151
26769,145,-195,-8947,0,0,0,49
26770,146,-195,-8947,0,0,0,49
26771,147,-195,-8947,0,0,0,49
26772,148,-195,-8947,0,0,0,49
26773,149,-195,-8947,0,0,0,49
26774,150,-195,-8947,0,0,0,49
26775,151,-195,-8947,0,0,0,49
26776,152,-195,-8947,0,0,0,49
26777,153,-195,-8947,0,0,0,73
26778,154,-195,-8947,0,0,0,73
26779,155,-195,-8947,0,0,0,73
26780,156,-195,-8947,0,0,0,73
26781,157,-195,-8947,0,0,0,73
26782,158,-195,-8947,0,0,0,73
26783,159,-195,-8947,0,0,0,73
26784,160,-195,-8947,0,0,0,73
26785,161,-195,-8947,0,0,0,73
26786,162,-195,-8947,0,0,0,73
26787,163,-195,-8947,0,0,0,73
26788,164,-195,-8947,0,0,0,73
26789,165,-195,-8947,0,0,0,73
26790,166,-195,-8947,0,0,0,73
26791,167,-195,-8947,0,0,0,73
26792,168,-195,-8947,0,0,0,73
26793,169,-195,-8947,0,0,0,73
26794,170,-195,-8947,0,0,0,73
26795,171,-195,-8947,0,0,0,73
26796,172,-195,-8947,0,0,0,73
26797,173,-195,-8947,0,0,0,73
26798,174,-195,-8947,0,0,0,73
26799,175,-195,-8947,0,0,0,73
26800,176,-195,-8947,0,0,0,73
26801,177,-195,-8947,0,0,0,149
26802,178,-195,-8947,0,0,0,149
26803,179,-195,-8947,0,0,0,149
26804,180,-195,-8947,0,0,0,149
26805,181,-195,-8947,0,0,0,149
26806,182,-195,-8947,0,0,0,149
26807,183,-195,-8947,0,0,0,149
26808,184,-195,-8947,0,0,0,149
26809,185,-195,-8947,0,0,0,149
26810,186,-195,-8947,0,0,0,149
26811,187,-195,-8947,0,0,0,149
26812,188,-195,-8947,0,0,0,349
26813,189,-195,-8947,0,0,0,349
26814,190,-195,-8947,0,0,0,349
26815,191,-195,-8947,0,0,0,349
26816,192,-195,-8947,0,0,0,349
26817,193,-195,-8947,0,0,0,349
26818,194,-195,-8947,0,0,0,349
26819,195,-195,-8947,0,0,0,349
26820,196,-195,-8947,0,0,0,349
26821,197,-195,-8947,0,0,0,349
26822,198,-195,-8947,0,0,0,349
26823,199,-195,-8947,0,0,0,349
26824,200,-195,-8947,0,0,0,349
26825,201,-195,-8947,0,0,0,349
26826,202,-195,-8947,0,0,0,349
26827,203,-195,-8947,0,0,0,349
26828,204,-195,-8947,0,0,0,349
26829,205,-195,-8947,0,0,0,349
26830,206,-195,-8947,0,0,0,349
26831,207,-195,-8947,0,0,0,349
26832,208,-195,-8947,0,0,0,349
26833,209,-195,-8947,0,0,0,349
26834,210,-195,-8947,0,0,0,349
26835,211,-195,-8947,0,0,0,349
26836,212,-195,-8947,0,0,0,349
26837,213,-195,-8947,0,0,0,349
26838,214,-195,-8947,0,0,0,649
26839,215,-195,-8947,0,0,0,649
26840,216,-195,-8947,0,0,0,649
26841,217,-195,-8947,0,0,0,649
26842,218,-195,-8947,0,0,0,649
26843,219,-195,-8947,0,0,0,649
26844,220,-195,-8947,0,0,0,649
26845,221,-195,-8947,0,0,0,649
26846,222,-195,-8947,0,0,0,649
26847,223,-195,-8947,0,0,0,820
26848,224,-195,-8947,0,0,0,820
26849,225,-195,-8947,0,0,0,820
26850,226,-195,-8947,0,0,0,820
26851,227,-195,-8947,0,0,0,850
26852,228,-195,-8947,0,0,0,850
26853,229,-195,-8947,0,0,0,850
26854,230,-195,-8947,0,0,0,850
26855,231,-195,-8947,0,0,0,850
26856,232,-195,-8947,0,0,0,850
26857,233,-195,-8947,0,0,0,850
26858,234,-195,-8947,0,0,0,850
26859,235,-195,-8947,0,0,0,850
26860,236,-195,-8947,0,0,0,850
26861,237,-195,-8947,0,0,0,850
26862,238,-195,-8947,0,0,0,850
26863,239,-195,-8947,0,0,0,850
26864,240,-195,-8947,0,0,0,850
26865,241,-195,-8947,0,0,0,850
26866,242,-195,-8947,0,0,0,850
26867,243,-195,-8947,0,0,0,850
26868,244,-195,-8947,0,0,0,850
26869,245,-195,-8947,0,0,0,850
26870,246,-195,-8947,0,0,0,850
26871,247,-195,-8947,0,0,0,850
26872,248,-195,-8947,0,0,0,850
26873,249,-195,-8947,0,0,0,850
26874,250,-195,-8947,0,0,0,850
26875,251,-195,-8947,0,0,0,850
26876,252,-195,-8947,0,0,0,850
26877,253,-195,-8947,0,0,0,850
26878,254,-195,-8947,0,0,0,1050
26879,255,-195,-8947,0,0,0,1050
26880,0,-195,-8947,0,0,0,1050
26881,1,-195,-8947,0,0,0,1050
26882,2,-195,-8947,0,0,0,1050
26883,3,-195,-8947,0,0,0,1050
26884,4,-195,-8947,0,0,0,1050
26885,5,-195,-8947,0,0,0,1050
26886,6,-195,-8947,0,0,0,1050
26887,7,-195,-8947,0,0,0,1050
26888,8,-195,-8947,0,0,0,1050
26889,9,-195,-8947,0,0,0,1050
26890,10,-195,-8947,0,0,0,1050
26891,11,-195,-8947,0,0,0,1050
26892,12,-195,-8947,0,0,0,1050
26893,13,-195,-8947,0,0,0,1100
26894,14,-195,-8947,0,0,0,1100
26895,15,-195,-8947,0,0,0,1100
26896,16,-195,-8947,0,0,0,1100
26897,17,-195,-8947,0,0,0,1100
26898,18,-195,-8947,0,0,0,1100
26899,19,-195,-8947,0,0,0,1100
26900,20,-195,-8947,0,0,0,1100
26901,21,-195,-8947,0,0,0,1100
26902,22,-195,-8947,0,0,0,1100
26903,23,-195,-8947,0,0,0,1100
26904,24,-195,-8947,0,0,0,1100
26905,25,-195,-8947,0,0,0,1100
26906,26,-195,-8947,0,0,0,1100
26907,27,-195,-8947,0,0,0,1100
26908,28,-195,-8947,0,0,0,1100
26909,29,-195,-8947,0,0,0,1100
26910,30,-195,-8947,0,0,0,900
26911,31,-195,-8947,0,0,0,900
26912,32,-195,-8947,0,0,0,790
26913,33,-195,-8947,0,0,0,790
26914,34,-195,-8947,0,0,0,790
26915,35,-195,-8947,0,0,0,700
26916,36,-195,-8947,0,0,0,700
26917,37,-195,-8947,0,0,0,632
26918,38,-195,-8947,0,0,0,632
26919,39,-195,-8947,0,0,0,632
26920,40,-195,-8947,0,0,0,632
26921,41,-195,-8947,0,0,0,632
26922,42,-195,-8947,0,0,0,632
26923,43,-195,-8947,0,0,0,632
26924,44,-195,-8947,0,0,0,632
26925,45,-195,-8947,0,0,0,632
26926,46,-195,-8947,0,0,0,632
26927,47,-195,-8947,0,0,0,632
26928,48,-195,-8947,0,0,0,632
26929,49,-195,-8947,0,0,0,632
26930,50,-195,-8947,0,0,0,632
26931,51,-195,-8947,0,0,0,632
26932,52,-195,-8947,0,0,0,632
26933,53,-195,-8947,0,0,0,632
26934,54,-195,-8947,0,0,0,632
26935,55,-195,-8947,0,0,0,632
26936,56,-195,-8947,0,0,0,632
26937,57,-195,-8947,0,0,0,632
26938,58,-195,-8947,0,0,0,632
26939,59,-195,-8947,0,0,0,632
26940,60,-195,-8947,0,0,0,632
26941,61,-195,-8947,0,0,0,632
26942,62,-195,-8947,0,0,0,632
26943,63,-195,-8947,0,0,0,632
26944,64,-195,-8947,0,0,0,632
26945,65,-195,-8947,0,0,0,632
26946,66,-195,-8947,0,0,0,632
26947,67,-195,-8947,0,0,0,632
26948,68,-195,-8947,0,0,0,632
26949,69,-195,-8947,0,0,0,632
26950,70,-195,-8947,0,0,0,632
26951,71,-195,-8947,0,0,0,632
26952,72,-195,-8947,0,0,0,632
26953,73,-195,-8947,0,0,0,632
26954,74,-195,-8947,0,0,0,632
26955,75,-195,-8947,0,0,0,632
26956,76,-195,-8947,0,0,0,632
26957,77,-195,-8947,0,0,0,632
26958,78,-195,-8947,0,0,0,632
26959,79,-195,-8947,0,0,0,632
26960,80,-195,-8947,0,0,0,632
26961,81,-195,-8947,0,0,0,632
26962,82,-195,-8947,0,0,0,632
26963,83,-195,-8947,0,0,0,722
26964,84,-195,-8947,0,0,0,722
26965,85,-195,-8947,0,0,0,722
26966,86,-195,-8947,0,0,0,722
26967,87,-195,-8947,0,0,0,722
26968,88,-195,-8947,0,0,0,161
26969,89,-195,-8947,0,0,0,22
26970,90,-195,-8947,0,0,0,22
26971,91,-195,-8947,0,0,0,22
26972,92,-195,-8947,0,0,0,22
26973,93,-195,-8947,0,0,0,22
26974,94,-195,-8947,0,0,0,-68
26975,95,-195,-8947,0,0,0,-68
26976,96,-195,-8947,0,0,0,-68
26977,97,-195,-8947,0,0,0,-68
26978,98,-195,-8947,0,0,0,-68
26979,99,-195,-8947,0,0,0,-68
26980,100,-195,-8947,0,0,0,-68
26981,101,-195,-8947,0,0,0,-68
26982,102,-195,-8947,0,0,0,-68
26983,103,-195,-8947,0,0,0,-68
26984,104,-195,-8947,0,0,0,-68
26985,105,-195,-8947,0,0,0,-68
26986,106,-195,-8947,0,0,0,-68
26987,107,-195,-8947,0,0,0,-68
26988,108,-195,-8947,0,0,0,-68
26989,109,-195,-8947,0,0,0,-68
26990,110,-195,-8947,0,0,0,-1692
26991,111,-195,-8947,0,0,0,-1692
26992,112,-195,-8947,0,0,0,-1692
26993,113,-195,-8947,0,0,0,-1922
26994,114,-195,-8947,0,0,0,-2122
26995,115,-195,-8947,0,0,0,-2122
26996,116,-195,-8947,0,0,0,-2032
26997,117,-195,-8947,0,0,0,-2032
26998,118,-195,-8947,0,0,0,-2032
26999,119,-195,-8947,0,0,0,-2032
27000,120,-195,-8947,0,0,0,-2032
27001,121,-195,-8947,0,0,0,-2032
27002,122,-195,-8947,0,0,0,-2032
27003,123,-195,-8947,0,0,0,-2032
27004,124,-195,-8947,0,0,0,-2032
27005,125,-195,-8947,0,0,0,-2032
27006,126,-195,-8947,0,0,0,-2032
27007,127,-195,-8947,0,0,0,-2032
27008,128,-195,-8947,0,0,0,-2032
27009,129,-195,-8947,0,0,0,-2032
27010,130,-195,-8947,0,0,0,-2032
27011,131,-195,-8947,0,0,0,-2032
27012,132,-195,-8947,0,0,0,-2032
27013,133,-195,-8947,0,0,0,-2032
27014,134,-195,-8947,0,0,0,-1972
27015,135,-195,-8947,0,0,0,-1972
27016,136,-195,-8947,0,0,0,-1972
27017,137,-195,-8947,0,0,0,-1972
27018,138,-195,-8947,0,0,0,-1972
27019,139,-195,-8947,0,0,0,-1972
27020,140,-195,-8947,0,0,0,-1972
27021,141,-195,-8947,0,0,0,-1972
27022,142,-195,-8947,0,0,0,-1972
27023,143,-195,-8947,0,0,0,-1972
27024,144,-195,-8947,0,0,0,-1972
27025,145,-195,-8947,0,0,0,-1972
27026,146,-195,-8947,0,0,0,-1972
27027,147,-195,-8947,0,0,0,-1972
27028,148,-195,-8947,0,0,0,-1972
27029,149,-195,-8947,0,0,0,-1972
27030,150,-195,-8947,0,0,0,-1972
27031,151,-195,-8947,0,0,0,-1972
27032,152,-195,-8947,0,0,0,-1972
27033,153,-195,-8947,0,0,0,-1972
27034,154,-195,-8947,0,0,0,-1972
27035,155,-195,-8947,0,0,0,-1972
27036,156,-195,-8947,0,0,0,-1972
27037,157,-195,-8947,0,0,0,-1972
27038,158,-195,-8947,0,0,0,-1972
27039,159,-195,-8947,0,0,0,-1972
27040,160,-195,-8947,0,0,0,-1972
27041,161,-195,-8947,0,0,0,-1972
27042,162,-195,-8947,0,0,0,-1972
27043,163,-195,-8947,0,0,0,-1972
27044,164,-195,-8947,0,0,0,-1972
27045,165,-195,-8947,0,0,0,-1972
27046,166,-195,-8947,0,0,0,-1972
27047,167,-195,-8947,0,0,0,-1972
27048,168,-195,-8947,0,0,0,-1972
27049,169,-195,-8947,0,0,0,-1732
27050,170,-195,-8947,0,0,0,-1632
27051,171,-195,-8947,0,0,0,-1632
27052,172,-195,-8947,0,0,0,-1632
27053,173,-195,-8947,0,0,0,-1632
27054,174,-195,-8947,0,0,0,-1632
27055,175,-195,-8947,0,0,0,-1632
27056,176,-195,-8947,0,0,0,-1632
27057,177,-195,-8947,0,0,0,-1632
27058,178,-195,-8947,0,0,0,-1632
27059,179,-195,-8947,0,0,0,-1632
27060,180,-195,-8947,0,0,0,-1632
27061,181,-195,-8947,0,0,0,-1632
27062,182,-195,-8947,0,0,0,-1632
27063,183,-195,-8947,0,0,0,-1632
27064,184,-195,-8947,0,0,0,-1632
27065,185,-195,-8947,0,0,0,-1632
27066,186,-195,-8947,0,0,0,-1632
27067,187,-195,-8947,0,0,0,-1632
27068,188,-195,-8947,0,0,0,-1632
27069,189,-195,-8947,0,0,0,-1632
27070,190,-195,-8947,0,0,0,-1632
27071,191,-195,-8947,0,0,0,-1632
27072,192,-195,-8947,0,0,0,-1632
27073,193,-195,-8947,0,0,0,-1632
27074,194,-195,-8947,0,0,0,-1632
27075,195,-195,-8947,0,0,0,-1632
27076,196,-195,-8947,0,0,0,-1632
27077,197,-195,-8947,0,0,0,-1764
27078,198,-195,-8947,0,0,0,-1764
27079,199,-195,-8947,0,0,0,-1764
27080,200,-195,-8947,0,0,0,-1764
27081,201,-195,-8947,0,0,0,-1764
27082,202,-195,-8947,0,0,0,-1764
27083,203,-195,-8947,0,0,0,-1764
27084,204,-195,-8947,0,0,0,-1764
27085,205,-195,-8947,0,0,0,-1764
27086,206,-195,-8947,0,0,0,-1764
27087,207,-195,-8947,0,0,0,-1764
27088,208,-195,-8947,0,0,0,-1764
27089,209,-195,-8947,0,0,0,-1764
27090,210,-195,-8947,0,0,0,-1764
27091,211,-195,-8947,0,0,0,-1764
27092,212,-195,-8947,0,0,0,-1764
27093,213,-195,-8947,0,0,0,-1764
27094,214,-195,-8947,0,0,0,-1764
27095,215,-195,-8947,0,0,0,-1764
27096,216,-195,-8947,0,0,0,-1764
27097,217,-195,-8947,0,0,0,-1764
27098,218,-195,-8947,0,0,0,-1764
27099,219,-195,-8947,0,0,0,-1764
27100,220,-195,-8947,0,0,0,-1764
27101,221,-195,-8947,0,0,0,-1764
27102,222,-195,-8947,0,0,0,-1764
27103,223,-195,-8947,0,0,0,-1764
27104,224,-195,-8947,0,0,0,-1764
27105,225,-195,-8947,0,0,0,-1764
27106,226,-195,-8947,0,0,0,-1764
27107,227,-195,-8947,0,0,0,-1764
27108,228,-195,-8947,0,0,0,-1764
27109,229,-195,-8947,0,0,0,-1764
27110,230,-195,-8947,0,0,0,-1764
27111,231,-195,-8947,0,0,0,-1764
27112,232,-195,-8947,0,0,0,-1764
27113,233,-195,-8947,0,0,0,-1764
27114,234,-195,-8947,0,0,0,-1764
27115,235,-195,-8947,0,0,0,-1764
27116,236,-195,-8947,0,0,0,-1764
27117,237,-195,-8947,0,0,0,-1764
27118,238,-195,-8947,0,0,0,-1764
27119,239,-195,-8947,0,0,0,-1764
27120,240,-195,-8947,0,0,0,-1764
27121,241,-195,-8947,0,0,0,-1764
27122,242,-195,-8947,0,0,0,-1764
27123,243,-195,-8947,0,0,0,-1764
27124,244,-195,-8947,0,0,0,-1764
27125,245,-195,-8947,0,0,0,-1764
27126,246,-195,-8947,0,0,0,-1764
27127,247,-195,-8947,0,0,0,-1764
27128,248,-195,-8947,0,0,0,-1764
27129,249,-195,-8947,0,0,0,-1764
27130,250,-195,-8947,0,0,0,-1764
27131,251,-195,-8947,0,0,0,-1764
27132,252,-195,-8947,0,0,0,-1764
27133,253,-195,-8947,0,0,0,-1764
27134,254,-195,-8947,0,0,0,-1764
27135,255,-195,-8947,0,0,0,-1764
27136,0,-195,-8947,0,0,0,-1764
27137,1,-195,-8947,0,0,0,-1764
27138,2,-195,-8947,0,0,0,-1764
27139,3,-195,-8947,0,0,0,-1764
27140,4,-195,-8947,0,0,0,-1764
27141,5,-195,-8947,0,0,0,-1764
27142,6,-195,-8947,0,0,0,-1764
27143,7,-195,-8947,0,0,0,-1764
27144,8,-195,-8947,0,0,0,-1764
27145,9,-195,-8947,0,0,0,-1764
27146,10,-195,-8947,0,0,0,-1764
27147,11,-195,-8947,0,0,0,-1764
27148,12,-195,-8947,0,0,0,-1654
27149,13,-195,-8947,0,0,0,-1654
27150,14,-195,-8947,0,0,0,-1654
27151,15,-195,-8947,0,0,0,-1654
27152,16,-195,-8947,0,0,0,-1654
27153,17,-195,-8947,0,0,0,-1654
27154,18,-195,-8947,0,0,0,-1654
27155,19,-195,-8947,0,0,0,-1654
27156,20,-195,-8947,0,0,0,-1654
27157,21,-195,-8947,0,0,0,-1654
27158,22,-195,-8947,0,0,0,-1654
27159,23,-195,-8947,0,0,0,-1654
27160,24,-195,-8947,0,0,0,-1654
27161,25,-195,-8947,0,0,0,-1654
27162,26,-195,-8947,0,0,0,-1654
27163,27,-195,-8947,0,0,0,-1654
27164,28,-195,-8947,0,0,0,-1654
27165,29,-195,-8947,0,0,0,-1654
27166,30,-195,-8947,0,0,0,-1654
27167,31,-195,-8947,0,0,0,-1654
27168,32,-195,-8947,0,0,0,-1654
27169,33,-195,-8947,0,0,0,-1654
27170,34,-195,-8947,0,0,0,-1654
27171,35,-195,-8947,0,0,0,-1654
27172,36,-195,-8947,0,0,0,-1654
27173,37,-195,-8947,0,0,0,-1654
27174,38,-195,-8947,0,0,0,-1654
27175,39,-195,-8947,0,0,0,-1654
27176,40,-195,-8947,0,0,0,-1654
27177,41,-195,-8947,0,0,0,-1654
27178,42,-195,-8947,0,0,0,-1654
27179,43,-195,-8947,0,0,0,-1654
27180,44,-195,-8947,0,0,0,-1654
27181,45,-195,-8947,0,0,0,-1654
27182,46,-195,-8947,0,0,0,-1654
27183,47,-195,-8947,0,0,0,-1654
27184,48,-195,-8947,0,0,0,-1654
27185,49,-195,-8947,0,0,0,-1654
27186,50,-195,-8947,0,0,0,-1654
27187,51,-195,-8947,0,0,0,-1654
27188,52,-195,-8947,0,0,0,-1654
27189,53,-195,-8947,0,0,0,-1654
27190,54,-195,-8947,0,0,0,-1654
27191,55,-195,-8947,0,0,0,-1654
27192,56,-195,-8947,0,0,0,-1654
27193,57,-195,-8947,0,0,0,-1654
27194,58,-195,-8947,0,0,0,-1654
27195,59,-195,-8947,0,0,0,-1654
27196,60,-195,-8947,0,0,0,-1654
27197,61,-195,-8947,0,0,0,-1654
27198,62,-195,-8947,0,0,0,-1654
27199,63,-195,-8947,0,0,0,-1654
27200,64,-195,-8947,0,0,0,-1654
27201,65,-195,-8947,0,0,0,-1654
27202,66,-195,-8947,0,0,0,-1654
27203,67,-195,-8947,0,0,0,-1654
27204,68,-195,-8947,0,0,0,-1654
27205,69,-195,-8947,0,0,0,-1654
27206,70,-195,-8947,0,0,0,-1654
27207,71,-195,-8947,0,0,0,-1654
27208,72,-195,-8947,0,0,0,-1654
27209,73,-195,-8947,0,0,0,-1654
27210,74,-195,-8947,0,0,0,-1654
27211,75,-195,-8947,0,0,0,-1654
27212,76,-195,-8947,0,0,0,-1654
27213,77,-195,-8947,0,0,0,-1654
27214,78,-195,-8947,0,0,0,-1654
27215,79,-195,-8947,0,0,0,-1654
27216,80,-195,-8947,0,0,0,-1654
27217,81,-195,-8947,0,0,0,-1654
27218,82,-195,-8947,0,0,0,-1654
27219,83,-195,-8947,0,0,0,-1654
27220,84,-195,-8947,0,0,0,-1654
27221,85,-195,-8947,0,0,0,-1654
27222,86,-195,-8947,0,0,0,-1654
27223,87,-195,-8947,0,0,0,-1654
27224,88,-195,-8947,0,0,0,-1654
27225,89,-195,-8947,0,0,0,-1654
27226,90,-195,-8947,0,0,0,-1654
27227,91,-195,-8947,0,0,0,-1654
27228,92,-195,-8947,0,0,0,-1654
27229,93,-195,-8947,0,0,0,-1654
27230,94,-195,-8947,0,0,0,-1654
27231,95,-195,-8947,0,0,0,-1654
27232,96,-195,-8947,0,0,0,-1654
27233,97,-195,-8947,0,0,0,-1654
27234,98,-195,-8947,0,0,0,-1654
27235,99,-195,-8947,0,0,0,-1654
27236,100,-195,-8947,0,0,0,-1654
27237,101,-195,-8947,0,0,0,-1654
27238,102,-195,-8947,0,0,0,-1654
27239,103,-195,-8947,0,0,0,-1654
27240,104,-195,-8947,0,0,0,-1654
27241,105,-195,-8947,0,0,0,-1654
27242,106,-195,-8947,0,0,0,-1654
27243,107,-195,-8947,0,0,0,-1654
27244,108,-195,-8947,0,0,0,-1654
27245,109,-195,-8947,0,0,0,-1654
27246,110,-195,-8947,0,0,0,-1654
27247,111,-195,-8947,0,0,0,-1654
27248,112,-195,-8947,0,0,0,-1654
27249,113,-195,-8947,0,0,0,-1654
27250,114,-195,-8947,0,0,0,-1654
27251,115,-195,-8947,0,0,0,-1654
27252,116,-195,-8947,0,0,0,-1654
27253,117,-195,-8947,0,0,0,-1654
27254,118,-195,-8947,0,0,0,-1654
27255,119,-195,-8947,0,0,0,-1654
27256,120,-195,-8947,0,0,0,-1654
27257,121,-195,-8947,0,0,0,-1654
27258,122,-195,-8947,0,0,0,-1654
27259,123,-195,-8947,0,0,0,-1654
27260,124,-195,-8947,0,0,0,-1654
27261,125,-195,-8947,0,0,0,-1654
27262,126,-195,-8947,0,0,0,-1654
27263,127,-195,-8947,0,0,0,-1654
27264,128,-195,-8947,0,0,0,-1654
27265,129,-195,-8947,0,0,0,-1654
27266,130,-195,-8947,0,0,0,-1654
27267,131,-195,-8947,0,0,0,-1654
27268,132,-195,-8947,0,0,0,-1654
27269,133,-195,-8947,0,0,0,-1654
27270,134,-195,-8947,0,0,0,-1654
27271,135,-195,-8947,0,0,0,-1654
27272,136,-195,-8947,0,0,0,-1654
27273,137,-195,-8947,0,0,0,-1654
27274,138,-195,-8947,0,0,0,-1654
27275,139,-195,-8947,0,0,0,-1654
27276,140,-195,-8947,0,0,0,-1654
27277,141,-195,-8947,0,0,0,-1654
27278,142,-195,-8947,0,0,0,-1654
27279,143,-195,-8947,0,0,0,-1654
27280,144,-195,-8947,0,0,0,-1654
27281,145,-195,-8947,0,0,0,-1654
27282,146,-195,-8947,0,0,0,-1654
27283,147,-195,-8947,0,0,0,-1654
27284,148,-195,-8947,0,0,0,-1654
27285,149,-195,-8947,0,0,0,-1654
27286,150,-195,-8947,0,0,0,-1654
27287,151,-195,-8947,0,0,0,-1654
27288,152,-195,-8947,0,0,0,-1654
27289,153,-195,-8947,0,0,0,-1654
27290,154,-195,-8947,0,0,0,-1654
27291,155,-195,-8947,0,0,0,-1654
27292,156,-195,-8947,0,0,0,-1654
27293,157,-195,-8947,0,0,0,-1654
27294,158,-195,-8947,0,0,0,-1654
27295,159,-195,-8947,0,0,0,-1654
27296,160,-195,-8947,0,0,0,-1654
27297,161,-195,-8947,0,0,0,-1654
27298,162,-195,-8947,0,0,0,-1654
27299,163,-195,-8947,0,0,0,-1654
27300,164,-195,-8947,0,0,0,-1654
27301,165,-195,-8947,0,0,0,-1654
27302,166,-195,-8947,0,0,0,-1654
27303,167,-195,-8947,0,0,0,-1654
27304,168,-195,-8947,0,0,0,-1654
27305,169,-195,-8947,0,0,0,-1654
27306,170,-195,-8947,0,0,0,-1654
27307,171,-195,-8947,0,0,0,-1654
27308,172,-195,-8947,0,0,0,-1654
27309,173,-195,-8947,0,0,0,-1654
27310,174,-195,-8947,0,0,0,-1654
27311,175,-195,-8947,0,0,0,-1654
27312,176,-195,-8947,0,0,0,-1654
27313,177,-195,-8947,0,0,0,-1654
27314,178,-195,-8947,0,0,0,-1654
27315,179,-195,-8947,0,0,0,-1654
27316,180,-195,-8947,0,0,0,-1654
27317,181,-195,-8947,0,0,0,-1654
27318,182,-195,-8947,0,0,0,-1654
27319,183,-195,-8947,0,0,0,-1654
27320,184,-195,-8947,0,0,0,-1654
27321,185,-195,-8947,0,0,0,-1654
27322,186,-195,-8947,0,0,0,-1654
27323,187,-195,-8947,0,0,0,-1654
27324,188,-195,-8947,0,0,0,-1654
27325,189,-195,-8947,0,0,0,-1654
27326,190,-195,-8947,0,0,0,-1654
27327,191,-195,-8947,0,0,0,-1654
27328,192,-195,-8947,0,0,0,-1654
27329,193,-195,-8947,0,0,0,-1654
27330,194,-195,-8947,0,0,0,-1654
27331,195,-195,-8947,0,0,0,-1654
27332,196,-195,-8947,0,0,0,-1654
27333,197,-195,-8947,0,0,0,-1654
27334,198,-195,-8947,0,0,0,-1654
27335,199,-195,-8947,0,0,0,-1654
27336,200,-195,-8947,0,0,0,-1654
27337,201,-195,-8947,0,0,0,-1654
27338,202,-195,-8947,0,0,0,-1654
27339,203,-195,-8947,0,0,0,-1654
27340,204,-195,-8947,0,0,0,-1654
27341,205,-195,-8947,0,0,0,-1654
27342,206,-195,-8947,0,0,0,-1654
27343,207,-195,-8947,0,0,0,-1654
27344,208,-195,-8947,0,0,0,-1654
27345,209,-195,-8947,0,0,0,-1654
27346,210,-195,-8947,0,0,0,-1654
27347,211,-195,-8947,0,0,0,-1654
27348,212,-195,-8947,0,0,0,-1654
27349,213,-195,-8947,0,0,0,-1654
27350,214,-195,-8947,0,0,0,-1654
27351,215,-195,-8947,0,0,0,-1654
27352,216,-195,-8947,0,0,0,-1654
27353,217,-195,-8947,0,0,0,-1654
27354,218,-195,-8947,0,0,0,-1654
27355,219,-195,-8947,0,0,0,-1654
27356,220,-195,-8947,0,0,0,-1654
27357,221,-195,-8947,0,0,0,-1654
27358,222,-195,-8947,0,0,0,-1654
27359,223,-195,-8947,0,0,0,-1654
27360,224,-195,-8947,0,0,0,-1654
27361,225,-195,-8947,0,0,0,-1654
27362,226,-195,-8947,0,0,0,-1654
27363,227,-195,-8947,0,0,0,-1654
27364,228,-195,-8947,0,0,0,-1654
27365,229,-195,-8947,0,0,0,-1654
27366,230,-195,-8947,0,0,0,-1654
27367,231,-195,-8947,0,0,0,-1654
27368,232,-195,-8947,0,0,0,-1654
27369,233,-195,-8947,0,0,0,-1654
27370,234,-195,-8947,0,0,0,-1654
27371,235,-195,-8947,0,0,0,-1654
27372,236,-195,-8947,0,0,0,-1654
27373,237,-195,-8947,0,0,0,-1654
27374,238,-195,-8947,0,0,0,-1654
27375,239,-195,-8947,0,0,0,-1654
27376,240,-195,-8947,0,0,0,-1654
27377,241,-195,-8947,0,0,0,-1654
27378,242,-195,-8947,0,0,0,-1654
27379,243,-195,-8947,0,0,0,-1654
27380,244,-195,-8947,0,0,0,-1654
27381,245,-195,-8947,0,0,0,-1654
27382,246,-195,-8947,0,0,0,-1654
27383,247,-195,-8947,0,0,0,-1654
27384,248,-195,-8947,0,0,0,-1654
27385,249,-195,-8947,0,0,0,-1654
27386,250,-195,-8947,0,0,0,-1654
27387,251,-195,-8947,0,0,0,-1654
27388,252,-195,-8947,0,0,0,-1654
27389,253,-195,-8947,0,0,0,-1654
27390,254,-195,-8947,0,0,0,-1654
27391,255,-195,-8947,0,0,0,-1654
27392,0,-195,-8947,0,0,0,-1654
27393,1,-195,-8947,0,0,0,-1654
27394,2,-195,-8947,0,0,0,-1654
27395,3,-195,-8947,0,0,0,-1654
27396,4,-195,-8947,0,0,0,-1654
27397,5,-195,-8947,0,0,0,-1654
27398,6,-195,-8947,0,0,0,-1654
27399,7,-195,-8947,0,0,0,-1654
27400,8,-195,-8947,0,0,0,-1654
27401,9,-195,-8947,0,0,0,-1654
27402,10,-195,-8947,0,0,0,-1654
27403,11,-195,-8947,0,0,0,-1654
27404,12,-195,-8947,0,0,0,-1654
27405,13,-195,-8947,0,0,0,-1654
27406,14,-195,-8947,0,0,0,-1654
27407,15,-195,-8947,0,0,0,-1654
27408,16,-195,-8947,0,0,0,-1654
27409,17,-195,-8947,0,0,0,-1654
27410,18,-195,-8947,0,0,0,-1654
27411,19,-195,-8947,0,0,0,-1654
27412,20,-195,-8947,0,0,0,-1654
27413,21,-195,-8947,0,0,0,-1654
27414,22,-195,-8947,0,0,0,-1654
27415,23,-195,-8947,0,0,0,-1654
27416,24,-195,-8947,0,0,0,-1654
27417,25,-195,-8947,0,0,0,-1654
27418,26,-195,-8947,0,0,0,-1654
27419,27,-195,-8947,0,0,0,-1654
27420,28,-195,-8947,0,0,0,-1654
27421,29,-195,-8947,0,0,0,-1654
27422,30,-195,-8947,0,0,0,-1654
27423,31,-195,-8947,0,0,0,-1654
27424,32,-195,-8947,0,0,0,-1654
27425,33,-195,-8947,0,0,0,-1654
27426,34,-195,-8947,0,0,0,-1654
27427,35,-195,-8947,0,0,0,-1654
27428,36,-195,-8947,0,0,0,-1654
27429,37,-195,-8947,0,0,0,-1654
27430,38,-195,-8947,0,0,0,-1654
27431,39,-195,-8947,0,0,0,-1654
27432,40,-195,-8947,0,0,0,-1654
27433,41,-195,-8947,0,0,0,-1654
27434,42,-195,-8947,0,0,0,-1654
27435,43,-195,-8947,0,0,0,-1654
27436,44,-195,-8947,0,0,0,-1654
27437,45,-195,-8947,0,0,0,-1654
27438,46,-195,-8947,0,0,0,-1654
27439,47,-195,-8947,0,0,0,-1654
27440,48,-195,-8947,0,0,0,-1654
27441,49,-195,-8947,0,0,0,-1654
27442,50,-195,-8947,0,0,0,-1654
27443,51,-195,-8947,0,0,0,-1654
27444,52,-195,-8947,0,0,0,-1654
27445,53,-195,-8947,0,0,0,-1654
27446,54,-195,-8947,0,0,0,-1654
27447,55,-195,-8947,0,0,0,-1654
27448,56,-195,-8947,0,0,0,-1654
27449,57,-195,-8947,0,0,0,-1654
27450,58,-195,-8947,0,0,0,-1654
27451,59,-195,-8947,0,0,0,-1654
27452,60,-195,-8947,0,0,0,-1654
27453,61,-195,-8947,0,0,0,-1654
27454,62,-195,-8947,0,0,0,-1654
27455,63,-195,-8947,0,0,0,-1654
27456,64,-195,-8947,0,0,0,-1654
27457,65,-195,-8947,0,0,0,-1654
27458,66,-195,-8947,0,0,0,-1654
27459,67,-195,-8947,0,0,0,-1654
27460,68,-195,-8947,0,0,0,-1654
27461,69,-195,-8947,0,0,0,-1654
27462,70,-195,-8947,0,0,0,-1654
27463,71,-195,-8947,0,0,0,-1654
27464,72,-195,-8947,0,0,0,-1654
27465,73,-195,-8947,0,0,0,-1654
27466,74,-195,-8947,0,0,0,-1654
27467,75,-195,-8947,0,0,0,-1654
27468,76,-195,-8947,0,0,0,-1654
27469,77,-195,-8947,0,0,0,-1654
27470,78,-195,-8947,0,0,0,-1654
27471,79,-195,-8947,0,0,0,-1654
27472,80,-195,-8947,0,0,0,-1654
27473,81,-195,-8947,0,0,0,-1654
27474,82,-195,-8947,0,0,0,-1654
27475,83,-195,-8947,0,0,0,-1654
27476,84,-195,-8947,0,0,0,-1654
27477,85,-195,-8947,0,0,0,-1654
27478,86,-195,-8947,0,0,0,-1654
27479,87,-195,-8947,0,0,0,-1654
27480,88,-195,-8947,0,0,0,-1654
27481,89,-195,-8947,0,0,0,-1654
27482,90,-195,-8947,0,0,0,-1654
27483,91,-195,-8947,0,0,0,-1654
27484,92,-195,-8947,0,0,0,-1654
27485,93,-195,-8947,0,0,0,-1654
27486,94,-195,-8947,0,0,0,-1654
27487,95,-195,-8947,0,0,0,-1654
27488,96,-195,-8947,0,0,0,-1654
27489,97,-195,-8947,0,0,0,-1654
27490,98,-195,-8947,0,0,0,-1654
27491,99,-195,-8947,0,0,0,-1654
27492,100,-195,-8947,0,0,0,-1654
27493,101,-195,-8947,0,0,0,-1654
27494,102,-195,-8947,0,0,0,-1654
27495,103,-195,-8947,0,0,0,-1654
27496,104,-195,-8947,0,0,0,-1654
27497,105,-195,-8947,0,0,0,-1654
27498,106,-195,-8947,0,0,0,-1654
27499,107,-195,-8947,0,0,0,-1654
27500,108,-195,-8947,0,0,0,-1654
27501,109,-195,-8947,0,0,0,-1654
27502,110,-195,-8947,0,0,0,-1654
27503,111,-195,-8947,0,0,0,-1654
27504,112,-195,-8947,0,0,0,-1654
27505,113,-195,-8947,0,0,0,-1654
27506,114,-195,-8947,0,0,0,-1654
27507,115,-195,-8947,0,0,0,-1654
27508,116,-195,-8947,0,0,0,-1654
27509,117,-195,-8947,0,0,0,-1654
27510,118,-195,-8947,0,0,0,-1654
27511,119,-195,-8947,0,0,0,-1654
27512,120,-195,-8947,0,0,0,-1654
27513,121,-195,-8947,0,0,0,-1654
27514,122,-195,-8947,0,0,0,-1654
27515,123,-195,-8947,0,0,0,-1654
27516,124,-195,-8947,0,0,0,-1654
27517,125,-195,-8947,0,0,0,-1654
27518,126,-195,-8947,0,0,0,-1654
27519,127,-195,-8947,0,0,0,-1654
27520,128,-195,-8947,0,0,0,-1654
27521,129,-195,-8947,0,0,0,-1654
27522,130,-195,-8947,0,0,0,-1654
27523,131,-195,-8947,0,0,0,-1654
27524,132,-195,-8947,0,0,0,-1654
27525,133,-195,-8947,0,0,0,-1654
27526,134,-195,-8947,0,0,0,-1654
27527,135,-195,-8947,0,0,0,-1654
27528,136,-195,-8947,0,0,0,-1654
27529,137,-195,-8947,0,0,0,-1654
27530,138,-195,-8947,0,0,0,-1654
27531,139,-195,-8947,0,0,0,-1654
27532,140,-195,-8947,0,0,0,-1654
27533,141,-195,-8947,0,0,0,-1654
27534,142,-195,-8947,0,0,0,-1654
27535,143,-195,-8947,0,0,0,-1654
27536,144,-195,-8947,0,0,0,-1654
27537,145,-195,-8947,0,0,0,-1654
27538,146,-195,-8947,0,0,0,-1654
27539,147,-195,-8947,0,0,0,-1654
27540,148,-195,-8947,0,0,0,-1654
27541,149,-195,-8947,0,0,0,-1654
27542,150,-195,-8947,0,0,0,-1654
27543,151,-195,-8947,0,0,0,-1654
27544,152,-195,-8947,0,0,0,-1654
27545,153,-195,-8947,0,0,0,-1654
27546,154,-195,-8947,0,0,0,-1654
27547,155,-195,-8947,0,0,0,-1654
27548,156,-195,-8947,0,0,0,-1654
27549,157,-195,-8947,0,0,0,-1654
27550,158,-195,-8947,0,0,0,-1654
27551,159,-195,-8947,0,0,0,-1654
27552,160,-195,-8947,0,0,0,-1654
27553,161,-195,-8947,0,0,0,-1654
27554,162,-195,-8947,0,0,0,-1654
27555,163,-195,-8947,0,0,0,-1654
27556,164,-195,-8947,0,0,0,-1654
27557,165,-195,-8947,0,0,0,-1654
27558,166,-195,-8947,0,0,0,-1654
27559,167,-195,-8947,0,0,0,-1654
27560,168,-195,-8947,0,0,0,-1654
27561,169,-195,-8947,0,0,0,-1654
27562,170,-195,-8947,0,0,0,-1654
27563,171,-195,-8947,0,0,0,-1654
27564,172,-195,-8947,0,0,0,-1654
27565,173,-195,-8947,0,0,0,-1654
27566,174,-195,-8947,0,0,0,-1654
27567,175,-195,-8947,0,0,0,-1654
27568,176,-195,-8947,0,0,0,-1654
27569,177,-195,-8947,0,0,0,-1654
27570,178,-195,-8947,0,0,0,-1654
27571,179,-195,-8947,0,0,0,-1654
27572,180,-195,-8947,0,0,0,-1654
27573,181,-195,-8947,0,0,0,-1654
27574,182,-195,-8947,0,0,0,-1654
27575,183,-195,-8947,0,0,0,-1154
27576,184,-195,-8947,0,0,0,-1154
27577,185,-195,-8947,0,0,0,-1054
27578,186,-195,-8947,0,0,0,-1074
27579,187,-195,-8947,0,0,0,-1184
27580,188,-195,-8947,0,0,0,-1184
27581,189,-195,-8947,0,0,0,-1184
27582,190,-195,-8947,0,0,0,-1184
27583,191,-195,-8947,0,0,0,240
27584,192,-195,-8947,0,0,0,240
27585,193,-195,-8947,0,0,0,240
27586,194,-195,-8947,0,0,0,240
27587,195,-195,-8947,0,0,0,240
27588,196,-195,-8947,0,0,0,240
27589,197,-195,-8947,0,0,0,360
27590,198,-195,-8947,0,0,0,459
27591,199,-195,-8947,0,0,0,459
27592,200,-195,-8947,0,0,0,558
27593,201,-195,-8947,0,0,0,558
27594,202,-195,-8947,0,0,0,558
27595,203,-195,-8947,0,0,0,408
27596,204,-195,-8947,0,0,0,408
27597,205,-195,-8947,0,0,0,408
27598,206,-195,-8947,0,0,0,408
27599,207,-195,-8947,0,0,0,408
27600,208,-195,-8947,0,0,0,258
27601,209,-195,-8947,0,0,0,258
27602,210,-195,-8947,0,0,0,258
27603,211,-195,-8947,0,0,0,258
27604,212,-195,-8947,0,0,0,258
27605,213,-195,-8947,0,0,0,-370
27606,214,-195,-8947,0,0,0,-742
27607,215,-195,-8947,0,0,0,-742
27608,216,-195,-8947,0,0,0,-742
27609,217,-195,-8947,0,0,0,-742
27610,218,-195,-8947,0,0,0,-742
27611,219,-195,-8947,0,0,0,-742
27612,220,-195,-8947,0,0,0,-742
27613,221,-195,-8947,0,0,0,-742
27614,222,-195,-8947,0,0,0,-742
27615,223,-195,-8947,0,0,0,-742
27616,224,-195,-8947,0,0,0,-742
27617,225,-195,-8947,0,0,0,-742
27618,226,-195,-8947,0,0,0,-742
27619,227,-195,-8947,0,0,0,-742
27620,228,-195,-8947,0,0,0,-742
27621,229,-195,-8947,0,0,0,-742
27622,230,-195,-8947,0,0,0,-742
27623,231,-195,-8947,0,0,0,-742
27624,232,-195,-8947,0,0,0,-742
27625,233,-195,-8947,0,0,0,-742
27626,234,-195,-8947,0,0,0,-742
27627,235,-195,-8947,0,0,0,-742
27628,236,-195,-8947,0,0,0,-742
27629,237,-195,-8947,0,0,0,-742
27630,238,-195,-8947,0,0,0,-742
27631,239,-195,-8947,0,0,0,-742
27632,240,-195,-8947,0,0,0,-872
27633,241,-195,-8947,0,0,0,-872
27634,242,-195,-8947,0,0,0,-872
27635,243,-195,-8947,0,0,0,-872
27636,244,-195,-8947,0,0,0,-872
27637,245,-195,-8947,0,0,0,-872
27638,246,-195,-8947,0,0,0,-872
27639,247,-195,-8947,0,0,0,-872
27640,248,-195,-8947,0,0,0,-872
27641,249,-195,-8947,0,0,0,-872
27642,250,-195,-8947,0,0,0,-1072
27643,251,-195,-8947,0,0,0,-1072
27644,252,-195,-8947,0,0,0,-1072
27645,253,-195,-8947,0,0,0,-1072
27646,254,-195,-8947,0,0,0,-1072
27647,255,-195,-8947,0,0,0,-882
27648,0,-195,-8947,0,0,0,-882
27649,1,-195,-8947,0,0,0,-882
27650,2,-195,-8947,0,0,0,-882
27651,3,-195,-8947,0,0,0,-882
27652,4,-195,-8947,0,0,0,-882
27653,5,-195,-8947,0,0,0,-882
27654,6,-195,-8947,0,0,0,-882
27655,7,-195,-8947,0,0,0,-882
27656,8,-195,-8947,0,0,0,-882
27657,9,-195,-8947,0,0,0,-882
27658,10,-195,-8947,0,0,0,-882
27659,11,-195,-8947,0,0,0,-882
27660,12,-195,-8947,0,0,0,-882
27661,13,-195,-8947,0,0,0,-882
27662,14,-195,-8947,0,0,0,-882
27663,15,-195,-8947,0,0,0,-882
27664,16,-195,-8947,0,0,0,-882
27665,17,-195,-8947,0,0,0,-882
27666,18,-195,-8947,0,0,0,-882
27667,19,-195,-8947,0,0,0,-882
27668,20,-195,-8947,0,0,0,-882
27669,21,-195,-8947,0,0,0,-882
27670,22,-195,-8947,0,0,0,-882
27671,23,-195,-8947,0,0,0,-882
27672,24,-195,-8947,0,0,0,-882
27673,25,-195,-8947,0,0,0,-882
27674,26,-195,-8947,0,0,0,-882
27675,27,-195,-8947,0,0,0,-882
27676,28,-195,-8947,0,0,0,-882
27677,29,-195,-8947,0,0,0,-882
27678,30,-195,-8947,0,0,0,-882
27679,31,-195,-8947,0,0,0,-882
27680,32,-195,-8947,0,0,0,-882
27681,33,-195,-8947,0,0,0,-882
27682,34,-195,-8947,0,0,0,-882
27683,35,-195,-8947,0,0,0,-882
27684,36,-195,-8947,0,0,0,-882
27685,37,-195,-8947,0,0,0,-882
27686,38,-195,-8947,0,0,0,-882
27687,39,-195,-8947,0,0,0,-882
27688,40,-195,-8947,0,0,0,-882
27689,41,-195,-8947,0,0,0,-882
27690,42,-195,-8947,0,0,0,-882
27691,43,-195,-8947,0,0,0,-882
27692,44,-195,-8947,0,0,0,-882
27693,45,-195,-8947,0,0,0,-882
27694,46,-195,-8947,0,0,0,-882
27695,47,-195,-8947,0,0,0,-882
27696,48,-195,-8947,0,0,0,-882
27697,49,-195,-8947,0,0,0,-882
27698,50,-195,-8947,0,0,0,-882
27699,51,-195,-8947,0,0,0,-882
27700,52,-195,-8947,0,0,0,-882
27701,53,-195,-8947,0,0,0,-882
27702,54,-195,-8947,0,0,0,-882
27703,55,-195,-8947,0,0,0,-882
27704,56,-195,-8947,0,0,0,-882
27705,57,-195,-8947,0,0,0,-882
27706,58,-195,-8947,0,0,0,-882
27707,59,-195,-8947,0,0,0,-882
27708,60,-195,-8947,0,0,0,-882
27709,61,-195,-8947,0,0,0,-882
27710,62,-195,-8947,0,0,0,-882
27711,63,-195,-8947,0,0,0,-882
27712,64,-195,-8947,0,0,0,-882
27713,65,-195,-8947,0,0,0,-882
27714,66,-195,-8947,0,0,0,-882
27715,67,-195,-8947,0,0,0,-882
27716,68,-195,-8947,0,0,0,-882
27717,69,-195,-8947,0,0,0,-882
27718,70,-195,-8947,0,0,0,-882
27719,71,-195,-8947,0,0,0,-882
27720,72,-195,-8947,0,0,0,-882
27721,73,-195,-8947,0,0,0,-882
27722,74,-195,-8947,0,0,0,-882
27723,75,-195,-8947,0,0,0,-882
27724,76,-195,-8947,0,0,0,-882
27725,77,-195,-8947,0,0,0,-882
27726,78,-195,-8947,0,0,0,-882
27727,79,-195,-8947,0,0,0,-882
27728,80,-195,-8947,0,0,0,-882
27729,81,-195,-8947,0,0,0,-882
27730,82,-195,-8947,0,0,0,-882
27731,83,-195,-8947,0,0,0,-882
27732,84,-195,-8947,0,0,0,-882
27733,85,-195,-8947,0,0,0,-882
27734,86,-195,-8947,0,0,0,-882
27735,87,-195,-8947,0,0,0,-882
27736,88,-195,-8947,0,0,0,-882
27737,89,-195,-8947,0,0,0,-882
27738,90,-195,-8947,0,0,0,-882
27739,91,-195,-8947,0,0,0,-882
27740,92,-195,-8947,0,0,0,-882
27741,93,-195,-8947,0,0,0,-882
27742,94,-195,-8947,0,0,0,-882
27743,95,-195,-8947,0,0,0,-882
27744,96,-195,-8947,0,0,0,-882
27745,97,-195,-8947,0,0,0,-882
27746,98,-195,-8947,0,0,0,-882
27747,99,-195,-8947,0,0,0,-882
27748,100,-195,-8947,0,0,0,-882
27749,101,-195,-8947,0,0,0,-882
27750,102,-195,-8947,0,0,0,-882
27751,103,-195,-8947,0,0,0,-882
27752,104,-195,-8947,0,0,0,-882
27753,105,-195,-8947,0,0,0,-882
27754,106,-195,-8947,0,0,0,-882
27755,107,-195,-8947,0,0,0,-882
27756,108,-195,-8947,0,0,0,-882
27757,109,-195,-8947,0,0,0,-882
27758,110,-195,-8947,0,0,0,-882
27759,111,-195,-8947,0,0,0,-882
27760,112,-195,-8947,0,0,0,-882
27761,113,-195,-8947,0,0,0,-882
27762,114,-195,-8947,0,0,0,-949
27763,115,-195,-8947,0,0,0,-1362
27764,116,-195,-8947,0,0,0,-1882
27765,117,-195,-8947,0,0,0,-1882
27766,118,-195,-8947,0,0,0,-1882
27767,119,-195,-8947,0,0,0,-1882
27768,120,-195,-8947,0,0,0,-1882
27769,121,-195,-8947,0,0,0,-1882
27770,122,-195,-8947,0,0,0,-1882
27771,123,-195,-8947,0,0,0,-1882
27772,124,-195,-8947,0,0,0,-1882
27773,125,-195,-8947,0,0,0,-1882
27774,126,-195,-8947,0,0,0,-1882
27775,127,-195,-8947,0,0,0,-1882
27776,128,-195,-8947,0,0,0,-1882
27777,129,-195,-8947,0,0,0,-1882
27778,130,-195,-8947,0,0,0,-1882
27779,131,-195,-8947,0,0,0,-1882
27780,132,-195,-8947,0,0,0,-1882
27781,133,-195,-8947,0,0,0,-1882
27782,134,-195,-8947,0,0,0,-1882
27783,135,-195,-8947,0,0,0,-1882
27784,136,-195,-8947,0,0,0,-1882
27785,137,-195,-8947,0,0,0,-1882
27786,138,-195,-8947,0,0,0,-1882
27787,139,-195,-8947,0,0,0,-1882
27788,140,-195,-8947,0,0,0,-1882
27789,141,-195,-8947,0,0,0,-1882
27790,142,-195,-8947,0,0,0,-1882
27791,143,-195,-8947,0,0,0,-1882
27792,144,-195,-8947,0,0,0,-1882
27793,145,-195,-8947,0,0,0,-1882
27794,146,-195,-8947,0,0,0,-1882
27795,147,-195,-8947,0,0,0,-1882
27796,148,-195,-8947,0,0,0,-1882
27797,149,-195,-8947,0,0,0,-1882
27798,150,-195,-8947,0,0,0,-1882
27799,151,-195,-8947,0,0,0,-1882
27800,152,-195,-8947,0,0,0,-1882
27801,153,-195,-8947,0,0,0,-1882
27802,154,-195,-8947,0,0,0,-1882
27803,155,-195,-8947,0,0,0,-1882
27804,156,-195,-8947,0,0,0,-1882
27805,157,-195,-8947,0,0,0,-1882
27806,158,-195,-8947,0,0,0,-1882
27807,159,-195,-8947,0,0,0,-1882
27808,160,-195,-8947,0,0,0,-1882
27809,161,-195,-8947,0,0,0,-1882
27810,162,-195,-8947,0,0,0,-1882
27811,163,-195,-8947,0,0,0,-1882
27812,164,-195,-8947,0,0,0,-1882
27813,165,-195,-8947,0,0,0,-1882
27814,166,-195,-8947,0,0,0,-1882
27815,167,-195,-8947,0,0,0,-1882
27816,168,-195,-8947,0,0,0,-1882
27817,169,-195,-8947,0,0,0,-1882
27818,170,-195,-8947,0,0,0,-1882
27819,171,-195,-8947,0,0,0,-1882
27820,172,-195,-8947,0,0,0,-1882
27821,173,-195,-8947,0,0,0,-1882
27822,174,-195,-8947,0,0,0,-1882
27823,175,-195,-8947,0,0,0,-1882
27824,176,-195,-8947,0,0,0,-1882
27825,177,-195,-8947,0,0,0,-1882
27826,178,-195,-8947,0,0,0,-1882
27827,179,-195,-8947,0,0,0,-1882
27828,180,-195,-8947,0,0,0,-1882
27829,181,-195,-8947,0,0,0,-1882
27830,182,-195,-8947,0,0,0,-1882
27831,183,-195,-8947,0,0,0,-1882
27832,184,-195,-8947,0,0,0,-1882
27833,185,-195,-8947,0,0,0,-1882
27834,186,-195,-8947,0,0,0,-1882
27835,187,-195,-8947,0,0,0,-1882
27836,188,-195,-8947,0,0,0,-1882
27837,189,-195,-8947,0,0,0,-1882
27838,190,-195,-8947,0,0,0,-1882
27839,191,-195,-8947,0,0,0,-1882
27840,192,-195,-8947,0,0,0,-1882
27841,193,-195,-8947,0,0,0,-1882
27842,194,-195,-8947,0,0,0,-1882
27843,195,-195,-8947,0,0,0,-1882
27844,196,-195,-8947,0,0,0,-1882
27845,197,-195,-8947,0,0,0,-1882
27846,198,-195,-8947,0,0,0,-1882
27847,199,-195,-8947,0,0,0,-1882
27848,200,-195,-8947,0,0,0,-1882
27849,201,-195,-8947,0,0,0,-1882
27850,202,-195,-8947,0,0,0,-1882
27851,203,-195,-8947,0,0,0,-1882
27852,204,-195,-8947,0,0,0,-1882
27853,205,-195,-8947,0,0,0,-1882
27854,206,-195,-8947,0,0,0,-1882
27855,207,-195,-8947,0,0,0,-1882
27856,208,-195,-8947,0,0,0,-1882
27857,209,-195,-8947,0,0,0,-1882
27858,210,-195,-8947,0,0,0,-1882
27859,211,-195,-8947,0,0,0,-1882
27860,212,-195,-8947,0,0,0,-1882
27861,213,-195,-8947,0,0,0,-1682
27862,214,-195,-8947,0,0,0,-1682
27863,215,-195,-8947,0,0,0,-1682
27864,216,-195,-8947,0,0,0,-1682
27865,217,-195,-8947,0,0,0,-1682
27866,218,-195,-8947,0,0,0,-1682
27867,219,-195,-8947,0,0,0,-1682
27868,220,-195,-8947,0,0,0,-1682
27869,221,-195,-8947,0,0,0,-1682
27870,222,-195,-8947,0,0,0,-1682
27871,223,-195,-8947,0,0,0,-1682
27872,224,-195,-8947,0,0,0,-1682
27873,225,-195,-8947,0,0,0,-1682
27874,226,-195,-8947,0,0,0,-1682
27875,227,-195,-8947,0,0,0,-1682
27876,228,-195,-8947,0,0,0,-1682
27877,229,-195,-8947,0,0,0,-1682
27878,230,-195,-8947,0,0,0,-1682
27879,231,-195,-8947,0,0,0,-1682
27880,232,-195,-8947,0,0,0,-1682
27881,233,-195,-8947,0,0,0,-1682
27882,234,-195,-8947,0,0,0,-1682
27883,235,-195,-8947,0,0,0,-1682
27884,236,-195,-8947,0,0,0,-1682
27885,237,-195,-8947,0,0,0,-1682
27886,238,-195,-8947,0,0,0,-1682
27887,239,-195,-8947,0,0,0,-1682
27888,240,-195,-8947,0,0,0,-1682
27889,241,-195,-8947,0,0,0,-1682
27890,242,-195,-8947,0,0,0,-1682
27891,243,-195,-8947,0,0,0,-1682
27892,244,-195,-8947,0,0,0,-1682
27893,245,-195,-8947,0,0,0,-1682
27894,246,-195,-8947,0,0,0,-1682
27895,247,-195,-8947,0,0,0,-1682
27896,248,-195,-8947,0,0,0,-1682
27897,249,-195,-8947,0,0,0,-1682
27898,250,-195,-8947,0,0,0,-1682
27899,251,-195,-8947,0,0,0,-1682
27900,252,-195,-8947,0,0,0,-1682
27901,253,-195,-8947,0,0,0,-1682
27902,254,-195,-8947,0,0,0,-1682
27903,255,-195,-8947,0,0,0,-1682
27904,0,-195,-8947,0,0,0,-1682
27905,1,-195,-8947,0,0,0,-1682
27906,2,-195,-8947,0,0,0,-1682
27907,3,-195,-8947,0,0,0,-1682
27908,4,-195,-8947,0,0,0,-1682
27909,5,-195,-8947,0,0,0,-1671
27910,6,-195,-8947,0,0,0,-1750
27911,7,-195,-8947,0,0,0,-1640
27912,8,-195,-8947,0,0,0,-1640
27913,9,-195,-8947,0,0,0,-1730
27914,10,-195,-8947,0,0,0,-1730
27915,11,-195,-8947,0,0,0,-1730
27916,12,-195,-8947,0,0,0,-1730
27917,13,-195,-8947,0,0,0,-1402
27918,14,-195,-8947,0,0,0,-1402
27919,15,-195,-8947,0,0,0,-1402
27920,16,-195,-8947,0,0,0,-1402
27921,17,-195,-8947,0,0,0,-1402
27922,18,-195,-8947,0,0,0,-1402
27923,19,-195,-8947,0,0,0,-1402
27924,20,-195,-8947,0,0,0,-1402
27925,21,-195,-8947,0,0,0,-1402
27926,22,-195,-8947,0,0,0,-1402
27927,23,-195,-8947,0,0,0,-1402
27928,24,-195,-8947,0,0,0,-1402
27929,25,-195,-8947,0,0,0,-1402
27930,26,-195,-8947,0,0,0,-1402
27931,27,-195,-8947,0,0,0,-1402
27932,28,-195,-8947,0,0,0,-1402
27933,29,-195,-8947,0,0,0,-1402
27934,30,-195,-8947,0,0,0,-1402
27935,31,-195,-8947,0,0,0,-1402
27936,32,-195,-8947,0,0,0,-1402
27937,33,-195,-8947,0,0,0,-1402
27938,34,-195,-8947,0,0,0,-1402
27939,35,-195,-8947,0,0,0,-1402
27940,36,-195,-8947,0,0,0,-1402
27941,37,-195,-8947,0,0,0,-1402
27942,38,-195,-8947,0,0,0,-1402
27943,39,-195,-8947,0,0,0,-1402
27944,40,-195,-8947,0,0,0,-1402
27945,41,-195,-8947,0,0,0,-1402
27946,42,-195,-8947,0,0,0,-1402
27947,43,-195,-8947,0,0,0,-1402
27948,44,-195,-8947,0,0,0,-1402
27949,45,-195,-8947,0,0,0,-1402
27950,46,-195,-8947,0,0,0,-1402
27951,47,-195,-8947,0,0,0,-1402
27952,48,-195,-8947,0,0,0,-1402
27953,49,-195,-8947,0,0,0,-1402
27954,50,-195,-8947,0,0,0,-1402
27955,51,-195,-8947,0,0,0,-1402
27956,52,-195,-8947,0,0,0,-1402
27957,53,-195,-8947,0,0,0,-1402
27958,54,-195,-8947,0,0,0,-1402
27959,55,-195,-8947,0,0,0,-1402
27960,56,-195,-8947,0,0,0,-1402
27961,57,-195,-8947,0,0,0,-1402
27962,58,-195,-8947,0,0,0,-1402
27963,59,-195,-8947,0,0,0,-1402
27964,60,-195,-8947,0,0,0,-1402
27965,61,-195,-8947,0,0,0,-1402
27966,62,-195,-8947,0,0,0,-1402
27967,63,-195,-8947,0,0,0,-1402
27968,64,-195,-8947,0,0,0,-1402
27969,65,-195,-8947,0,0,0,-1402
27970,66,-195,-8947,0,0,0,-1402
27971,67,-195,-8947,0,0,0,-1402
27972,68,-195,-8947,0,0,0,-1402
27973,69,-195,-8947,0,0,0,-1402
27974,70,-195,-8947,0,0,0,-1402
27975,71,-195,-8947,0,0,0,-1402
27976,72,-195,-8947,0,0,0,-1402
27977,73,-195,-8947,0,0,0,-1402
27978,74,-195,-8947,0,0,0,-1402
27979,75,-195,-8947,0,0,0,-1402
27980,76,-195,-8947,0,0,0,-1402
27981,77,-195,-8947,0,0,0,-1402
27982,78,-195,-8947,0,0,0,-1402
27983,79,-195,-8947,0,0,0,-1402
27984,80,-195,-8947,0,0,0,-1402
27985,81,-195,-8947,0,0,0,-1402
27986,82,-195,-8947,0,0,0,-830
27987,83,-195,-8947,0,0,0,-830
27988,84,-195,-8947,0,0,0,-830
27989,85,-195,-8947,0,0,0,-830
27990,86,-195,-8947,0,0,0,-830
27991,87,-195,-8947,0,0,0,-830
27992,88,-195,-8947,0,0,0,-830
27993,89,-195,-8947,0,0,0,-830
27994,90,-195,-8947,0,0,0,-830
27995,91,-195,-8947,0,0,0,-830
27996,92,-195,-8947,0,0,0,-830
27997,93,-195,-8947,0,0,0,-830
27998,94,-195,-8947,0,0,0,-830
27999,95,-195,-8947,0,0,0,-830
28000,96,-195,-8947,0,0,0,-830
28001,97,-195,-8947,0,0,0,-830
28002,98,-195,-8947,0,0,0,-830
28003,99,-195,-8947,0,0,0,-830
28004,100,-195,-8947,0,0,0,-830
28005,101,-195,-8947,0,0,0,-830
28006,102,-195,-8947,0,0,0,-830
28007,103,-195,-8947,0,0,0,-830
28008,104,-195,-8947,0,0,0,-830
28009,105,-195,-8947,0,0,0,-830
28010,106,-195,-8947,0,0,0,-830
28011,107,-195,-8947,0,0,0,-830
28012,108,-195,-8947,0,0,0,-830
28013,109,-195,-8947,0,0,0,-830
28014,110,-195,-8947,0,0,0,-830
28015,111,-195,-8947,0,0,0,-830
28016,112,-195,-8947,0,0,0,-830
28017,113,-195,-8947,0,0,0,-830
28018,114,-195,-8947,0,0,0,-830
28019,115,-195,-8947,0,0,0,-830
28020,116,-195,-8947,0,0,0,-830
28021,117,-195,-8947,0,0,0,-830
28022,118,-195,-8947,0,0,0,-830
28023,119,-195,-8947,0,0,0,-830
28024,120,-195,-8947,0,0,0,-830
28025,121,-195,-8947,0,0,0,-830
28026,122,-195,-8947,0,0,0,-830
28027,123,-195,-8947,0,0,0,-830
28028,124,-195,-8947,0,0,0,-830
28029,125,-195,-8947,0,0,0,-830
28030,126,-195,-8947,0,0,0,-830
28031,127,-195,-8947,0,0,0,-830
28032,128,-195,-8947,0,0,0,-830
28033,129,-195,-8947,0,0,0,-830
28034,130,-195,-8947,0,0,0,-830
28035,131,-195,-8947,0,0,0,-830
28036,132,-195,-8947,0,0,0,-830
28037,133,-195,-8947,0,0,0,-830
28038,134,-195,-8947,0,0,0,-830
28039,135,-195,-8947,0,0,0,-830
28040,136,-195,-8947,0,0,0,-830
28041,137,-195,-8947,0,0,0,-830
28042,138,-195,-8947,0,0,0,-830
28043,139,-195,-8947,0,0,0,-830
28044,140,-195,-8947,0,0,0,-830
28045,141,-195,-8947,0,0,0,-830
28046,142,-195,-8947,0,0,0,-830
28047,143,-195,-8947,0,0,0,-830
28048,144,-195,-8947,0,0,0,-830
28049,145,-195,-8947,0,0,0,-830
28050,146,-195,-8947,0,0,0,-830
28051,147,-195,-8947,0,0,0,-830
28052,148,-195,-8947,0,0,0,-830
28053,149,-195,-8947,0,0,0,-830
28054,150,-195,-8947,0,0,0,-830
28055,151,-195,-8947,0,0,0,-830
28056,152,-195,-8947,0,0,0,-830
28057,153,-195,-8947,0,0,0,-830
28058,154,-195,-8947,0,0,0,-830
28059,155,-195,-8947,0,0,0,-830
28060,156,-195,-8947,0,0,0,-830
28061,157,-195,-8947,0,0,0,-830
28062,158,-195,-8947,0,0,0,-830
28063,159,-195,-8947,0,0,0,-830
28064,160,-195,-8947,0,0,0,-830
28065,161,-195,-8947,0,0,0,-830
28066,162,-195,-8947,0,0,0,-830
28067,163,-195,-8947,0,0,0,-830
28068,164,-195,-8947,0,0,0,-830
28069,165,-195,-8947,0,0,0,-830
28070,166,-195,-8947,0,0,0,-830
28071,167,-195,-8947,0,0,0,-830
28072,168,-195,-8947,0,0,0,-830
28073,169,-195,-8947,0,0,0,-830
28074,170,-195,-8947,0,0,0,-830
28075,171,-195,-8947,0,0,0,-830
28076,172,-195,-8947,0,0,0,-830
28077,173,-195,-8947,0,0,0,-830
28078,174,-195,-8947,0,0,0,-830
28079,175,-195,-8947,0,0,0,-900
28080,176,-195,-8947,0,0,0,-900
28081,177,-195,-8947,0,0,0,-900
28082,178,-195,-8947,0,0,0,-900
28083,179,-195,-8947,0,0,0,-900
28084,180,-195,-8947,0,0,0,-900
28085,181,-195,-8947,0,0,0,-900
28086,182,-195,-8947,0,0,0,-900
28087,183,-195,-8947,0,0,0,-900
28088,184,-195,-8947,0,0,0,-900
28089,185,-195,-8947,0,0,0,-900
28090,186,-195,-8947,0,0,0,-900
28091,187,-195,-8947,0,0,0,-900
28092,188,-195,-8947,0,0,0,-900
28093,189,-195,-8947,0,0,0,-900
28094,190,-195,-8947,0,0,0,-900
28095,191,-195,-8947,0,0,0,-900
28096,192,-195,-8947,0,0,0,-900
28097,193,-195,-8947,0,0,0,-900
28098,194,-195,-8947,0,0,0,-900
28099,195,-195,-8947,0,0,0,-900
28100,196,-195,-8947,0,0,0,-900
28101,197,-195,-8947,0,0,0,-900
28102,198,-195,-8947,0,0,0,-900
28103,199,-195,-8947,0,0,0,-900
28104,200,-195,-8947,0,0,0,-900
28105,201,-195,-8947,0,0,0,-900
28106,202,-195,-8947,0,0,0,-900
28107,203,-195,-8947,0,0,0,-900
28108,204,-195,-8947,0,0,0,-900
28109,205,-195,-8947,0,0,0,-900
28110,206,-195,-8947,0,0,0,-900
28111,207,-195,-8947,0,0,0,-900
28112,208,-195,-8947,0,0,0,-900
28113,209,-195,-8947,0,0,0,-900
28114,210,-195,-8947,0,0,0,-900
28115,211,-195,-8947,0,0,0,-900
28116,212,-195,-8947,0,0,0,-900
28117,213,-195,-8947,0,0,0,-900
28118,214,-195,-8947,0,0,0,-900
28119,215,-195,-8947,0,0,0,-900
28120,216,-195,-8947,0,0,0,-900
28121,217,-195,-8947,0,0,0,-900
28122,218,-195,-8947,0,0,0,-900
28123,219,-195,-8947,0,0,0,-900
28124,220,-195,-8947,0,0,0,-900
28125,221,-195,-8947,0,0,0,-900
28126,222,-195,-8947,0,0,0,-900
28127,223,-195,-8947,0,0,0,-900
28128,224,-195,-8947,0,0,0,-900
28129,225,-195,-8947,0,0,0,-900
28130,226,-195,-8947,0,0,0,-900
28131,227,-195,-8947,0,0,0,-900
28132,228,-195,-8947,0,0,0,-900
28133,229,-195,-8947,0,0,0,-900
28134,230,-195,-8947,0,0,0,-900
28135,231,-195,-8947,0,0,0,-900
28136,232,-195,-8947,0,0,0,-900
28137,233,-195,-8947,0,0,0,-900
28138,234,-195,-8947,0,0,0,-900
28139,235,-195,-8947,0,0,0,-900
28140,236,-195,-8947,0,0,0,-900
28141,237,-195,-8947,0,0,0,-900
28142,238,-195,-8947,0,0,0,-900
28143,239,-195,-8947,0,0,0,-900
28144,240,-195,-8947,0,0,0,-900
28145,241,-195,-8947,0,0,0,-900
28146,242,-195,-8947,0,0,0,-900
28147,243,-195,-8947,0,0,0,-900
28148,244,-195,-8947,0,0,0,-900
28149,245,-195,-8947,0,0,0,-900
28150,246,-195,-8947,0,0,0,-900
28151,247,-195,-8947,0,0,0,-900
28152,248,-195,-8947,0,0,0,-900
28153,249,-195,-8947,0,0,0,-900
28154,250,-195,-8947,0,0,0,-900
28155,251,-195,-8947,0,0,0,-900
28156,252,-195,-8947,0,0,0,-900
28157,253,-195,-8947,0,0,0,-900
28158,254,-195,-8947,0,0,0,-900
28159,255,-195,-8947,0,0,0,-900
28160,0,-195,-8947,0,0,0,-900
28161,1,-195,-8947,0,0,0,-900
28162,2,-195,-8947,0,0,0,-900
28163,3,-195,-8947,0,0,0,-900
28164,4,-195,-8947,0,0,0,-900
28165,5,-195,-8947,0,0,0,-900
28166,6,-195,-8947,0,0,0,-900
28167,7,-195,-8947,0,0,0,-900
28168,8,-195,-8947,0,0,0,-900
28169,9,-195,-8947,0,0,0,-900
28170,10,-195,-8947,0,0,0,-900
28171,11,-195,-8947,0,0,0,-900
28172,12,-195,-8947,0,0,0,-900
28173,13,-195,-8947,0,0,0,-900
28174,14,-195,-8947,0,0,0,-982
28175,15,-195,-8947,0,0,0,-982
28176,16,-195,-8947,0,0,0,-982
28177,17,-195,-8947,0,0,0,-982
28178,18,-195,-8947,0,0,0,-982
28179,19,-195,-8947,0,0,0,-982
28180,20,-195,-8947,0,0,0,-982
28181,21,-195,-8947,0,0,0,-982
28182,22,-195,-8947,0,0,0,-982
28183,23,-195,-8947,0,0,0,-982
28184,24,-195,-8947,0,0,0,-982
28185,25,-195,-8947,0,0,0,-982
28186,26,-195,-8947,0,0,0,-982
28187,27,-195,-8947,0,0,0,-982
28188,28,-195,-8947,0,0,0,-982
28189,29,-195,-8947,0,0,0,-982
28190,30,-195,-8947,0,0,0,-982
28191,31,-195,-8947,0,0,0,-982
28192,32,-195,-8947,0,0,0,-982
28193,33,-195,-8947,0,0,0,-982
28194,34,-195,-8947,0,0,0,-982
28195,35,-195,-8947,0,0,0,-982
28196,36,-195,-8947,0,0,0,-982
28197,37,-195,-8947,0,0,0,-982
28198,38,-195,-8947,0,0,0,-982
28199,39,-195,-8947,0,0,0,-982
28200,40,-195,-8947,0,0,0,-982
28201,41,-195,-8947,0,0,0,-982
28202,42,-195,-8947,0,0,0,-982
28203,43,-195,-8947,0,0,0,-982
28204,44,-195,-8947,0,0,0,-982
28205,45,-195,-8947,0,0,0,-982
28206,46,-195,-8947,0,0,0,-982
28207,47,-195,-8947,0,0,0,-982
28208,48,-195,-8947,0,0,0,-982
28209,49,-195,-8947,0,0,0,-982
28210,50,-195,-8947,0,0,0,-982
28211,51,-195,-8947,0,0,0,-982
28212,52,-195,-8947,0,0,0,-982
28213,53,-195,-8947,0,0,0,-982
28214,54,-195,-8947,0,0,0,-982
28215,55,-195,-8947,0,0,0,-982
28216,56,-195,-8947,0,0,0,-1080
28217,57,-195,-8947,0,0,0,-1102
28218,58,-195,-8947,0,0,0,-1102
28219,59,-195,-8947,0,0,0,-1102
28220,60,-195,-8947,0,0,0,-1102
28221,61,-195,-8947,0,0,0,-1102
28222,62,-195,-8947,0,0,0,-1102
28223,63,-195,-8947,0,0,0,-1102
28224,64,-195,-8947,0,0,0,-1102
28225,65,-195,-8947,0,0,0,-1102
28226,66,-195,-8947,0,0,0,-1102
28227,67,-195,-8947,0,0,0,-1102
28228,68,-195,-8947,0,0,0,-1102
28229,69,-195,-8947,0,0,0,-1102
28230,70,-195,-8947,0,0,0,-1102
28231,71,-195,-8947,0,0,0,-1102
28232,72,-195,-8947,0,0,0,-1102
28233,73,-195,-8947,0,0,0,-1102
28234,74,-195,-8947,0,0,0,-1102
28235,75,-195,-8947,0,0,0,-1102
28236,76,-195,-8947,0,0,0,-1102
28237,77,-195,-8947,0,0,0,-1102
28238,78,-195,-8947,0,0,0,-1102
28239,79,-195,-8947,0,0,0,-1102
28240,80,-195,-8947,0,0,0,-1102
28241,81,-195,-8947,0,0,0,-1102
28242,82,-195,-8947,0,0,0,-1102
28243,83,-195,-8947,0,0,0,-1102
28244,84,-195,-8947,0,0,0,-1102
28245,85,-195,-8947,0,0,0,-1102
28246,86,-195,-8947,0,0,0,-1102
28247,87,-195,-8947,0,0,0,-1102
28248,88,-195,-8947,0,0,0,-1102
28249,89,-195,-8947,0,0,0,-1102
28250,90,-195,-8947,0,0,0,-1102
28251,91,-195,-8947,0,0,0,-1102
28252,92,-195,-8947,0,0,0,-1102
28253,93,-195,-8947,0,0,0,-1102
28254,94,-195,-8947,0,0,0,-1102
28255,95,-195,-8947,0,0,0,-1102
28256,96,-195,-8947,0,0,0,-1102
28257,97,-195,-8947,0,0,0,-1102
28258,98,-195,-8947,0,0,0,-1102
28259,99,-195,-8947,0,0,0,-1102
28260,100,-195,-8947,0,0,0,-1102
28261,101,-195,-8947,0,0,0,-1102
28262,102,-195,-8947,0,0,0,-1102
28263,103,-195,-8947,0,0,0,-1102
28264,104,-195,-8947,0,0,0,-1102
28265,105,-195,-8947,0,0,0,-1102
28266,106,-195,-8947,0,0,0,-1102
28267,107,-195,-8947,0,0,0,-1102
28268,108,-195,-8947,0,0,0,-1102
28269,109,-195,-8947,0,0,0,-1102
28270,110,-195,-8947,0,0,0,-1102
28271,111,-195,-8947,0,0,0,-1102
28272,112,-195,-8947,0,0,0,-1102
28273,113,-195,-8947,0,0,0,-1102
28274,114,-195,-8947,0,0,0,-1102
28275,115,-195,-8947,0,0,0,-1102
28276,116,-195,-8947,0,0,0,-1102
28277,117,-195,-8947,0,0,0,-1102
28278,118,-195,-8947,0,0,0,-1102
28279,119,-195,-8947,0,0,0,-1102
28280,120,-195,-8947,0,0,0,-1102
28281,121,-195,-8947,0,0,0,-1102
28282,122,-195,-8947,0,0,0,-1102
28283,123,-195,-8947,0,0,0,-1102
28284,124,-195,-8947,0,0,0,-1102
28285,125,-195,-8947,0,0,0,-1102
28286,126,-195,-8947,0,0,0,-1102
28287,127,-195,-8947,0,0,0,-1102
28288,128,-195,-8947,0,0,0,-1102
28289,129,-195,-8947,0,0,0,-1102
28290,130,-195,-8947,0,0,0,-1102
28291,131,-195,-8947,0,0,0,-1102
28292,132,-195,-8947,0,0,0,-1102
28293,133,-195,-8947,0,0,0,-1102
28294,134,-195,-8947,0,0,0,-1102
28295,135,-195,-8947,0,0,0,-1102
28296,136,-195,-8947,0,0,0,-1102
28297,137,-195,-8947,0,0,0,-1102
28298,138,-195,-8947,0,0,0,-1102
28299,139,-195,-8947,0,0,0,-1102
28300,140,-195,-8947,0,0,0,-1102
28301,141,-195,-8947,0,0,0,-1102
28302,142,-195,-8947,0,0,0,-1102
28303,143,-195,-8947,0,0,0,-1102
28304,144,-195,-8947,0,0,0,-1102
28305,145,-195,-8947,0,0,0,-1102
28306,146,-195,-8947,0,0,0,-1102
28307,147,-195,-8947,0,0,0,-1102
28308,148,-195,-8947,0,0,0,-1102
28309,149,-195,-8947,0,0,0,-1102
28310,150,-195,-8947,0,0,0,-1102
28311,151,-195,-8947,0,0,0,-1102
28312,152,-195,-8947,0,0,0,-1102
28313,153,-195,-8947,0,0,0,-1102
28314,154,-195,-8947,0,0,0,-1102
28315,155,-195,-8947,0,0,0,-1102
28316,156,-195,-8947,0,0,0,-1102
28317,157,-195,-8947,0,0,0,-1102
28318,158,-195,-8947,0,0,0,-1102
28319,159,-195,-8947,0,0,0,-1102
28320,160,-195,-8947,0,0,0,-1102
28321,161,-195,-8947,0,0,0,-1102
28322,162,-195,-8947,0,0,0,-1102
28323,163,-195,-8947,0,0,0,-1102
28324,164,-195,-8947,0,0,0,-1102
28325,165,-195,-8947,0,0,0,-1102
28326,166,-195,-8947,0,0,0,-1102
28327,167,-195,-8947,0,0,0,-1102
28328,168,-195,-8947,0,0,0,-1102
28329,169,-195,-8947,0,0,0,-1102
28330,170,-195,-8947,0,0,0,-1102
28331,171,-195,-8947,0,0,0,-1102
28332,172,-195,-8947,0,0,0,-1102
28333,173,-195,-8947,0,0,0,-1102
28334,174,-195,-8947,0,0,0,-1102
28335,175,-195,-8947,0,0,0,-1102
28336,176,-195,-8947,0,0,0,-1102
28337,177,-195,-8947,0,0,0,-1102
28338,178,-195,-8947,0,0,0,-1102
28339,179,-195,-8947,0,0,0,-1102
28340,180,-195,-8947,0,0,0,-1102
28341,181,-195,-8947,0,0,0,-1102
28342,182,-195,-8947,0,0,0,-1102
28343,183,-195,-8947,0,0,0,-1102
28344,184,-195,-8947,0,0,0,-1102
28345,185,-195,-8947,0,0,0,-1102
28346,186,-195,-8947,0,0,0,-1102
28347,187,-195,-8947,0,0,0,-1102
28348,188,-195,-8947,0,0,0,-1102
28349,189,-195,-8947,0,0,0,-1102
28350,190,-195,-8947,0,0,0,-1102
28351,191,-195,-8947,0,0,0,-1102
28352,192,-195,-8947,0,0,0,-1102
28353,193,-195,-8947,0,0,0,-1102
28354,194,-195,-8947,0,0,0,-1102
28355,195,-195,-8947,0,0,0,-1102
28356,196,-195,-8947,0,0,0,-1102
28357,197,-195,-8947,0,0,0,-1102
28358,198,-195,-8947,0,0,0,-1102
28359,199,-195,-8947,0,0,0,-1102
28360,200,-195,-8947,0,0,0,-1102
28361,201,-195,-8947,0,0,0,-1102
28362,202,-195,-8947,0,0,0,-1102
28363,203,-195,-8947,0,0,0,-1102
28364,204,-195,-8947,0,0,0,-1102
28365,205,-195,-8947,0,0,0,-1102
28366,206,-195,-8947,0,0,0,-1102
28367,207,-195,-8947,0,0,0,-1102
28368,208,-195,-8947,0,0,0,-1102
28369,209,-195,-8947,0,0,0,-1102
28370,210,-195,-8947,0,0,0,-1102
28371,211,-195,-8947,0,0,0,-1102
28372,212,-195,-8947,0,0,0,-1102
28373,213,-195,-8947,0,0,0,-1102
28374,214,-195,-8947,0,0,0,-1102
28375,215,-195,-8947,0,0,0,-1102
28376,216,-195,-8947,0,0,0,-1102
28377,217,-195,-8947,0,0,0,-1102
28378,218,-195,-8947,0,0,0,-1102
28379,219,-195,-8947,0,0,0,-1102
28380,220,-195,-8947,0,0,0,-1102
28381,221,-195,-8947,0,0,0,-1102
28382,222,-195,-8947,0,0,0,-1102
28383,223,-195,-8947,0,0,0,-1102
28384,224,-195,-8947,0,0,0,-1102
28385,225,-195,-8947,0,0,0,-1102
28386,226,-195,-8947,0,0,0,-1102
28387,227,-195,-8947,0,0,0,-1102
28388,228,-195,-8947,0,0,0,-1102
28389,229,-195,-8947,0,0,0,-1102
28390,230,-195,-8947,0,0,0,-1102
28391,231,-195,-8947,0,0,0,-1102
28392,232,-195,-8947,0,0,0,-1102
28393,233,-195,-8947,0,0,0,-1102
28394,234,-195,-8947,0,0,0,-1102
28395,235,-195,-8947,0,0,0,-1102
28396,236,-195,-8947,0,0,0,-1102
28397,237,-195,-8947,0,0,0,-1102
28398,238,-195,-8947,0,0,0,-1102
28399,239,-195,-8947,0,0,0,-1102
28400,240,-195,-8947,0,0,0,-1102
28401,241,-195,-8947,0,0,0,-1124
28402,242,-195,-8947,0,0,0,-702
28403,243,-195,-8947,0,0,0,-702
28404,244,-195,-8947,0,0,0,-702
28405,245,-195,-8947,0,0,0,-702
28406,246,-195,-8947,0,0,0,-702
28407,247,-195,-8947,0,0,0,-702
28408,248,-195,-8947,0,0,0,-702
28409,249,-195,-8947,0,0,0,-702
28410,250,-195,-8947,0,0,0,-702
28411,251,-195,-8947,0,0,0,-72
28412,252,-195,-8947,0,0,0,-72
28413,253,-195,-8947,0,0,0,-72
28414,254,-195,-8947,0,0,0,-72
28415,255,-195,-8947,0,0,0,-72
28416,0,-195,-8947,0,0,0,-72
28417,1,-195,-8947,0,0,0,-72
28418,2,-195,-8947,0,0,0,-72
28419,3,-195,-8947,0,0,0,-72
28420,4,-195,-8947,0,0,0,-72
28421,5,-195,-8947,0,0,0,-72
28422,6,-195,-8947,0,0,0,-72
28423,7,-195,-8947,0,0,0,-72
28424,8,-195,-8947,0,0,0,-72
28425,9,-195,-8947,0,0,0,-72
28426,10,-195,-8947,0,0,0,-72
28427,11,-195,-8947,0,0,0,-72
28428,12,-195,-8947,0,0,0,-72
28429,13,-195,-8947,0,0,0,-72
28430,14,-195,-8947,0,0,0,-72
28431,15,-195,-8947,0,0,0,-72
28432,16,-195,-8947,0,0,0,-72
28433,17,-195,-8947,0,0,0,-72
28434,18,-195,-8947,0,0,0,-72
28435,19,-195,-8947,0,0,0,-72
28436,20,-195,-8947,0,0,0,-72
28437,21,-195,-8947,0,0,0,-72
28438,22,-195,-8947,0,0,0,-72
28439,23,-195,-8947,0,0,0,-162
28440,24,-195,-8947,0,0,0,-162
28441,25,-195,-8947,0,0,0,-162
28442,26,-195,-8947,0,0,0,-162
28443,27,-195,-8947,0,0,0,-162
28444,28,-195,-8947,0,0,0,-162
28445,29,-195,-8947,0,0,0,-162
28446,30,-195,-8947,0,0,0,-162
28447,31,-195,-8947,0,0,0,-162
28448,32,-195,-8947,0,0,0,-162
28449,33,-195,-8947,0,0,0,-162
28450,34,-195,-8947,0,0,0,-162
28451,35,-195,-8947,0,0,0,-162
28452,36,-195,-8947,0,0,0,-162
28453,37,-195,-8947,0,0,0,-162
28454,38,-195,-8947,0,0,0,-162
28455,39,-195,-8947,0,0,0,-162
28456,40,-195,-8947,0,0,0,-162
28457,41,-195,-8947,0,0,0,-162
28458,42,-195,-8947,0,0,0,-162
28459,43,-195,-8947,0,0,0,-162
28460,44,-195,-8947,0,0,0,-162
28461,45,-195,-8947,0,0,0,-162
28462,46,-195,-8947,0,0,0,-162
28463,47,-195,-8947,0,0,0,-162
28464,48,-195,-8947,0,0,0,-162
28465,49,-195,-8947,0,0,0,-162
28466,50,-195,-8947,0,0,0,-162
28467,51,-195,-8947,0,0,0,-162
28468,52,-195,-8947,0,0,0,-162
28469,53,-195,-8947,0,0,0,-162
28470,54,-195,-8947,0,0,0,-162
28471,55,-195,-8947,0,0,0,-162
28472,56,-195,-8947,0,0,0,-162
28473,57,-195,-8947,0,0,0,-162
28474,58,-195,-8947,0,0,0,-162
28475,59,-195,-8947,0,0,0,-162
28476,60,-195,-8947,0,0,0,-162
28477,61,-195,-8947,0,0,0,-162
28478,62,-195,-8947,0,0,0,-162
28479,63,-195,-8947,0,0,0,-162
28480,64,-195,-8947,0,0,0,-162
28481,65,-195,-8947,0,0,0,-162
28482,66,-195,-8947,0,0,0,-162
28483,67,-195,-8947,0,0,0,-162
28484,68,-195,-8947,0,0,0,-162
28485,69,-195,-8947,0,0,0,-162
28486,70,-195,-8947,0,0,0,-162
28487,71,-195,-8947,0,0,0,-162
28488,72,-195,-8947,0,0,0,-162
28489,73,-195,-8947,0,0,0,-162
28490,74,-195,-8947,0,0,0,-162
28491,75,-195,-8947,0,0,0,-162
28492,76,-195,-8947,0,0,0,-72
28493,77,-195,-8947,0,0,0,18
28494,78,-195,-8947,0,0,0,18
28495,79,-195,-8947,0,0,0,18
28496,80,-195,-8947,0,0,0,18
28497,81,-195,-8947,0,0,0,18
28498,82,-195,-8947,0,0,0,-92
28499,83,-195,-8947,0,0,0,-92
28500,84,-195,-8947,0,0,0,-92
28501,85,-195,-8947,0,0,0,-92
28502,86,-195,-8947,0,0,0,-92
28503,87,-195,-8947,0,0,0,-92
28504,88,-195,-8947,0,0,0,-92
28505,89,-195,-8947,0,0,0,-92
28506,90,-195,-8947,0,0,0,-92
28507,91,-195,-8947,0,0,0,-92
28508,92,-195,-8947,0,0,0,-92
28509,93,-195,-8947,0,0,0,-92
28510,94,-195,-8947,0,0,0,-92
28511,95,-195,-8947,0,0,0,-92
28512,96,-195,-8947,0,0,0,-92
28513,97,-195,-8947,0,0,0,-92
28514,98,-195,-8947,0,0,0,-92
28515,99,-195,-8947,0,0,0,-92
28516,100,-195,-8947,0,0,0,-92
28517,101,-195,-8947,0,0,0,-92
28518,102,-195,-8947,0,0,0,-92
28519,103,-195,-8947,0,0,0,-92
28520,104,-195,-8947,0,0,0,-92
28521,105,-195,-8947,0,0,0,-92
28522,106,-195,-8947,0,0,0,-92
28523,107,-195,-8947,0,0,0,-92
28524,108,-195,-8947,0,0,0,-92
28525,109,-195,-8947,0,0,0,-92
28526,110,-195,-8947,0,0,0,-92
28527,111,-195,-8947,0,0,0,-92
28528,112,-195,-8947,0,0,0,-92
28529,113,-195,-8947,0,0,0,-92
28530,114,-195,-8947,0,0,0,-92
28531,115,-195,-8947,0,0,0,-92
28532,116,-195,-8947,0,0,0,-92
28533,117,-195,-8947,0,0,0,-92
28534,118,-195,-8947,0,0,0,-92
28535,119,-195,-8947,0,0,0,-92
28536,120,-195,-8947,0,0,0,-92
28537,121,-195,-8947,0,0,0,-92
28538,122,-195,-8947,0,0,0,-92
28539,123,-195,-8947,0,0,0,-92
28540,124,-195,-8947,0,0,0,-92
28541,125,-195,-8947,0,0,0,-92
28542,126,-195,-8947,0,0,0,-92
28543,127,-195,-8947,0,0,0,-92
28544,128,-195,-8947,0,0,0,-92
28545,129,-195,-8947,0,0,0,-92
28546,130,-195,-8947,0,0,0,-92
28547,131,-195,-8947,0,0,0,-92
28548,132,-195,-8947,0,0,0,-92
28549,133,-195,-8947,0,0,0,-92
28550,134,-195,-8947,0,0,0,-92
28551,135,-195,-8947,0,0,0,-92
28552,136,-195,-8947,0,0,0,-92
28553,137,-195,-8947,0,0,0,-92
28554,138,-195,-8947,0,0,0,-92
28555,139,-195,-8947,0,0,0,-92
28556,140,-195,-8947,0,0,0,-92
28557,141,-195,-8947,0,0,0,-92
28558,142,-195,-8947,0,0,0,-602
28559,143,-195,-8947,0,0,0,-602
28560,144,-195,-8947,0,0,0,-602
28561,145,-195,-8947,0,0,0,-602
28562,146,-195,-8947,0,0,0,-602
28563,147,-195,-8947,0,0,0,-602
28564,148,-195,-8947,0,0,0,-602
28565,149,-195,-8947,0,0,0,-602
28566,150,-195,-8947,0,0,0,-602
28567,151,-195,-8947,0,0,0,-602
28568,152,-195,-8947,0,0,0,-602
28569,153,-195,-8947,0,0,0,-636
28570,154,-195,-8947,0,0,0,-636
28571,155,-195,-8947,0,0,0,-636
28572,156,-195,-8947,0,0,0,-636
28573,157,-195,-8947,0,0,0,-636
28574,158,-195,-8947,0,0,0,-636
28575,159,-195,-8947,0,0,0,-636
28576,160,-195,-8947,0,0,0,-636
28577,161,-195,-8947,0,0,0,-636
28578,162,-195,-8947,0,0,0,-636
28579,163,-195,-8947,0,0,0,-636
28580,164,-195,-8947,0,0,0,-636
28581,165,-195,-8947,0,0,0,-636
28582,166,-195,-8947,0,0,0,-636
28583,167,-195,-8947,0,0,0,-636
28584,168,-195,-8947,0,0,0,-636
28585,169,-195,-8947,0,0,0,-636
28586,170,-195,-8947,0,0,0,-636
28587,171,-195,-8947,0,0,0,-636
28588,172,-195,-8947,0,0,0,-636
28589,173,-195,-8947,0,0,0,-636
28590,174,-195,-8947,0,0,0,-636
28591,175,-195,-8947,0,0,0,-636
28592,176,-195,-8947,0,0,0,-636
28593,177,-195,-8947,0,0,0,-636
28594,178,-195,-8947,0,0,0,-636
28595,179,-195,-8947,0,0,0,-636
28596,180,-195,-8947,0,0,0,-636
28597,181,-195,-8947,0,0,0,-636
28598,182,-195,-8947,0,0,0,-636
28599,183,-195,-8947,0,0,0,-636
28600,184,-195,-8947,0,0,0,-636
28601,185,-195,-8947,0,0,0,-636
28602,186,-195,-8947,0,0,0,-636
28603,187,-195,-8947,0,0,0,-636
28604,188,-195,-8947,0,0,0,-636
28605,189,-195,-8947,0,0,0,-636
28606,190,-195,-8947,0,0,0,-636
28607,191,-195,-8947,0,0,0,-636
28608,192,-195,-8947,0,0,0,-636
28609,193,-195,-8947,0,0,0,-636
28610,194,-195,-8947,0,0,0,-636
28611,195,-195,-8947,0,0,0,-754
28612,196,-195,-8947,0,0,0,-1246
28613,197,-195,-8947,0,0,0,-1246
28614,198,-195,-8947,0,0,0,-1246
28615,199,-195,-8947,0,0,0,-1246
28616,200,-195,-8947,0,0,0,-1246
28617,201,-195,-8947,0,0,0,-1246
28618,202,-195,-8947,0,0,0,-1246
28619,203,-195,-8947,0,0,0,-1246
28620,204,-195,-8947,0,0,0,-1246
28621,205,-195,-8947,0,0,0,-1246
28622,206,-195,-8947,0,0,0,-1246
28623,207,-195,-8947,0,0,0,-1246
28624,208,-195,-8947,0,0,0,-1246
28625,209,-195,-8947,0,0,0,-1246
28626,210,-195,-8947,0,0,0,-1246
28627,211,-195,-8947,0,0,0,-1246
28628,212,-195,-8947,0,0,0,-1246
28629,213,-195,-8947,0,0,0,-1334
28630,214,-195,-8947,0,0,0,-1334
28631,215,-195,-8947,0,0,0,-1334
28632,216,-195,-8947,0,0,0,-1334
28633,217,-195,-8947,0,0,0,-1334
28634,218,-195,-8947,0,0,0,-1334
28635,219,-195,-8947,0,0,0,-1334
28636,220,-195,-8947,0,0,0,-1334
28637,221,-195,-8947,0,0,0,-1334
28638,222,-195,-8947,0,0,0,-1335
28639,223,-195,-8947,0,0,0,-1335
28640,224,-195,-8947,0,0,0,-1335
28641,225,-195,-8947,0,0,0,-1335
28642,226,-195,-8947,0,0,0,-1533
28643,227,-195,-8947,0,0,0,-1533
28644,228,-195,-8947,0,0,0,-1733
28645,229,-195,-8947,0,0,0,-2313
28646,230,-195,-8947,0,0,0,-2313
28647,231,-195,-8947,0,0,0,-2313
28648,232,-195,-8947,0,0,0,-2313
28649,233,-195,-8947,0,0,0,-2313
28650,234,-195,-8947,0,0,0,-2313
28651,235,-195,-8947,0,0,0,-2313
28652,236,-195,-8947,0,0,0,-2313
28653,237,-195,-8947,0,0,0,-2313
28654,238,-195,-8947,0,0,0,-2313
28655,239,-195,-8947,0,0,0,-2313
28656,240,-195,-8947,0,0,0,-2313
28657,241,-195,-8947,0,0,0,-2313
28658,242,-195,-8947,0,0,0,-2313
28659,243,-195,-8947,0,0,0,-2313
28660,244,-195,-8947,0,0,0,-2313
28661,245,-195,-8947,0,0,0,-2313
28662,246,-195,-8947,0,0,0,-2313
28663,247,-195,-8947,0,0,0,-2313
28664,248,-195,-8947,0,0,0,-2313
28665,249,-195,-8947,0,0,0,-2313
28666,250,-195,-8947,0,0,0,-2313
28667,251,-195,-8947,0,0,0,-2313
28668,252,-195,-8947,0,0,0,-2313
28669,253,-195,-8947,0,0,0,-2313
28670,254,-195,-8947,0,0,0,-2313
28671,255,-195,-8947,0,0,0,-2313
28672,0,-195,-8947,0,0,0,-2313
28673,1,-195,-8947,0,0,0,-2313
28674,2,-195,-8947,0,0,0,-2313
28675,3,-195,-8947,0,0,0,-2313
28676,4,-195,-8947,0,0,0,-2313
28677,5,-195,-8947,0,0,0,-2313
28678,6,-195,-8947,0,0,0,-2313
28679,7,-195,-8947,0,0,0,-2313
28680,8,-195,-8947,0,0,0,-2313
28681,9,-195,-8947,0,0,0,-2313
28682,10,-195,-8947,0,0,0,-2313
28683,11,-195,-8947,0,0,0,-2313
28684,12,-195,-8947,0,0,0,-2313
28685,13,-195,-8947,0,0,0,-2313
28686,14,-195,-8947,0,0,0,-2313
28687,15,-195,-8947,0,0,0,-2313
28688,16,-195,-8947,0,0,0,-2313
28689,17,-195,-8947,0,0,0,-2313
28690,18,-195,-8947,0,0,0,-2313
28691,19,-195,-8947,0,0,0,-2313
28692,20,-195,-8947,0,0,0,-2313
28693,21,-195,-8947,0,0,0,-2313
28694,22,-195,-8947,0,0,0,-2313
28695,23,-195,-8947,0,0,0,-2313
28696,24,-195,-8947,0,0,0,-2313
28697,25,-195,-8947,0,0,0,-2313
28698,26,-195,-8947,0,0,0,-2313
28699,27,-195,-8947,0,0,0,-2313
28700,28,-195,-8947,0,0,0,-2313
28701,29,-195,-8947,0,0,0,-2313
28702,30,-195,-8947,0,0,0,-2313
28703,31,-195,-8947,0,0,0,-2313
28704,32,-195,-8947,0,0,0,-2313
28705,33,-195,-8947,0,0,0,-2313
28706,34,-195,-8947,0,0,0,-2313
28707,35,-195,-8947,0,0,0,-2313
28708,36,-195,-8947,0,0,0,-2313
28709,37,-195,-8947,0,0,0,-2313
28710,38,-195,-8947,0,0,0,-2313
28711,39,-195,-8947,0,0,0,-2313
28712,40,-195,-8947,0,0,0,-2313
28713,41,-195,-8947,0,0,0,-2313
28714,42,-195,-8947,0,0,0,-2313
28715,43,-195,-8947,0,0,0,-2313
28716,44,-195,-8947,0,0,0,-2313
28717,45,-195,-8947,0,0,0,-2313
28718,46,-195,-8947,0,0,0,-2313
28719,47,-195,-8947,0,0,0,-2313
28720,48,-195,-8947,0,0,0,-2313
28721,49,-195,-8947,0,0,0,-2313
28722,50,-195,-8947,0,0,0,-2313
28723,51,-195,-8947,0,0,0,-2313
28724,52,-195,-8947,0,0,0,-2313
28725,53,-195,-8947,0,0,0,-2313
28726,54,-195,-8947,0,0,0,-2313
28727,55,-195,-8947,0,0,0,-2313
28728,56,-195,-8947,0,0,0,-2313
28729,57,-195,-8947,0,0,0,-2313
28730,58,-195,-8947,0,0,0,-2313
28731,59,-195,-8947,0,0,0,-2313
28732,60,-195,-8947,0,0,0,-2313
28733,61,-195,-8947,0,0,0,-2313
28734,62,-195,-8947,0,0,0,-2313
28735,63,-195,-8947,0,0,0,-2313
28736,64,-195,-8947,0,0,0,-2313
28737,65,-195,-8947,0,0,0,-2313
28738,66,-195,-8947,0,0,0,-2313
28739,67,-195,-8947,0,0,0,-2313
28740,68,-195,-8947,0,0,0,-2313
28741,69,-195,-8947,0,0,0,-2313
28742,70,-195,-8947,0,0,0,-2313
28743,71,-195,-8947,0,0,0,-2313
28744,72,-195,-8947,0,0,0,-2313
28745,73,-195,-8947,0,0,0,-2313
28746,74,-195,-8947,0,0,0,-2313
28747,75,-195,-8947,0,0,0,-2313
28748,76,-195,-8947,0,0,0,-2313
28749,77,-195,-8947,0,0,0,-2313
28750,78,-195,-8947,0,0,0,-2313
28751,79,-195,-8947,0,0,0,-2313
28752,80,-195,-8947,0,0,0,-2313
28753,81,-195,-8947,0,0,0,-2313
28754,82,-195,-8947,0,0,0,-2313
28755,83,-195,-8947,0,0,0,-2313
28756,84,-195,-8947,0,0,0,-2313
28757,85,-195,-8947,0,0,0,-2313
28758,86,-195,-8947,0,0,0,-2313
28759,87,-195,-8947,0,0,0,-2313
28760,88,-195,-8947,0,0,0,-2313
28761,89,-195,-8947,0,0,0,-2313
28762,90,-195,-8947,0,0,0,-2313
28763,91,-195,-8947,0,0,0,-2313
28764,92,-195,-8947,0,0,0,-2313
28765,93,-195,-8947,0,0,0,-2113
28766,94,-195,-8947,0,0,0,-2113
28767,95,-195,-8947,0,0,0,-2113
28768,96,-195,-8947,0,0,0,-2113
28769,97,-195,-8947,0,0,0,-2113
28770,98,-195,-8947,0,0,0,-2113
28771,99,-195,-8947,0,0,0,-2113
28772,100,-195,-8947,0,0,0,-2113
28773,101,-195,-8947,0,0,0,-2113
28774,102,-195,-8947,0,0,0,-2113
28775,103,-195,-8947,0,0,0,-2113
28776,104,-195,-8947,0,0,0,-2113
28777,105,-195,-8947,0,0,0,-2113
28778,106,-195,-8947,0,0,0,-2113
28779,107,-195,-8947,0,0,0,-2113
28780,108,-195,-8947,0,0,0,-2113
28781,109,-195,-8947,0,0,0,-2113
28782,110,-195,-8947,0,0,0,-1913
28783,111,-195,-8947,0,0,0,-1913
28784,112,-195,-8947,0,0,0,-1913
28785,113,-195,-8947,0,0,0,-1913
28786,114,-195,-8947,0,0,0,-1913
28787,115,-195,-8947,0,0,0,-1913
28788,116,-195,-8947,0,0,0,-1913
28789,117,-195,-8947,0,0,0,-1913
28790,118,-195,-8947,0,0,0,-1913
28791,119,-195,-8947,0,0,0,-1913
28792,120,-195,-8947,0,0,0,-1913
28793,121,-195,-8947,0,0,0,-1913
28794,122,-195,-8947,0,0,0,-1913
28795,123,-195,-8947,0,0,0,-1403
28796,124,-195,-8947,0,0,0,-1403
28797,125,-195,-8947,0,0,0,-1403
28798,126,-195,-8947,0,0,0,-1403
28799,127,-195,-8947,0,0,0,-1403
28800,128,-195,-8947,0,0,0,-1403
28801,129,-195,-8947,0,0,0,-1203
28802,130,-195,-8947,0,0,0,-1203
28803,131,-195,-8947,0,0,0,-1203
28804,132,-195,-8947,0,0,0,-1203
28805,133,-195,-8947,0,0,0,-1203
28806,134,-195,-8947,0,0,0,-1203
28807,135,-195,-8947,0,0,0,-1203
28808,136,-195,-8947,0,0,0,-1203
28809,137,-195,-8947,0,0,0,-1203
28810,138,-195,-8947,0,0,0,-1203
28811,139,-195,-8947,0,0,0,-1203
28812,140,-195,-8947,0,0,0,-1203
28813,141,-195,-8947,0,0,0,-1203
28814,142,-195,-8947,0,0,0,-1203
28815,143,-195,-8947,0,0,0,-1203
28816,144,-195,-8947,0,0,0,-1203
28817,145,-195,-8947,0,0,0,-1203
28818,146,-195,-8947,0,0,0,-1203
28819,147,-195,-8947,0,0,0,-1203
28820,148,-195,-8947,0,0,0,-1203
28821,149,-195,-8947,0,0,0,-1203
28822,150,-195,-8947,0,0,0,-1203
28823,151,-195,-8947,0,0,0,-1203
28824,152,-195,-8947,0,0,0,-1203
28825,153,-195,-8947,0,0,0,-1203
28826,154,-195,-8947,0,0,0,-1203
28827,155,-195,-8947,0,0,0,-1203
28828,156,-195,-8947,0,0,0,-1203
28829,157,-195,-8947,0,0,0,-1203
28830,158,-195,-8947,0,0,0,-1203
28831,159,-195,-8947,0,0,0,-1203
28832,160,-195,-8947,0,0,0,-1203
28833,161,-195,-8947,0,0,0,-1203
28834,162,-195,-8947,0,0,0,-1203
28835,163,-195,-8947,0,0,0,-1203
28836,164,-195,-8947,0,0,0,-1203
28837,165,-195,-8947,0,0,0,-1203
28838,166,-195,-8947,0,0,0,-1203
28839,167,-195,-8947,0,0,0,-1203
28840,168,-195,-8947,0,0,0,-1203
28841,169,-195,-8947,0,0,0,-1203
28842,170,-195,-8947,0,0,0,-1203
28843,171,-195,-8947,0,0,0,-1203
28844,172,-195,-8947,0,0,0,-1203
28845,173,-195,-8947,0,0,0,-1203
28846,174,-195,-8947,0,0,0,-1203
28847,175,-195,-8947,0,0,0,-1203
28848,176,-195,-8947,0,0,0,-1203
28849,177,-195,-8947,0,0,0,-1203
28850,178,-195,-8947,0,0,0,-1203
28851,179,-195,-8947,0,0,0,-1203
28852,180,-195,-8947,0,0,0,-1203
28853,181,-195,-8947,0,0,0,-1203
28854,182,-195,-8947,0,0,0,-1203
28855,183,-195,-8947,0,0,0,-1203
28856,184,-195,-8947,0,0,0,-1203
28857,185,-195,-8947,0,0,0,-1203
28858,186,-195,-8947,0,0,0,-1203
28859,187,-195,-8947,0,0,0,-1203
28860,188,-195,-8947,0,0,0,-1203
28861,189,-195,-8947,0,0,0,-1203
28862,190,-195,-8947,0,0,0,-1203
28863,191,-195,-8947,0,0,0,-1203
28864,192,-195,-8947,0,0,0,-1203
28865,193,-195,-8947,0,0,0,-1203
28866,194,-195,-8947,0,0,0,-1203
28867,195,-195,-8947,0,0,0,-1203
28868,196,-195,-8947,0,0,0,-1203
28869,197,-195,-8947,0,0,0,-1203
28870,198,-195,-8947,0,0,0,-1203
28871,199,-195,-8947,0,0,0,-1203
28872,200,-195,-8947,0,0,0,-1203
28873,201,-195,-8947,0,0,0,-1203
28874,202,-195,-8947,0,0,0,-1203
28875,203,-195,-8947,0,0,0,-1203
28876,204,-195,-8947,0,0,0,-1203
28877,205,-195,-8947,0,0,0,-1203
28878,206,-195,-8947,0,0,0,-1203
28879,207,-195,-8947,0,0,0,-1203
28880,208,-195,-8947,0,0,0,-1203
28881,209,-195,-8947,0,0,0,-1203
28882,210,-195,-8947,0,0,0,-1203
28883,211,-195,-8947,0,0,0,-1203
28884,212,-195,-8947,0,0,0,-1203
28885,213,-195,-8947,0,0,0,-1203
28886,214,-195,-8947,0,0,0,-1203
28887,215,-195,-8947,0,0,0,-1203
28888,216,-195,-8947,0,0,0,-1203
28889,217,-195,-8947,0,0,0,-1203
28890,218,-195,-8947,0,0,0,-1203
28891,219,-195,-8947,0,0,0,-1203
28892,220,-195,-8947,0,0,0,-1203
28893,221,-195,-8947,0,0,0,-1203
28894,222,-195,-8947,0,0,0,-1203
28895,223,-195,-8947,0,0,0,-1203
28896,224,-195,-8947,0,0,0,-1203
28897,225,-195,-8947,0,0,0,-1203
28898,226,-195,-8947,0,0,0,-1203
28899,227,-195,-8947,0,0,0,-1203
28900,228,-195,-8947,0,0,0,-1203
28901,229,-195,-8947,0,0,0,-1203
28902,230,-195,-8947,0,0,0,-1203
28903,231,-195,-8947,0,0,0,-1203
28904,232,-195,-8947,0,0,0,-1203
28905,233,-195,-8947,0,0,0,-1203
28906,234,-195,-8947,0,0,0,-1203
28907,235,-195,-8947,0,0,0,-1203
28908,236,-195,-8947,0,0,0,-1203
28909,237,-195,-8947,0,0,0,-1203
28910,238,-195,-8947,0,0,0,-1203
28911,239,-195,-8947,0,0,0,-1203
28912,240,-195,-8947,0,0,0,-1203
28913,241,-195,-8947,0,0,0,-1203
28914,242,-195,-8947,0,0,0,-1203
28915,243,-195,-8947,0,0,0,-1203
28916,244,-195,-8947,0,0,0,-1203
28917,245,-195,-8947,0,0,0,-1203
28918,246,-195,-8947,0,0,0,-1203
28919,247,-195,-8947,0,0,0,-1203
28920,248,-195,-8947,0,0,0,-1203
28921,249,-195,-8947,0,0,0,-1203
28922,250,-195,-8947,0,0,0,-1203
28923,251,-195,-8947,0,0,0,-1203
28924,252,-195,-8947,0,0,0,-1203
28925,253,-195,-8947,0,0,0,-1203
28926,254,-195,-8947,0,0,0,-1203
28927,255,-195,-8947,0,0,0,-1203
28928,0,-195,-8947,0,0,0,-1203
28929,1,-195,-8947,0,0,0,-1203
28930,2,-195,-8947,0,0,0,-1203
28931,3,-195,-8947,0,0,0,-1203
28932,4,-195,-8947,0,0,0,-1203
28933,5,-195,-8947,0,0,0,-1203
28934,6,-195,-8947,0,0,0,-1203
28935,7,-195,-8947,0,0,0,-1203
28936,8,-195,-8947,0,0,0,-1203
28937,9,-195,-8947,0,0,0,-1203
28938,10,-195,-8947,0,0,0,-1203
28939,11,-195,-8947,0,0,0,-1203
28940,12,-195,-8947,0,0,0,-1203
28941,13,-195,-8947,0,0,0,-1203
28942,14,-195,-8947,0,0,0,-1203
28943,15,-195,-8947,0,0,0,-1203
28944,16,-195,-8947,0,0,0,-1203
28945,17,-195,-8947,0,0,0,-1203
28946,18,-195,-8947,0,0,0,-1203
28947,19,-195,-8947,0,0,0,-1203
28948,20,-195,-8947,0,0,0,-1203
28949,21,-195,-8947,0,0,0,-1203
28950,22,-195,-8947,0,0,0,-1203
28951,23,-195,-8947,0,0,0,-1203
28952,24,-195,-8947,0,0,0,-1203
28953,25,-195,-8947,0,0,0,-1203
28954,26,-195,-8947,0,0,0,-1203
28955,27,-195,-8947,0,0,0,-1203
28956,28,-195,-8947,0,0,0,-1203
28957,29,-195,-8947,0,0,0,-1203
28958,30,-195,-8947,0,0,0,-1203
28959,31,-195,-8947,0,0,0,-1203
28960,32,-195,-8947,0,0,0,-1203
28961,33,-195,-8947,0,0,0,-1203
28962,34,-195,-8947,0,0,0,-1203
28963,35,-195,-8947,0,0,0,-1203
28964,36,-195,-8947,0,0,0,-1203
28965,37,-195,-8947,0,0,0,-1203
28966,38,-195,-8947,0,0,0,-1203
28967,39,-195,-8947,0,0,0,-1203
28968,40,-195,-8947,0,0,0,-1203
28969,41,-195,-8947,0,0,0,-1203
28970,42,-195,-8947,0,0,0,-1203
28971,43,-195,-8947,0,0,0,-1203
28972,44,-195,-8947,0,0,0,-1203
28973,45,-195,-8947,0,0,0,-1203
28974,46,-195,-8947,0,0,0,-1203
28975,47,-195,-8947,0,0,0,-1203
28976,48,-195,-8947,0,0,0,-1203
28977,49,-195,-8947,0,0,0,-1203
28978,50,-195,-8947,0,0,0,-1203
28979,51,-195,-8947,0,0,0,-1203
28980,52,-195,-8947,0,0,0,-1369
28981,53,-195,-8947,0,0,0,-1669
28982,54,-195,-8947,0,0,0,-1669
28983,55,-195,-8947,0,0,0,-1669
28984,56,-195,-8947,0,0,0,-1669
28985,57,-195,-8947,0,0,0,-1669
28986,58,-195,-8947,0,0,0,-1669
28987,59,-195,-8947,0,0,0,-1669
28988,60,-195,-8947,0,0,0,-1669
28989,61,-195,-8947,0,0,0,-1669
28990,62,-195,-8947,0,0,0,-1669
28991,63,-195,-8947,0,0,0,-1669
28992,64,-195,-8947,0,0,0,-1669
28993,65,-195,-8947,0,0,0,-1669
28994,66,-195,-8947,0,0,0,-1669
28995,67,-195,-8947,0,0,0,-1669
28996,68,-195,-8947,0,0,0,-1669
28997,69,-195,-8947,0,0,0,-1669
28998,70,-195,-8947,0,0,0,-1669
28999,71,-195,-8947,0,0,0,-1669
29000,72,-195,-8947,0,0,0,-1669
29001,73,-195,-8947,0,0,0,-1669
29002,74,-195,-8947,0,0,0,-1669
29003,75,-195,-8947,0,0,0,-1669
29004,76,-195,-8947,0,0,0,-1669
29005,77,-195,-8947,0,0,0,-1669
29006,78,-195,-8947,0,0,0,-1669
29007,79,-195,-8947,0,0,0,-1669
29008,80,-195,-8947,0,0,0,-1669
29009,81,-195,-8947,0,0,0,-1669
29010,82,-195,-8947,0,0,0,-1669
29011,83,-195,-8947,0,0,0,-1669
29012,84,-195,-8947,0,0,0,-1669
29013,85,-195,-8947,0,0,0,-1669
29014,86,-195,-8947,0,0,0,-1669
29015,87,-195,-8947,0,0,0,-1669
29016,88,-195,-8947,0,0,0,-1669
29017,89,-195,-8947,0,0,0,-1669
29018,90,-195,-8947,0,0,0,-1669
29019,91,-195,-8947,0,0,0,-1669
29020,92,-195,-8947,0,0,0,-1669
29021,93,-195,-8947,0,0,0,-1669
29022,94,-195,-8947,0,0,0,-1669
29023,95,-195,-8947,0,0,0,-1669
29024,96,-195,-8947,0,0,0,-1669
29025,97,-195,-8947,0,0,0,-1669
29026,98,-195,-8947,0,0,0,-1669
29027,99,-195,-8947,0,0,0,-1669
29028,100,-195,-8947,0,0,0,-1669
29029,101,-195,-8947,0,0,0,-1669
29030,102,-195,-8947,0,0,0,-1669
29031,103,-195,-8947,0,0,0,-1669
29032,104,-195,-8947,0,0,0,-1669
29033,105,-195,-8947,0,0,0,-1669
29034,106,-195,-8947,0,0,0,-1669
29035,107,-195,-8947,0,0,0,-1669
29036,108,-195,-8947,0,0,0,-1669
29037,109,-195,-8947,0,0,0,-1669
29038,110,-195,-8947,0,0,0,-1669
29039,111,-195,-8947,0,0,0,-1669
29040,112,-195,-8947,0,0,0,-1669
29041,113,-195,-8947,0,0,0,-1669
29042,114,-195,-8947,0,0,0,-1669
29043,115,-195,-8947,0,0,0,-1669
29044,116,-195,-8947,0,0,0,-1669
29045,117,-195,-8947,0,0,0,-1669
29046,118,-195,-8947,0,0,0,-1669
29047,119,-195,-8947,0,0,0,-1669
29048,120,-195,-8947,0,0,0,-1669
29049,121,-195,-8947,0,0,0,-1669
29050,122,-195,-8947,0,0,0,-1669
29051,123,-195,-8947,0,0,0,-1669
29052,124,-195,-8947,0,0,0,-1669
29053,125,-195,-8947,0,0,0,-1669
29054,126,-195,-8947,0,0,0,-1669
29055,127,-195,-8947,0,0,0,-1669
29056,128,-195,-8947,0,0,0,-1669
29057,129,-195,-8947,0,0,0,-1669
29058,130,-195,-8947,0,0,0,-1669
29059,131,-195,-8947,0,0,0,-1669
29060,132,-195,-8947,0,0,0,-1669
29061,133,-195,-8947,0,0,0,-1669
29062,134,-195,-8947,0,0,0,-1669
29063,135,-195,-8947,0,0,0,-1669
29064,136,-195,-8947,0,0,0,-1669
29065,137,-195,-8947,0,0,0,-1669
29066,138,-195,-8947,0,0,0,-1669
29067,139,-195,-8947,0,0,0,-1669
29068,140,-195,-8947,0,0,0,-1669
29069,141,-195,-8947,0,0,0,-1669
29070,142,-195,-8947,0,0,0,-1669
29071,143,-195,-8947,0,0,0,-1669
29072,144,-195,-8947,0,0,0,-1669
29073,145,-195,-8947,0,0,0,-1669
29074,146,-195,-8947,0,0,0,-1669
29075,147,-195,-8947,0,0,0,-1669
29076,148,-195,-8947,0,0,0,-1669
29077,149,-195,-8947,0,0,0,-1669
29078,150,-195,-8947,0,0,0,-1669
29079,151,-195,-8947,0,0,0,-1669
29080,152,-195,-8947,0,0,0,-1669
29081,153,-195,-8947,0,0,0,-1669
29082,154,-195,-8947,0,0,0,-1669
29083,155,-195,-8947,0,0,0,-1669
29084,156,-195,-8947,0,0,0,-1669
29085,157,-195,-8947,0,0,0,-1669
29086,158,-195,-8947,0,0,0,-1669
29087,159,-195,-8947,0,0,0,-1669
29088,160,-195,-8947,0,0,0,-1669
29089,161,-195,-8947,0,0,0,-1669
29090,162,-195,-8947,0,0,0,-1669
29091,163,-195,-8947,0,0,0,-1669
29092,164,-195,-8947,0,0,0,-1669
29093,165,-195,-8947,0,0,0,-1669
29094,166,-195,-8947,0,0,0,-1669
29095,167,-195,-8947,0,0,0,-1669
29096,168,-195,-8947,0,0,0,-1669
29097,169,-195,-8947,0,0,0,-1669
29098,170,-195,-8947,0,0,0,-1669
29099,171,-195,-8947,0,0,0,-1669
29100,172,-195,-8947,0,0,0,-1669
29101,173,-195,-8947,0,0,0,-1669
29102,174,-195,-8947,0,0,0,-1669
29103,175,-195,-8947,0,0,0,-1669
29104,176,-195,-8947,0,0,0,-1669
29105,177,-195,-8947,0,0,0,-1669
29106,178,-195,-8947,0,0,0,-1669
29107,179,-195,-8947,0,0,0,-1669
29108,180,-195,-8947,0,0,0,-1669
29109,181,-195,-8947,0,0,0,-1669
29110,182,-195,-8947,0,0,0,-1669
29111,183,-195,-8947,0,0,0,-1669
29112,184,-195,-8947,0,0,0,-1669
29113,185,-195,-8947,0,0,0,-1669
29114,186,-195,-8947,0,0,0,-1669
29115,187,-195,-8947,0,0,0,-1669
29116,188,-195,-8947,0,0,0,-1669
29117,189,-195,-8947,0,0,0,-1669
29118,190,-195,-8947,0,0,0,-1669
29119,191,-195,-8947,0,0,0,-1669
29120,192,-195,-8947,0,0,0,-1669
29121,193,-195,-8947,0,0,0,-1669
29122,194,-195,-8947,0,0,0,-1669
29123,195,-195,-8947,0,0,0,-1669
29124,196,-195,-8947,0,0,0,-1669
29125,197,-195,-8947,0,0,0,-1669
29126,198,-195,-8947,0,0,0,-1669
29127,199,-195,-8947,0,0,0,-1669
29128,200,-195,-8947,0,0,0,-1669
29129,201,-195,-8947,0,0,0,-1669
29130,202,-195,-8947,0,0,0,-1669
29131,203,-195,-8947,0,0,0,-1669
29132,204,-195,-8947,0,0,0,-1669
29133,205,-195,-8947,0,0,0,-1669
29134,206,-195,-8947,0,0,0,-1669
29135,207,-195,-8947,0,0,0,-1669
29136,208,-195,-8947,0,0,0,-1669
29137,209,-195,-8947,0,0,0,-1669
29138,210,-195,-8947,0,0,0,-1669
29139,211,-195,-8947,0,0,0,-1669
29140,212,-195,-8947,0,0,0,-1669
29141,213,-195,-8947,0,0,0,-1669
29142,214,-195,-8947,0,0,0,-1669
29143,215,-195,-8947,0,0,0,-1669
29144,216,-195,-8947,0,0,0,-1669
29145,217,-195,-8947,0,0,0,-1669
29146,218,-195,-8947,0,0,0,-1669
29147,219,-195,-8947,0,0,0,-1669
29148,220,-195,-8947,0,0,0,-1669
29149,221,-195,-8947,0,0,0,-1669
29150,222,-195,-8947,0,0,0,-1669
29151,223,-195,-8947,0,0,0,-1669
29152,224,-195,-8947,0,0,0,-1669
29153,225,-195,-8947,0,0,0,-1669
29154,226,-195,-8947,0,0,0,-1669
29155,227,-195,-8947,0,0,0,-1669
29156,228,-195,-8947,0,0,0,-1669
29157,229,-195,-8947,0,0,0,-1669
29158,230,-195,-8947,0,0,0,-1669
29159,231,-195,-8947,0,0,0,-1669
29160,232,-195,-8947,0,0,0,-1669
29161,233,-195,-8947,0,0,0,-1669
29162,234,-195,-8947,0,0,0,-1669
29163,235,-195,-8947,0,0,0,-1669
29164,236,-195,-8947,0,0,0,-1669
29165,237,-195,-8947,0,0,0,-1669
29166,238,-195,-8947,0,0,0,-1669
29167,239,-195,-8947,0,0,0,-1669
29168,240,-195,-8947,0,0,0,-1669
29169,241,-195,-8947,0,0,0,-1669
29170,242,-195,-8947,0,0,0,-1669
29171,243,-195,-8947,0,0,0,-1669
29172,244,-195,-8947,0,0,0,-1669
29173,245,-195,-8947,0,0,0,-1669
29174,246,-195,-8947,0,0,0,-1669
29175,247,-195,-8947,0,0,0,-1669
29176,248,-195,-8947,0,0,0,-1669
29177,249,-195,-8947,0,0,0,-1669
29178,250,-195,-8947,0,0,0,-1669
29179,251,-195,-8947,0,0,0,-1669
29180,252,-195,-8947,0,0,0,-1669
29181,253,-195,-8947,0,0,0,-1669
29182,254,-195,-8947,0,0,0,-1669
29183,255,-195,-8947,0,0,0,-1669
29184,0,-195,-8947,0,0,0,-1669
29185,1,-195,-8947,0,0,0,-1669
29186,2,-195,-8947,0,0,0,-1669
29187,3,-195,-8947,0,0,0,-1669
29188,4,-195,-8947,0,0,0,-1669
29189,5,-195,-8947,0,0,0,-1669
29190,6,-195,-8947,0,0,0,-1669
29191,7,-195,-8947,0,0,0,-1669
29192,8,-195,-8947,0,0,0,-1669
29193,9,-195,-8947,0,0,0,-1669
29194,10,-195,-8947,0,0,0,-1669
29195,11,-195,-8947,0,0,0,-1669
29196,12,-195,-8947,0,0,0,-1669
29197,13,-195,-8947,0,0,0,-1669
29198,14,-195,-8947,0,0,0,-1669
29199,15,-195,-8947,0,0,0,-1669
29200,16,-195,-8947,0,0,0,-1669
29201,17,-195,-8947,0,0,0,-1669
29202,18,-195,-8947,0,0,0,-1669
29203,19,-195,-8947,0,0,0,-1669
29204,20,-195,-8947,0,0,0,-1669
29205,21,-195,-8947,0,0,0,-1669
29206,22,-195,-8947,0,0,0,-1669
29207,23,-195,-8947,0,0,0,-1669
29208,24,-195,-8947,0,0,0,-1669
29209,25,-195,-8947,0,0,0,-1669
29210,26,-195,-8947,0,0,0,-1669
29211,27,-195,-8947,0,0,0,-1669
29212,28,-195,-8947,0,0,0,-1669
29213,29,-195,-8947,0,0,0,-1669
29214,30,-195,-8947,0,0,0,-1669
29215,31,-195,-8947,0,0,0,-1669
29216,32,-195,-8947,0,0,0,-1669
29217,33,-195,-8947,0,0,0,-1669
29218,34,-195,-8947,0,0,0,-1669
29219,35,-195,-8947,0,0,0,-1669
29220,36,-195,-8947,0,0,0,-1669
29221,37,-195,-8947,0,0,0,-1669
29222,38,-195,-8947,0,0,0,-1669
29223,39,-195,-8947,0,0,0,-1669
29224,40,-195,-8947,0,0,0,-1669
29225,41,-195,-8947,0,0,0,-1669
29226,42,-195,-8947,0,0,0,-1669
29227,43,-195,-8947,0,0,0,-1669
29228,44,-195,-8947,0,0,0,-1669
29229,45,-195,-8947,0,0,0,-1669
29230,46,-195,-8947,0,0,0,-1669
29231,47,-195,-8947,0,0,0,-1669
29232,48,-195,-8947,0,0,0,-1669
29233,49,-195,-8947,0,0,0,-1669
29234,50,-195,-8947,0,0,0,-1669
29235,51,-195,-8947,0,0,0,-1669
29236,52,-195,-8947,0,0,0,-1669
29237,53,-195,-8947,0,0,0,-1669
29238,54,-195,-8947,0,0,0,-1669
29239,55,-195,-8947,0,0,0,-1669
29240,56,-195,-8947,0,0,0,-1669
29241,57,-195,-8947,0,0,0,-1669
29242,58,-195,-8947,0,0,0,-1669
29243,59,-195,-8947,0,0,0,-1669
29244,60,-195,-8947,0,0,0,-1669
29245,61,-195,-8947,0,0,0,-1669
29246,62,-195,-8947,0,0,0,-1669
29247,63,-195,-8947,0,0,0,-1669
29248,64,-195,-8947,0,0,0,-1669
29249,65,-195,-8947,0,0,0,-1669
29250,66,-195,-8947,0,0,0,-1669
29251,67,-195,-8947,0,0,0,-1669
29252,68,-195,-8947,0,0,0,-1669
29253,69,-195,-8947,0,0,0,-1669
29254,70,-195,-8947,0,0,0,-1669
29255,71,-195,-8947,0,0,0,-1669
29256,72,-195,-8947,0,0,0,-1669
29257,73,-195,-8947,0,0,0,-1669
29258,74,-195,-8947,0,0,0,-1669
29259,75,-195,-8947,0,0,0,-1669
29260,76,-195,-8947,0,0,0,-1669
29261,77,-195,-8947,0,0,0,-1669
29262,78,-195,-8947,0,0,0,-1669
29263,79,-195,-8947,0,0,0,-1669
29264,80,-195,-8947,0,0,0,-1669
29265,81,-195,-8947,0,0,0,-1669
29266,82,-195,-8947,0,0,0,-1669
29267,83,-195,-8947,0,0,0,-1669
29268,84,-195,-8947,0,0,0,-1669
29269,85,-195,-8947,0,0,0,-1669
29270,86,-195,-8947,0,0,0,-1669
29271,87,-195,-8947,0,0,0,-1669
29272,88,-195,-8947,0,0,0,-1669
29273,89,-195,-8947,0,0,0,-1669
29274,90,-195,-8947,0,0,0,-1669
29275,91,-195,-8947,0,0,0,-1669
29276,92,-195,-8947,0,0,0,-1669
29277,93,-195,-8947,0,0,0,-1669
29278,94,-195,-8947,0,0,0,-1669
29279,95,-195,-8947,0,0,0,-1669
29280,96,-195,-8947,0,0,0,-1669
29281,97,-195,-8947,0,0,0,-1669
29282,98,-195,-8947,0,0,0,-1669
29283,99,-195,-8947,0,0,0,-1669
29284,100,-195,-8947,0,0,0,-1669
29285,101,-195,-8947,0,0,0,-1669
29286,102,-195,-8947,0,0,0,-1669
29287,103,-195,-8947,0,0,0,-1669
29288,104,-195,-8947,0,0,0,-1669
29289,105,-195,-8947,0,0,0,-1669
29290,106,-195,-8947,0,0,0,-1669
29291,107,-195,-8947,0,0,0,-1669
29292,108,-195,-8947,0,0,0,-1669
29293,109,-195,-8947,0,0,0,-1669
29294,110,-195,-8947,0,0,0,-1669
29295,111,-195,-8947,0,0,0,-1669
29296,112,-195,-8947,0,0,0,-1669
29297,113,-195,-8947,0,0,0,-1669
29298,114,-195,-8947,0,0,0,-1669
29299,115,-195,-8947,0,0,0,-1669
29300,116,-195,-8947,0,0,0,-1669
29301,117,-195,-8947,0,0,0,-1669
29302,118,-195,-8947,0,0,0,-1669
29303,119,-195,-8947,0,0,0,-1669
29304,120,-195,-8947,0,0,0,-1669
29305,121,-195,-8947,0,0,0,-1669
29306,122,-195,-8947,0,0,0,-1669
29307,123,-195,-8947,0,0,0,-1669
29308,124,-195,-8947,0,0,0,-1669
29309,125,-195,-8947,0,0,0,-1669
29310,126,-195,-8947,0,0,0,-1669
29311,127,-195,-8947,0,0,0,-1669
29312,128,-195,-8947,0,0,0,-1669
29313,129,-195,-8947,0,0,0,-1669
29314,130,-195,-8947,0,0,0,-1669
29315,131,-195,-8947,0,0,0,-1669
29316,132,-195,-8947,0,0,0,-1669
29317,133,-195,-8947,0,0,0,-1669
29318,134,-195,-8947,0,0,0,-1669
29319,135,-195,-8947,0,0,0,-1669
29320,136,-195,-8947,0,0,0,-1669
29321,137,-195,-8947,0,0,0,-1669
29322,138,-195,-8947,0,0,0,-1669
29323,139,-195,-8947,0,0,0,-1669
29324,140,-195,-8947,0,0,0,-1669
29325,141,-195,-8947,0,0,0,-1669
29326,142,-195,-8947,0,0,0,-1669
29327,143,-195,-8947,0,0,0,-1669
29328,144,-195,-8947,0,0,0,-1669
29329,145,-195,-8947,0,0,0,-1669
29330,146,-195,-8947,0,0,0,-1669
29331,147,-195,-8947,0,0,0,-1669
29332,148,-195,-8947,0,0,0,-1669
29333,149,-195,-8947,0,0,0,-1669
29334,150,-195,-8947,0,0,0,-1669
29335,151,-195,-8947,0,0,0,-1669
29336,152,-195,-8947,0,0,0,-1669
29337,153,-195,-8947,0,0,0,-1669
29338,154,-195,-8947,0,0,0,-1669
29339,155,-195,-8947,0,0,0,-1669
29340,156,-195,-8947,0,0,0,-1669
29341,157,-195,-8947,0,0,0,-1669
29342,158,-195,-8947,0,0,0,-1669
29343,159,-195,-8947,0,0,0,-1669
29344,160,-195,-8947,0,0,0,-1669
29345,161,-195,-8947,0,0,0,-1669
29346,162,-195,-8947,0,0,0,-1669
29347,163,-195,-8947,0,0,0,-1669
29348,164,-195,-8947,0,0,0,-1669
29349,165,-195,-8947,0,0,0,-1669
29350,166,-195,-8947,0,0,0,-1669
29351,167,-195,-8947,0,0,0,-1669
29352,168,-195,-8947,0,0,0,-1669
29353,169,-195,-8947,0,0,0,-1669
29354,170,-195,-8947,0,0,0,-1669
29355,171,-195,-8947,0,0,0,-1669
29356,172,-195,-8947,0,0,0,-1669
29357,173,-195,-8947,0,0,0,-1669
29358,174,-195,-8947,0,0,0,-1669
29359,175,-195,-8947,0,0,0,-1669
29360,176,-195,-8947,0,0,0,-1669
29361,177,-195,-8947,0,0,0,-1669
29362,178,-195,-8947,0,0,0,-1669
29363,179,-195,-8947,0,0,0,-1669
29364,180,-195,-8947,0,0,0,-1669
29365,181,-195,-8947,0,0,0,-1669
29366,182,-195,-8947,0,0,0,-1669
29367,183,-195,-8947,0,0,0,-1669
29368,184,-195,-8947,0,0,0,-1669
29369,185,-195,-8947,0,0,0,-1669
29370,186,-195,-8947,0,0,0,-1669
29371,187,-195,-8947,0,0,0,-1669
29372,188,-195,-8947,0,0,0,-1669
29373,189,-195,-8947,0,0,0,-1669
29374,190,-195,-8947,0,0,0,-1669
29375,191,-195,-8947,0,0,0,-1669
29376,192,-195,-8947,0,0,0,-1669
29377,193,-195,-8947,0,0,0,-1669
29378,194,-195,-8947,0,0,0,-1669
29379,195,-195,-8947,0,0,0,-1669
29380,196,-195,-8947,0,0,0,-1669
29381,197,-195,-8947,0,0,0,-1669
29382,198,-195,-8947,0,0,0,-1669
29383,199,-195,-8947,0,0,0,-1669
29384,200,-195,-8947,0,0,0,-1669
29385,201,-195,-8947,0,0,0,-1669
29386,202,-195,-8947,0,0,0,-1669
29387,203,-195,-8947,0,0,0,-1669
29388,204,-195,-8947,0,0,0,-1669
29389,205,-195,-8947,0,0,0,-1669
29390,206,-195,-8947,0,0,0,-1669
29391,207,-195,-8947,0,0,0,-1669
29392,208,-195,-8947,0,0,0,-1669
29393,209,-195,-8947,0,0,0,-1669
29394,210,-195,-8947,0,0,0,-1669
29395,211,-195,-8947,0,0,0,-1669
29396,212,-195,-8947,0,0,0,-1669
29397,213,-195,-8947,0,0,0,-1669
29398,214,-195,-8947,0,0,0,-1669
29399,215,-195,-8947,0,0,0,-1669
29400,216,-195,-8947,0,0,0,-1669
29401,217,-195,-8947,0,0,0,-1669
29402,218,-195,-8947,0,0,0,-1669
29403,219,-195,-8947,0,0,0,-1669
29404,220,-195,-8947,0,0,0,-1669
29405,221,-195,-8947,0,0,0,-1669
29406,222,-195,-8947,0,0,0,-1669
29407,223,-195,-8947,0,0,0,-1669
29408,224,-195,-8947,0,0,0,-1669
29409,225,-195,-8947,0,0,0,-1669
29410,226,-195,-8947,0,0,0,-1669
29411,227,-195,-8947,0,0,0,-1669
29412,228,-195,-8947,0,0,0,-1669
29413,229,-195,-8947,0,0,0,-1669
29414,230,-195,-8947,0,0,0,-1669
29415,231,-195,-8947,0,0,0,-1669
29416,232,-195,-8947,0,0,0,-1669
29417,233,-195,-8947,0,0,0,-1669
29418,234,-195,-8947,0,0,0,-1669
29419,235,-195,-8947,0,0,0,-1669
29420,236,-195,-8947,0,0,0,-1669
29421,237,-195,-8947,0,0,0,-1669
29422,238,-195,-8947,0,0,0,-1669
29423,239,-195,-8947,0,0,0,-1669
29424,240,-195,-8947,0,0,0,-1669
29425,241,-195,-8947,0,0,0,-1669
29426,242,-195,-8947,0,0,0,-1669
29427,243,-195,-8947,0,0,0,-1669
29428,244,-195,-8947,0,0,0,-1669
29429,245,-195,-8947,0,0,0,-1669
29430,246,-195,-8947,0,0,0,-1669
29431,247,-195,-8947,0,0,0,-1669
29432,248,-195,-8947,0,0,0,-1669
29433,249,-195,-8947,0,0,0,-1669
29434,250,-195,-8947,0,0,0,-1669
29435,251,-195,-8947,0,0,0,-1669
29436,252,-195,-8947,0,0,0,-1669
29437,253,-195,-8947,0,0,0,-1669
29438,254,-195,-8947,0,0,0,-1669
29439,255,-195,-8947,0,0,0,-1669
29440,0,-195,-8947,0,0,0,-1669
29441,1,-195,-8947,0,0,0,-1669
29442,2,-195,-8947,0,0,0,-1669
29443,3,-195,-8947,0,0,0,-1669
29444,4,-195,-8947,0,0,0,-1669
29445,5,-195,-8947,0,0,0,-1669
29446,6,-195,-8947,0,0,0,-1669
29447,7,-195,-8947,0,0,0,-1669
29448,8,-195,-8947,0,0,0,-1669
29449,9,-195,-8947,0,0,0,-1669
29450,10,-195,-8947,0,0,0,-1669
29451,11,-195,-8947,0,0,0,-1669
29452,12,-195,-8947,0,0,0,-1669
29453,13,-195,-8947,0,0,0,-1669
29454,14,-195,-8947,0,0,0,-1669
29455,15,-195,-8947,0,0,0,-1669
29456,16,-195,-8947,0,0,0,-1669
29457,17,-195,-8947,0,0,0,-1669
29458,18,-195,-8947,0,0,0,-1669
29459,19,-195,-8947,0,0,0,-1669
29460,20,-195,-8947,0,0,0,-1669
29461,21,-195,-8947,0,0,0,-1669
29462,22,-195,-8947,0,0,0,-1669
29463,23,-195,-8947,0,0,0,-1669
29464,24,-195,-8947,0,0,0,-1669
29465,25,-195,-8947,0,0,0,-1669
29466,26,-195,-8947,0,0,0,-1669
29467,27,-195,-8947,0,0,0,-1669
29468,28,-195,-8947,0,0,0,-1669
29469,29,-195,-8947,0,0,0,-1669
29470,30,-195,-8947,0,0,0,-1669
29471,31,-195,-8947,0,0,0,-1669
29472,32,-195,-8947,0,0,0,-1669
29473,33,-195,-8947,0,0,0,-1669
29474,34,-195,-8947,0,0,0,-1669
29475,35,-195,-8947,0,0,0,-1669
29476,36,-195,-8947,0,0,0,-1669
29477,37,-195,-8947,0,0,0,-1669
29478,38,-195,-8947,0,0,0,-1669
29479,39,-195,-8947,0,0,0,-1669
29480,40,-195,-8947,0,0,0,-1669
29481,41,-195,-8947,0,0,0,-1669
29482,42,-195,-8947,0,0,0,-1669
29483,43,-195,-8947,0,0,0,-1669
29484,44,-195,-8947,0,0,0,-1669
29485,45,-195,-8947,0,0,0,-1669
29486,46,-195,-8947,0,0,0,-1669
29487,47,-195,-8947,0,0,0,-1669
29488,48,-195,-8947,0,0,0,-1669
29489,49,-195,-8947,0,0,0,-1669
29490,50,-195,-8947,0,0,0,-1669
29491,51,-195,-8947,0,0,0,-1669
29492,52,-195,-8947,0,0,0,-1669
29493,53,-195,-8947,0,0,0,-1669
29494,54,-195,-8947,0,0,0,-1669
29495,55,-195,-8947,0,0,0,-1669
29496,56,-195,-8947,0,0,0,-1669
29497,57,-195,-8947,0,0,0,-1669
29498,58,-195,-8947,0,0,0,-1669
29499,59,-195,-8947,0,0,0,-1669
29500,60,-195,-8947,0,0,0,-1669
29501,61,-195,-8947,0,0,0,-1669
29502,62,-195,-8947,0,0,0,-1669
29503,63,-195,-8947,0,0,0,-1669
29504,64,-195,-8947,0,0,0,-1669
29505,65,-195,-8947,0,0,0,-1669
29506,66,-195,-8947,0,0,0,-1669
29507,67,-195,-8947,0,0,0,-1669
29508,68,-195,-8947,0,0,0,-1669
29509,69,-195,-8947,0,0,0,-1669
29510,70,-195,-8947,0,0,0,-1669
29511,71,-195,-8947,0,0,0,-1669
29512,72,-195,-8947,0,0,0,-1669
29513,73,-195,-8947,0,0,0,-1669
29514,74,-195,-8947,0,0,0,-1669
29515,75,-195,-8947,0,0,0,-1669
29516,76,-195,-8947,0,0,0,-1669
29517,77,-195,-8947,0,0,0,-1669
29518,78,-195,-8947,0,0,0,-1669
29519,79,-195,-8947,0,0,0,-1669
29520,80,-195,-8947,0,0,0,-1669
29521,81,-195,-8947,0,0,0,-1669
29522,82,-195,-8947,0,0,0,-1669
29523,83,-195,-8947,0,0,0,-1669
29524,84,-195,-8947,0,0,0,-1669
29525,85,-195,-8947,0,0,0,-1669
29526,86,-195,-8947,0,0,0,-1669
29527,87,-195,-8947,0,0,0,-1669
29528,88,-195,-8947,0,0,0,-1669
29529,89,-195,-8947,0,0,0,-1669
29530,90,-195,-8947,0,0,0,-1669
29531,91,-195,-8947,0,0,0,-1669
29532,92,-195,-8947,0,0,0,-1669
29533,93,-195,-8947,0,0,0,-1669
29534,94,-195,-8947,0,0,0,-1669
29535,95,-195,-8947,0,0,0,-1669
29536,96,-195,-8947,0,0,0,-1669
29537,97,-195,-8947,0,0,0,-1669
29538,98,-195,-8947,0,0,0,-1669
29539,99,-195,-8947,0,0,0,-1669
29540,100,-195,-8947,0,0,0,-1669
29541,101,-195,-8947,0,0,0,-1669
29542,102,-195,-8947,0,0,0,-1669
29543,103,-195,-8947,0,0,0,-1669
29544,104,-195,-8947,0,0,0,-1669
29545,105,-195,-8947,0,0,0,-1669
29546,106,-195,-8947,0,0,0,-1669
29547,107,-195,-8947,0,0,0,-1669
29548,108,-195,-8947,0,0,0,-1669
29549,109,-195,-8947,0,0,0,-1669
29550,110,-195,-8947,0,0,0,-1669
29551,111,-195,-8947,0,0,0,-1669
29552,112,-195,-8947,0,0,0,-1669
29553,113,-195,-8947,0,0,0,-1669
29554,114,-195,-8947,0,0,0,-1669
29555,115,-195,-8947,0,0,0,-1669
29556,116,-195,-8947,0,0,0,-1669
29557,117,-195,-8947,0,0,0,-1669
29558,118,-195,-8947,0,0,0,-1669
29559,119,-195,-8947,0,0,0,-1669
29560,120,-195,-8947,0,0,0,-1669
29561,121,-195,-8947,0,0,0,-1669
29562,122,-195,-8947,0,0,0,-1669
29563,123,-195,-8947,0,0,0,-1669
29564,124,-195,-8947,0,0,0,-1669
29565,125,-195,-8947,0,0,0,-1669
29566,126,-195,-8947,0,0,0,-1669
29567,127,-195,-8947,0,0,0,-1669
29568,128,-195,-8947,0,0,0,-1669
29569,129,-195,-8947,0,0,0,-1669
29570,130,-195,-8947,0,0,0,-1669
29571,131,-195,-8947,0,0,0,-1669
29572,132,-195,-8947,0,0,0,-1669
29573,133,-195,-8947,0,0,0,-1669
29574,134,-195,-8947,0,0,0,-1669
29575,135,-195,-8947,0,0,0,-1669
29576,136,-195,-8947,0,0,0,-1669
29577,137,-195,-8947,0,0,0,-1669
29578,138,-195,-8947,0,0,0,-1669
29579,139,-195,-8947,0,0,0,-1669
29580,140,-195,-8947,0,0,0,-1669
29581,141,-195,-8947,0,0,0,-1669
29582,142,-195,-8947,0,0,0,-1669
29583,143,-195,-8947,0,0,0,-1669
29584,144,-195,-8947,0,0,0,-1669
29585,145,-195,-8947,0,0,0,-1669
29586,146,-195,-8947,0,0,0,-1669
29587,147,-195,-8947,0,0,0,-1669
29588,148,-195,-8947,0,0,0,-1669
29589,149,-195,-8947,0,0,0,-1669
29590,150,-195,-8947,0,0,0,-1669
29591,151,-195,-8947,0,0,0,-1669
29592,152,-195,-8947,0,0,0,-1669
29593,153,-195,-8947,0,0,0,-1669
29594,154,-195,-8947,0,0,0,-1669
29595,155,-195,-8947,0,0,0,-1669
29596,156,-195,-8947,0,0,0,-1669
29597,157,-195,-8947,0,0,0,-1669
29598,158,-195,-8947,0,0,0,-1669
29599,159,-195,-8947,0,0,0,-1669
29600,160,-195,-8947,0,0,0,-1669
29601,161,-195,-8947,0,0,0,-1669
29602,162,-195,-8947,0,0,0,-1669
29603,163,-195,-8947,0,0,0,-1669
29604,164,-195,-8947,0,0,0,-1669
29605,165,-195,-8947,0,0,0,-1669
29606,166,-195,-8947,0,0,0,-1669
29607,167,-195,-8947,0,0,0,-1669
29608,168,-195,-8947,0,0,0,-1669
29609,169,-195,-8947,0,0,0,-1669
29610,170,-195,-8947,0,0,0,-1669
29611,171,-195,-8947,0,0,0,-1669
29612,172,-195,-8947,0,0,0,-1669
29613,173,-195,-8947,0,0,0,-1669
29614,174,-195,-8947,0,0,0,-1669
29615,175,-195,-8947,0,0,0,-1669
29616,176,-195,-8947,0,0,0,-1669
29617,177,-195,-8947,0,0,0,-1669
29618,178,-195,-8947,0,0,0,-1669
29619,179,-195,-8947,0,0,0,-1669
29620,180,-195,-8947,0,0,0,-1669
29621,181,-195,-8947,0,0,0,-1669
29622,182,-195,-8947,0,0,0,-1669
29623,183,-195,-8947,0,0,0,-1669
29624,184,-195,-8947,0,0,0,-1669
29625,185,-195,-8947,0,0,0,-1669
29626,186,-195,-8947,0,0,0,-1669
29627,187,-195,-8947,0,0,0,-1669
29628,188,-195,-8947,0,0,0,-1669
29629,189,-195,-8947,0,0,0,-1669
29630,190,-195,-8947,0,0,0,-1669
29631,191,-195,-8947,0,0,0,-1669
29632,192,-195,-8947,0,0,0,-1669
29633,193,-195,-8947,0,0,0,-1669
29634,194,-195,-8947,0,0,0,-1669
29635,195,-195,-8947,0,0,0,-1669
29636,196,-195,-8947,0,0,0,-1669
29637,197,-195,-8947,0,0,0,-1669
29638,198,-195,-8947,0,0,0,-1669
29639,199,-195,-8947,0,0,0,-1669
29640,200,-195,-8947,0,0,0,-1669
29641,201,-195,-8947,0,0,0,-1669
29642,202,-195,-8947,0,0,0,-1669
29643,203,-195,-8947,0,0,0,-1669
29644,204,-195,-8947,0,0,0,-1669
29645,205,-195,-8947,0,0,0,-1669
29646,206,-195,-8947,0,0,0,-1669
29647,207,-195,-8947,0,0,0,-1669
29648,208,-195,-8947,0,0,0,-1669
29649,209,-195,-8947,0,0,0,-1669
29650,210,-195,-8947,0,0,0,-1669
29651,211,-195,-8947,0,0,0,-1669
29652,212,-195,-8947,0,0,0,-1669
29653,213,-195,-8947,0,0,0,-1669
29654,214,-195,-8947,0,0,0,-1669
29655,215,-195,-8947,0,0,0,-1669
29656,216,-195,-8947,0,0,0,-1669
29657,217,-195,-8947,0,0,0,-1669
29658,218,-195,-8947,0,0,0,-1669
29659,219,-195,-8947,0,0,0,-1669
29660,220,-195,-8947,0,0,0,-1669
29661,221,-195,-8947,0,0,0,-1669
29662,222,-195,-8947,0,0,0,-1669
29663,223,-195,-8947,0,0,0,-1669
29664,224,-195,-8947,0,0,0,-1669
29665,225,-195,-8947,0,0,0,-1669
29666,226,-195,-8947,0,0,0,-1669
29667,227,-195,-8947,0,0,0,-1669
29668,228,-195,-8947,0,0,0,-1669
29669,229,-195,-8947,0,0,0,-1669
29670,230,-195,-8947,0,0,0,-1669
29671,231,-195,-8947,0,0,0,-1669
29672,232,-195,-8947,0,0,0,-1669
29673,233,-195,-8947,0,0,0,-1669
29674,234,-195,-8947,0,0,0,-1669
29675,235,-195,-8947,0,0,0,-1669
29676,236,-195,-8947,0,0,0,-1669
29677,237,-195,-8947,0,0,0,-1669
29678,238,-195,-8947,0,0,0,-1669
29679,239,-195,-8947,0,0,0,-1669
29680,240,-195,-8947,0,0,0,-1669
29681,241,-195,-8947,0,0,0,-1669
29682,242,-195,-8947,0,0,0,-1669
29683,243,-195,-8947,0,0,0,-1669
29684,244,-195,-8947,0,0,0,-1669
29685,245,-195,-8947,0,0,0,-1669
29686,246,-195,-8947,0,0,0,-1669
29687,247,-195,-8947,0,0,0,-1669
29688,248,-195,-8947,0,0,0,-1669
29689,249,-195,-8947,0,0,0,-1669
29690,250,-195,-8947,0,0,0,-1669
29691,251,-195,-8947,0,0,0,-1669
29692,252,-195,-8947,0,0,0,-1669
29693,253,-195,-8947,0,0,0,-1669
29694,254,-195,-8947,0,0,0,-1669
29695,255,-195,-8947,0,0,0,-1669
29696,0,-195,-8947,0,0,0,-1669
29697,1,-195,-8947,0,0,0,-1669
29698,2,-195,-8947,0,0,0,-1669
29699,3,-195,-8947,0,0,0,-1669
29700,4,-195,-8947,0,0,0,-1669
29701,5,-195,-8947,0,0,0,-1669
29702,6,-195,-8947,0,0,0,-1669
29703,7,-195,-8947,0,0,0,-1669
29704,8,-195,-8947,0,0,0,-1669
29705,9,-195,-8947,0,0,0,-1669
29706,10,-195,-8947,0,0,0,-1669
29707,11,-195,-8947,0,0,0,-1669
29708,12,-195,-8947,0,0,0,-1669
29709,13,-195,-8947,0,0,0,-1669
29710,14,-195,-8947,0,0,0,-1669
29711,15,-195,-8947,0,0,0,-1669
29712,16,-195,-8947,0,0,0,-1669
29713,17,-195,-8947,0,0,0,-1669
29714,18,-195,-8947,0,0,0,-1669
29715,19,-195,-8947,0,0,0,-1669
29716,20,-195,-8947,0,0,0,-1669
29717,21,-195,-8947,0,0,0,-1669
29718,22,-195,-8947,0,0,0,-1669
29719,23,-195,-8947,0,0,0,-1669
29720,24,-195,-8947,0,0,0,-1669
29721,25,-195,-8947,0,0,0,-1669
29722,26,-195,-8947,0,0,0,-1669
29723,27,-195,-8947,0,0,0,-1669
29724,28,-195,-8947,0,0,0,-1669
29725,29,-195,-8947,0,0,0,-1669
29726,30,-195,-8947,0,0,0,-1669
29727,31,-195,-8947,0,0,0,-1669
29728,32,-195,-8947,0,0,0,-1669
29729,33,-195,-8947,0,0,0,-1669
29730,34,-195,-8947,0,0,0,-1669
29731,35,-195,-8947,0,0,0,-1669
29732,36,-195,-8947,0,0,0,-1669
29733,37,-195,-8947,0,0,0,-1669
29734,38,-195,-8947,0,0,0,-1669
29735,39,-195,-8947,0,0,0,-1669
29736,40,-195,-8947,0,0,0,-1669
29737,41,-195,-8947,0,0,0,-1669
29738,42,-195,-8947,0,0,0,-1669
29739,43,-195,-8947,0,0,0,-1669
29740,44,-195,-8947,0,0,0,-1669
29741,45,-195,-8947,0,0,0,-1669
29742,46,-195,-8947,0,0,0,-1669
29743,47,-195,-8947,0,0,0,-1669
29744,48,-195,-8947,0,0,0,-1669
29745,49,-195,-8947,0,0,0,-1669
29746,50,-195,-8947,0,0,0,-1669
29747,51,-195,-8947,0,0,0,-1669
29748,52,-195,-8947,0,0,0,-1669
29749,53,-195,-8947,0,0,0,-1669
29750,54,-195,-8947,0,0,0,-1669
29751,55,-195,-8947,0,0,0,-1669
29752,56,-195,-8947,0,0,0,-1669
29753,57,-195,-8947,0,0,0,-1669
29754,58,-195,-8947,0,0,0,-1669
29755,59,-195,-8947,0,0,0,-1669
29756,60,-195,-8947,0,0,0,-1669
29757,61,-195,-8947,0,0,0,-1669
29758,62,-195,-8947,0,0,0,-1669
29759,63,-195,-8947,0,0,0,-1669
29760,64,-195,-8947,0,0,0,-1669
29761,65,-195,-8947,0,0,0,-1669
29762,66,-195,-8947,0,0,0,-1669
29763,67,-195,-8947,0,0,0,-1669
29764,68,-195,-8947,0,0,0,-1669
29765,69,-195,-8947,0,0,0,-1669
29766,70,-195,-8947,0,0,0,-1669
29767,71,-195,-8947,0,0,0,-1669
29768,72,-195,-8947,0,0,0,-1669
29769,73,-195,-8947,0,0,0,-1669
29770,74,-195,-8947,0,0,0,-1669
29771,75,-195,-8947,0,0,0,-1669
29772,76,-195,-8947,0,0,0,-1669
29773,77,-195,-8947,0,0,0,-1669
29774,78,-195,-8947,0,0,0,-1669
29775,79,-195,-8947,0,0,0,-1669
29776,80,-195,-8947,0,0,0,-1669
29777,81,-195,-8947,0,0,0,-1669
29778,82,-195,-8947,0,0,0,-1669
29779,83,-195,-8947,0,0,0,-1669
29780,84,-195,-8947,0,0,0,-1669
29781,85,-195,-8947,0,0,0,-1669
29782,86,-195,-8947,0,0,0,-1669
29783,87,-195,-8947,0,0,0,-1669
29784,88,-195,-8947,0,0,0,-1669
29785,89,-195,-8947,0,0,0,-1669
29786,90,-195,-8947,0,0,0,-1669
29787,91,-195,-8947,0,0,0,-1669
29788,92,-195,-8947,0,0,0,-1669
29789,93,-195,-8947,0,0,0,-1669
29790,94,-195,-8947,0,0,0,-1669
29791,95,-195,-8947,0,0,0,-1669
29792,96,-195,-8947,0,0,0,-1669
29793,97,-195,-8947,0,0,0,-1669
29794,98,-195,-8947,0,0,0,-1669
29795,99,-195,-8947,0,0,0,-1669
29796,100,-195,-8947,0,0,0,-1669
29797,101,-195,-8947,0,0,0,-1669
29798,102,-195,-8947,0,0,0,-1669
29799,103,-195,-8947,0,0,0,-1669
29800,104,-195,-8947,0,0,0,-1669
29801,105,-195,-8947,0,0,0,-1669
29802,106,-195,-8947,0,0,0,-1669
29803,107,-195,-8947,0,0,0,-1669
29804,108,-195,-8947,0,0,0,-1669
29805,109,-195,-8947,0,0,0,-1669
29806,110,-195,-8947,0,0,0,-1669
29807,111,-195,-8947,0,0,0,-1669
29808,112,-195,-8947,0,0,0,-1669
29809,113,-195,-8947,0,0,0,-1669
29810,114,-195,-8947,0,0,0,-1669
29811,115,-195,-8947,0,0,0,-1669
29812,116,-195,-8947,0,0,0,-1669
29813,117,-195,-8947,0,0,0,-1669
29814,118,-195,-8947,0,0,0,-1669
29815,119,-195,-8947,0,0,0,-1669
29816,120,-195,-8947,0,0,0,-1669
29817,121,-195,-8947,0,0,0,-1669
29818,122,-195,-8947,0,0,0,-1669
29819,123,-195,-8947,0,0,0,-1669
29820,124,-195,-8947,0,0,0,-1669
29821,125,-195,-8947,0,0,0,-1669
29822,126,-195,-8947,0,0,0,-1669
29823,127,-195,-8947,0,0,0,-1669
29824,128,-195,-8947,0,0,0,-1669
29825,129,-195,-8947,0,0,0,-1669
29826,130,-195,-8947,0,0,0,-1189
29827,131,-195,-8947,0,0,0,-1196
29828,132,-195,-8947,0,0,0,-1196
29829,133,-195,-8947,0,0,0,-1196
29830,134,-195,-8947,0,0,0,-1196
29831,135,-195,-8947,0,0,0,-1196
29832,136,-195,-8947,0,0,0,-1196
29833,137,-195,-8947,0,0,0,-1196
29834,138,-195,-8947,0,0,0,-1196
29835,139,-195,-8947,0,0,0,-1196
29836,140,-195,-8947,0,0,0,-1196
29837,141,-195,-8947,0,0,0,-1196
29838,142,-195,-8947,0,0,0,-1196
29839,143,-195,-8947,0,0,0,-1196
29840,144,-195,-8947,0,0,0,-1196
29841,145,-195,-8947,0,0,0,-1196
29842,146,-195,-8947,0,0,0,-1196
29843,147,-195,-8947,0,0,0,-1196
29844,148,-195,-8947,0,0,0,-1196
29845,149,-195,-8947,0,0,0,-1196
29846,150,-195,-8947,0,0,0,-1196
29847,151,-195,-8947,0,0,0,-1196
29848,152,-195,-8947,0,0,0,-1196
29849,153,-195,-8947,0,0,0,-1196
29850,154,-195,-8947,0,0,0,-1196
29851,155,-195,-8947,0,0,0,-1196
29852,156,-195,-8947,0,0,0,-1196
29853,157,-195,-8947,0,0,0,-1196
29854,158,-195,-8947,0,0,0,-1196
29855,159,-195,-8947,0,0,0,-1196
29856,160,-195,-8947,0,0,0,-1196
29857,161,-195,-8947,0,0,0,-1196
29858,162,-195,-8947,0,0,0,-1196
29859,163,-195,-8947,0,0,0,-1196
29860,164,-195,-8947,0,0,0,-1196
29861,165,-195,-8947,0,0,0,-1196
29862,166,-195,-8947,0,0,0,-1196
29863,167,-195,-8947,0,0,0,-1196
29864,168,-195,-8947,0,0,0,-1196
29865,169,-195,-8947,0,0,0,-1196
29866,170,-195,-8947,0,0,0,-1196
29867,171,-195,-8947,0,0,0,-1196
29868,172,-195,-8947,0,0,0,-1196
29869,173,-195,-8947,0,0,0,-1196
29870,174,-195,-8947,0,0,0,-1196
29871,175,-195,-8947,0,0,0,-1196
29872,176,-195,-8947,0,0,0,-1196
29873,177,-195,-8947,0,0,0,-1196
29874,178,-195,-8947,0,0,0,-1196
29875,179,-195,-8947,0,0,0,-1196
29876,180,-195,-8947,0,0,0,-1196
29877,181,-195,-8947,0,0,0,-1196
29878,182,-195,-8947,0,0,0,-1196
29879,183,-195,-8947,0,0,0,-1196
29880,184,-195,-8947,0,0,0,-1196
29881,185,-195,-8947,0,0,0,-1196
29882,186,-195,-8947,0,0,0,-1196
29883,187,-195,-8947,0,0,0,-1196
29884,188,-195,-8947,0,0,0,-1196
29885,189,-195,-8947,0,0,0,-1196
29886,190,-195,-8947,0,0,0,-1196
29887,191,-195,-8947,0,0,0,-1196
29888,192,-195,-8947,0,0,0,-1196
29889,193,-195,-8947,0,0,0,-1196
29890,194,-195,-8947,0,0,0,-1196
29891,195,-195,-8947,0,0,0,-1196
29892,196,-195,-8947,0,0,0,-1196
29893,197,-195,-8947,0,0,0,-1196
29894,198,-195,-8947,0,0,0,-1196
29895,199,-195,-8947,0,0,0,-1196
29896,200,-195,-8947,0,0,0,-1196
29897,201,-195,-8947,0,0,0,-1196
29898,202,-195,-8947,0,0,0,-1196
29899,203,-195,-8947,0,0,0,-1196
29900,204,-195,-8947,0,0,0,-1196
29901,205,-195,-8947,0,0,0,-1196
29902,206,-195,-8947,0,0,0,-1196
29903,207,-195,-8947,0,0,0,-1196
29904,208,-195,-8947,0,0,0,-1196
29905,209,-195,-8947,0,0,0,-1196
29906,210,-195,-8947,0,0,0,-1196
29907,211,-195,-8947,0,0,0,-1196
29908,212,-195,-8947,0,0,0,-1196
29909,213,-195,-8947,0,0,0,-1196
29910,214,-195,-8947,0,0,0,-1196
29911,215,-195,-8947,0,0,0,-1196
29912,216,-195,-8947,0,0,0,-1196
29913,217,-195,-8947,0,0,0,-1196
29914,218,-195,-8947,0,0,0,-1196
29915,219,-195,-8947,0,0,0,-1196
29916,220,-195,-8947,0,0,0,-1196
29917,221,-195,-8947,0,0,0,-1196
29918,222,-195,-8947,0,0,0,-1196
29919,223,-195,-8947,0,0,0,-1196
29920,224,-195,-8947,0,0,0,-1196
29921,225,-195,-8947,0,0,0,-1196
29922,226,-195,-8947,0,0,0,-1196
29923,227,-195,-8947,0,0,0,-1196
29924,228,-195,-8947,0,0,0,-1196
29925,229,-195,-8947,0,0,0,-1196
29926,230,-195,-8947,0,0,0,-1196
29927,231,-195,-8947,0,0,0,-1196
29928,232,-195,-8947,0,0,0,-1196
29929,233,-195,-8947,0,0,0,-1196
29930,234,-195,-8947,0,0,0,-1196
29931,235,-195,-8947,0,0,0,-1196
29932,236,-195,-8947,0,0,0,-1196
29933,237,-195,-8947,0,0,0,-1196
29934,238,-195,-8947,0,0,0,-1196
29935,239,-195,-8947,0,0,0,-1196
29936,240,-195,-8947,0,0,0,-1196
29937,241,-195,-8947,0,0,0,-1196
29938,242,-195,-8947,0,0,0,-1196
29939,243,-195,-8947,0,0,0,-1196
29940,244,-195,-8947,0,0,0,-1196
29941,245,-195,-8947,0,0,0,-1196
29942,246,-195,-8947,0,0,0,-1196
29943,247,-195,-8947,0,0,0,-1196
29944,248,-195,-8947,0,0,0,-1196
29945,249,-195,-8947,0,0,0,-1196
29946,250,-195,-8947,0,0,0,-1196
29947,251,-195,-8947,0,0,0,-1196
29948,252,-195,-8947,0,0,0,-1196
29949,253,-195,-8947,0,0,0,-1196
29950,254,-195,-8947,0,0,0,-1196
29951,255,-195,-8947,0,0,0,-1196
29952,0,-195,-8947,0,0,0,-1196
29953,1,-195,-8947,0,0,0,-1196
29954,2,-195,-8947,0,0,0,-1196
29955,3,-195,-8947,0,0,0,-1196
29956,4,-195,-8947,0,0,0,-1196
29957,5,-195,-8947,0,0,0,-1196
29958,6,-195,-8947,0,0,0,-1196
29959,7,-195,-8947,0,0,0,-1196
29960,8,-195,-8947,0,0,0,-1196
29961,9,-195,-8947,0,0,0,-1196
29962,10,-195,-8947,0,0,0,-1196
29963,11,-195,-8947,0,0,0,-1196
29964,12,-195,-8947,0,0,0,-1196
29965,13,-195,-8947,0,0,0,-1196
29966,14,-195,-8947,0,0,0,-1196
29967,15,-195,-8947,0,0,0,-1196
29968,16,-195,-8947,0,0,0,-1196
29969,17,-195,-8947,0,0,0,-1196
29970,18,-195,-8947,0,0,0,-1196
29971,19,-195,-8947,0,0,0,-1196
29972,20,-195,-8947,0,0,0,-1196
29973,21,-195,-8947,0,0,0,-1196
29974,22,-195,-8947,0,0,0,-1196
29975,23,-195,-8947,0,0,0,-1196
29976,24,-195,-8947,0,0,0,-1196
29977,25,-195,-8947,0,0,0,-1196
29978,26,-195,-8947,0,0,0,-1196
29979,27,-195,-8947,0,0,0,-1196
29980,28,-195,-8947,0,0,0,-1196
29981,29,-195,-8947,0,0,0,-1196
29982,30,-195,-8947,0,0,0,-1196
29983,31,-195,-8947,0,0,0,-1196
29984,32,-195,-8947,0,0,0,-1196
29985,33,-195,-8947,0,0,0,-1196
29986,34,-195,-8947,0,0,0,-1196
29987,35,-195,-8947,0,0,0,-1196
29988,36,-195,-8947,0,0,0,-1196
29989,37,-195,-8947,0,0,0,-1196
29990,38,-195,-8947,0,0,0,-1496
29991,39,-195,-8947,0,0,0,-1496
29992,40,-195,-8947,0,0,0,-1496
29993,41,-195,-8947,0,0,0,-1496
29994,42,-195,-8947,0,0,0,-1496
29995,43,-195,-8947,0,0,0,-1496
29996,44,-195,-8947,0,0,0,-1496
29997,45,-195,-8947,0,0,0,-1496
29998,46,-195,-8947,0,0,0,-1496
29999,47,-195,-8947,0,0,0,-1496
30000,48,-195,-8947,0,0,0,-1496
30001,49,-195,-8947,0,0,0,-1496
30002,50,-195,-8947,0,0,0,-1496
30003,51,-195,-8947,0,0,0,-1496
30004,52,-195,-8947,0,0,0,-1496
30005,53,-195,-8947,0,0,0,-1496
30006,54,-195,-8947,0,0,0,-1496
30007,55,-195,-8947,0,0,0,-1496
30008,56,-195,-8947,0,0,0,-1496
30009,57,-195,-8947,0,0,0,-1496
30010,58,-195,-8947,0,0,0,-1496
30011,59,-195,-8947,0,0,0,-1496
30012,60,-195,-8947,0,0,0,-1496
30013,61,-195,-8947,0,0,0,-1496
30014,62,-195,-8947,0,0,0,-1496
30015,63,-195,-8947,0,0,0,-1496
30016,64,-195,-8947,0,0,0,-1496
30017,65,-195,-8947,0,0,0,-1496
30018,66,-195,-8947,0,0,0,-1496
30019,67,-195,-8947,0,0,0,-1496
30020,68,-195,-8947,0,0,0,-1496
30021,69,-195,-8947,0,0,0,-1496
30022,70,-195,-8947,0,0,0,-1496
30023,71,-195,-8947,0,0,0,-1496
30024,72,-195,-8947,0,0,0,-1496
30025,73,-195,-8947,0,0,0,-1496
30026,74,-195,-8947,0,0,0,-1496
30027,75,-195,-8947,0,0,0,-1496
30028,76,-195,-8947,0,0,0,-1496
30029,77,-195,-8947,0,0,0,-1496
30030,78,-195,-8947,0,0,0,-1496
30031,79,-195,-8947,0,0,0,-1496
30032,80,-195,-8947,0,0,0,-1496
30033,81,-195,-8947,0,0,0,-1496
30034,82,-195,-8947,0,0,0,-1496
30035,83,-195,-8947,0,0,0,-1496
30036,84,-195,-8947,0,0,0,-1496
30037,85,-195,-8947,0,0,0,-1496
30038,86,-195,-8947,0,0,0,-1496
30039,87,-195,-8947,0,0,0,-1496
30040,88,-195,-8947,0,0,0,-1496
30041,89,-195,-8947,0,0,0,-1496
30042,90,-195,-8947,0,0,0,-1496
30043,91,-195,-8947,0,0,0,-1496
30044,92,-195,-8947,0,0,0,-1496
30045,93,-195,-8947,0,0,0,-1496
30046,94,-195,-8947,0,0,0,-1496
30047,95,-195,-8947,0,0,0,-1496
30048,96,-195,-8947,0,0,0,-1496
30049,97,-195,-8947,0,0,0,-1496
30050,98,-195,-8947,0,0,0,-1496
30051,99,-195,-8947,0,0,0,-1496
30052,100,-195,-8947,0,0,0,-1496
30053,101,-195,-8947,0,0,0,-1496
30054,102,-195,-8947,0,0,0,-1496
30055,103,-195,-8947,0,0,0,-1496
30056,104,-195,-8947,0,0,0,-1496
30057,105,-195,-8947,0,0,0,-1496
30058,106,-195,-8947,0,0,0,-1496
30059,107,-195,-8947,0,0,0,-1496
30060,108,-195,-8947,0,0,0,-1496
30061,109,-195,-8947,0,0,0,-1496
30062,110,-195,-8947,0,0,0,-1496
30063,111,-195,-8947,0,0,0,-1496
30064,112,-195,-8947,0,0,0,-1496
30065,113,-195,-8947,0,0,0,-1307
30066,114,-195,-8947,0,0,0,-1225
30067,115,-195,-8947,0,0,0,-1045
30068,116,-195,-8947,0,0,0,-1045
30069,117,-195,-8947,0,0,0,-1045
30070,118,-195,-8947,0,0,0,-1045
30071,119,-195,-8947,0,0,0,-1045
30072,120,-195,-8947,0,0,0,-1045
30073,121,-195,-8947,0,0,0,-1045
30074,122,-195,-8947,0,0,0,-1045
30075,123,-195,-8947,0,0,0,-1045
30076,124,-195,-8947,0,0,0,-1045
30077,125,-195,-8947,0,0,0,-1045
30078,126,-195,-8947,0,0,0,-1045
30079,127,-195,-8947,0,0,0,-1045
30080,128,-195,-8947,0,0,0,-1045
30081,129,-195,-8947,0,0,0,-1045
30082,130,-195,-8947,0,0,0,-1148
30083,131,-195,-8947,0,0,0,-1148
30084,132,-195,-8947,0,0,0,-1148
30085,133,-195,-8947,0,0,0,-1148
30086,134,-195,-8947,0,0,0,-1345
30087,135,-195,-8947,0,0,0,-1345
30088,136,-195,-8947,0,0,0,-1345
30089,137,-195,-8947,0,0,0,-1345
30090,138,-195,-8947,0,0,0,-1345
30091,139,-195,-8947,0,0,0,-1345
30092,140,-195,-8947,0,0,0,-1345
30093,141,-195,-8947,0,0,0,-1345
30094,142,-195,-8947,0,0,0,-1345
30095,143,-195,-8947,0,0,0,-1345
30096,144,-195,-8947,0,0,0,-1345
30097,145,-195,-8947,0,0,0,-1345
30098,146,-195,-8947,0,0,0,-1345
30099,147,-195,-8947,0,0,0,-1345
30100,148,-195,-8947,0,0,0,-1345
30101,149,-195,-8947,0,0,0,-1345
30102,150,-195,-8947,0,0,0,-1345
30103,151,-195,-8947,0,0,0,-1345
30104,152,-195,-8947,0,0,0,-1345
30105,153,-195,-8947,0,0,0,-1345
30106,154,-195,-8947,0,0,0,-1345
30107,155,-195,-8947,0,0,0,-1345
30108,156,-195,-8947,0,0,0,-1345
30109,157,-195,-8947,0,0,0,-1345
30110,158,-195,-8947,0,0,0,-1345
30111,159,-195,-8947,0,0,0,-1345
30112,160,-195,-8947,0,0,0,-1345
30113,161,-195,-8947,0,0,0,-1345
30114,162,-195,-8947,0,0,0,-1345
30115,163,-195,-8947,0,0,0,-1345
30116,164,-195,-8947,0,0,0,-1345
30117,165,-195,-8947,0,0,0,-1345
30118,166,-195,-8947,0,0,0,-1345
30119,167,-195,-8947,0,0,0,-1345
30120,168,-195,-8947,0,0,0,-1345
30121,169,-195,-8947,0,0,0,-1345
30122,170,-195,-8947,0,0,0,-1345
30123,171,-195,-8947,0,0,0,-1345
30124,172,-195,-8947,0,0,0,-1345
30125,173,-195,-8947,0,0,0,-1345
30126,174,-195,-8947,0,0,0,-1345
30127,175,-195,-8947,0,0,0,-1345
30128,176,-195,-8947,0,0,0,-1345
30129,177,-195,-8947,0,0,0,-1345
30130,178,-195,-8947,0,0,0,-1345
30131,179,-195,-8947,0,0,0,-1345
30132,180,-195,-8947,0,0,0,-1345
30133,181,-195,-8947,0,0,0,-1345
30134,182,-195,-8947,0,0,0,-1345
30135,183,-195,-8947,0,0,0,-1345
30136,184,-195,-8947,0,0,0,-1345
30137,185,-195,-8947,0,0,0,-1345
30138,186,-195,-8947,0,0,0,-1345
30139,187,-195,-8947,0,0,0,-1345
30140,188,-195,-8947,0,0,0,-1345
30141,189,-195,-8947,0,0,0,-1345
30142,190,-195,-8947,0,0,0,-1345
30143,191,-195,-8947,0,0,0,-1345
30144,192,-195,-8947,0,0,0,-1345
30145,193,-195,-8947,0,0,0,-1345
30146,194,-195,-8947,0,0,0,-1345
30147,195,-195,-8947,0,0,0,-1345
30148,196,-195,-8947,0,0,0,-1345
30149,197,-195,-8947,0,0,0,-1345
30150,198,-195,-8947,0,0,0,-1345
30151,199,-195,-8947,0,0,0,-1345
30152,200,-195,-8947,0,0,0,-1345
30153,201,-195,-8947,0,0,0,-1345
30154,202,-195,-8947,0,0,0,-1345
30155,203,-195,-8947,0,0,0,-1345
30156,204,-195,-8947,0,0,0,-1345
30157,205,-195,-8947,0,0,0,-1345
30158,206,-195,-8947,0,0,0,-1345
30159,207,-195,-8947,0,0,0,-1345
30160,208,-195,-8947,0,0,0,-1345
30161,209,-195,-8947,0,0,0,-1345
30162,210,-195,-8947,0,0,0,-1345
30163,211,-195,-8947,0,0,0,-1345
30164,212,-195,-8947,0,0,0,-1345
30165,213,-195,-8947,0,0,0,-1345
30166,214,-195,-8947,0,0,0,-1345
30167,215,-195,-8947,0,0,0,-1345
30168,216,-195,-8947,0,0,0,-1345
30169,217,-195,-8947,0,0,0,-1345
30170,218,-195,-8947,0,0,0,-1345
30171,219,-195,-8947,0,0,0,-1545
30172,220,-195,-8947,0,0,0,-1545
30173,221,-195,-8947,0,0,0,-1545
30174,222,-195,-8947,0,0,0,-1545
30175,223,-195,-8947,0,0,0,-1545
30176,224,-195,-8947,0,0,0,-1545
30177,225,-195,-8947,0,0,0,-1545
30178,226,-195,-8947,0,0,0,-1545
30179,227,-195,-8947,0,0,0,-1545
30180,228,-195,-8947,0,0,0,-1545
30181,229,-195,-8947,0,0,0,-1545
30182,230,-195,-8947,0,0,0,-1545
30183,231,-195,-8947,0,0,0,-1545
30184,232,-195,-8947,0,0,0,-1670
30185,233,-195,-8947,0,0,0,-1670
30186,234,-195,-8947,0,0,0,-1670
30187,235,-195,-8947,0,0,0,-1670
30188,236,-195,-8947,0,0,0,-1670
30189,237,-195,-8947,0,0,0,-1670
30190,238,-195,-8947,0,0,0,-1670
30191,239,-195,-8947,0,0,0,-1670
30192,240,-195,-8947,0,0,0,-1670
30193,241,-195,-8947,0,0,0,-1670
30194,242,-195,-8947,0,0,0,-1670
30195,243,-195,-8947,0,0,0,-1670
30196,244,-195,-8947,0,0,0,-1670
30197,245,-195,-8947,0,0,0,-1670
30198,246,-195,-8947,0,0,0,-1670
30199,247,-195,-8947,0,0,0,-1670
30200,248,-195,-8947,0,0,0,-1670
30201,249,-195,-8947,0,0,0,-1670
30202,250,-195,-8947,0,0,0,-1670
30203,251,-195,-8947,0,0,0,-1670
30204,252,-195,-8947,0,0,0,-1670
30205,253,-195,-8947,0,0,0,-1670
30206,254,-195,-8947,0,0,0,-1670
30207,255,-195,-8947,0,0,0,-1670
30208,0,-195,-8947,0,0,0,-1670
30209,1,-195,-8947,0,0,0,-1670
30210,2,-195,-8947,0,0,0,-1670
30211,3,-195,-8947,0,0,0,-1670
30212,4,-195,-8947,0,0,0,-1670
30213,5,-195,-8947,0,0,0,-1670
30214,6,-195,-8947,0,0,0,-1670
30215,7,-195,-8947,0,0,0,-1670
30216,8,-195,-8947,0,0,0,-1670
30217,9,-195,-8947,0,0,0,-1670
30218,10,-195,-8947,0,0,0,-1670
30219,11,-195,-8947,0,0,0,-1670
30220,12,-195,-8947,0,0,0,-1670
30221,13,-195,-8947,0,0,0,-1670
30222,14,-195,-8947,0,0,0,-1670
30223,15,-195,-8947,0,0,0,-1670
30224,16,-195,-8947,0,0,0,-1670
30225,17,-195,-8947,0,0,0,-1670
30226,18,-195,-8947,0,0,0,-1670
30227,19,-195,-8947,0,0,0,-1670
30228,20,-195,-8947,0,0,0,-1670
30229,21,-195,-8947,0,0,0,-1670
30230,22,-195,-8947,0,0,0,-1670
30231,23,-195,-8947,0,0,0,-1670
30232,24,-195,-8947,0,0,0,-1670
30233,25,-195,-8947,0,0,0,-1670
30234,26,-195,-8947,0,0,0,-1670
30235,27,-195,-8947,0,0,0,-1670
30236,28,-195,-8947,0,0,0,-1670
30237,29,-195,-8947,0,0,0,-1670
30238,30,-195,-8947,0,0,0,-1670
30239,31,-195,-8947,0,0,0,-1670
30240,32,-195,-8947,0,0,0,-1670
30241,33,-195,-8947,0,0,0,-1670
30242,34,-195,-8947,0,0,0,-1670
30243,35,-195,-8947,0,0,0,-1670
30244,36,-195,-8947,0,0,0,-1670
30245,37,-195,-8947,0,0,0,-1670
30246,38,-195,-8947,0,0,0,-1670
30247,39,-195,-8947,0,0,0,-1670
30248,40,-195,-8947,0,0,0,-1670
30249,41,-195,-8947,0,0,0,-1670
30250,42,-195,-8947,0,0,0,-1670
30251,43,-195,-8947,0,0,0,-1670
30252,44,-195,-8947,0,0,0,-1670
30253,45,-195,-8947,0,0,0,-1670
30254,46,-195,-8947,0,0,0,-1670
30255,47,-195,-8947,0,0,0,-1670
30256,48,-195,-8947,0,0,0,-1670
30257,49,-195,-8947,0,0,0,-1670
30258,50,-195,-8947,0,0,0,-1670
30259,51,-195,-8947,0,0,0,-1670
30260,52,-195,-8947,0,0,0,-1670
30261,53,-195,-8947,0,0,0,-1670
30262,54,-195,-8947,0,0,0,-1670
30263,55,-195,-8947,0,0,0,-1670
30264,56,-195,-8947,0,0,0,-1670
30265,57,-195,-8947,0,0,0,-1670
30266,58,-195,-8947,0,0,0,-1670
30267,59,-195,-8947,0,0,0,-1670
30268,60,-195,-8947,0,0,0,-1670
30269,61,-195,-8947,0,0,0,-1670
30270,62,-195,-8947,0,0,0,-1670
30271,63,-195,-8947,0,0,0,-1670
30272,64,-195,-8947,0,0,0,-1670
30273,65,-195,-8947,0,0,0,-1670
30274,66,-195,-8947,0,0,0,-1670
30275,67,-195,-8947,0,0,0,-1670
30276,68,-195,-8947,0,0,0,-1670
30277,69,-195,-8947,0,0,0,-1670
30278,70,-195,-8947,0,0,0,-1670
30279,71,-195,-8947,0,0,0,-1670
30280,72,-195,-8947,0,0,0,-1670
30281,73,-195,-8947,0,0,0,-1670
30282,74,-195,-8947,0,0,0,-1670
30283,75,-195,-8947,0,0,0,-1670
30284,76,-195,-8947,0,0,0,-1670
30285,77,-195,-8947,0,0,0,-1670
30286,78,-195,-8947,0,0,0,-1670
30287,79,-195,-8947,0,0,0,-1670
30288,80,-195,-8947,0,0,0,-1670
30289,81,-195,-8947,0,0,0,-1670
30290,82,-195,-8947,0,0,0,-1670
30291,83,-195,-8947,0,0,0,-1670
30292,84,-195,-8947,0,0,0,-1880
30293,85,-195,-8947,0,0,0,-1880
30294,86,-195,-8947,0,0,0,-1880
30295,87,-195,-8947,0,0,0,-1880
30296,88,-195,-8947,0,0,0,-1880
30297,89,-195,-8947,0,0,0,-1880
30298,90,-195,-8947,0,0,0,-1880
30299,91,-195,-8947,0,0,0,-1880
30300,92,-195,-8947,0,0,0,-1880
30301,93,-195,-8947,0,0,0,-1880
30302,94,-195,-8947,0,0,0,-1880
30303,95,-195,-8947,0,0,0,-1880
30304,96,-195,-8947,0,0,0,-1880
30305,97,-195,-8947,0,0,0,-1880
30306,98,-195,-8947,0,0,0,-1880
30307,99,-195,-8947,0,0,0,-1880
30308,100,-195,-8947,0,0,0,-1880
30309,101,-195,-8947,0,0,0,-1880
30310,102,-195,-8947,0,0,0,-1880
30311,103,-195,-8947,0,0,0,-1880
30312,104,-195,-8947,0,0,0,-1880
30313,105,-195,-8947,0,0,0,-1880
30314,106,-195,-8947,0,0,0,-1880
30315,107,-195,-8947,0,0,0,-1880
30316,108,-195,-8947,0,0,0,-1880
30317,109,-195,-8947,0,0,0,-1880
30318,110,-195,-8947,0,0,0,-1880
30319,111,-195,-8947,0,0,0,-1880
30320,112,-195,-8947,0,0,0,-1880
30321,113,-195,-8947,0,0,0,-1880
30322,114,-195,-8947,0,0,0,-1880
30323,115,-195,-8947,0,0,0,-1880
30324,116,-195,-8947,0,0,0,-1880
30325,117,-195,-8947,0,0,0,-1880
30326,118,-195,-8947,0,0,0,-1880
30327,119,-195,-8947,0,0,0,-1880
30328,120,-195,-8947,0,0,0,-1880
30329,121,-195,-8947,0,0,0,-1880
30330,122,-195,-8947,0,0,0,-1880
30331,123,-195,-8947,0,0,0,-1880
30332,124,-195,-8947,0,0,0,-1880
30333,125,-195,-8947,0,0,0,-1880
30334,126,-195,-8947,0,0,0,-1880
30335,127,-195,-8947,0,0,0,-1880
30336,128,-195,-8947,0,0,0,-1880
30337,129,-195,-8947,0,0,0,-1880
30338,130,-195,-8947,0,0,0,-1880
30339,131,-195,-8947,0,0,0,-1880
30340,132,-195,-8947,0,0,0,-1880
30341,133,-195,-8947,0,0,0,-1880
30342,134,-195,-8947,0,0,0,-1880
30343,135,-195,-8947,0,0,0,-1880
30344,136,-195,-8947,0,0,0,-1880
30345,137,-195,-8947,0,0,0,-1880
30346,138,-195,-8947,0,0,0,-1880
30347,139,-195,-8947,0,0,0,-1880
30348,140,-195,-8947,0,0,0,-1880
30349,141,-195,-8947,0,0,0,-1880
30350,142,-195,-8947,0,0,0,-1880
30351,143,-195,-8947,0,0,0,-1880
30352,144,-195,-8947,0,0,0,-1880
30353,145,-195,-8947,0,0,0,-1880
30354,146,-195,-8947,0,0,0,-1880
30355,147,-195,-8947,0,0,0,-1880
30356,148,-195,-8947,0,0,0,-1880
30357,149,-195,-8947,0,0,0,-1880
30358,150,-195,-8947,0,0,0,-1880
30359,151,-195,-8947,0,0,0,-1880
30360,152,-195,-8947,0,0,0,-1880
30361,153,-195,-8947,0,0,0,-1880
30362,154,-195,-8947,0,0,0,-1880
30363,155,-195,-8947,0,0,0,-1880
30364,156,-195,-8947,0,0,0,-1880
30365,157,-195,-8947,0,0,0,-1880
30366,158,-195,-8947,0,0,0,-1880
30367,159,-195,-8947,0,0,0,-1880
30368,160,-195,-8947,0,0,0,-1880
30369,161,-195,-8947,0,0,0,-1880
30370,162,-195,-8947,0,0,0,-1880
30371,163,-195,-8947,0,0,0,-1880
30372,164,-195,-8947,0,0,0,-1880
30373,165,-195,-8947,0,0,0,-1880
30374,166,-195,-8947,0,0,0,-1880
30375,167,-195,-8947,0,0,0,-1880
30376,168,-195,-8947,0,0,0,-1880
30377,169,-195,-8947,0,0,0,-1880
30378,170,-195,-8947,0,0,0,-1880
30379,171,-195,-8947,0,0,0,-1880
30380,172,-195,-8947,0,0,0,-1880
30381,173,-195,-8947,0,0,0,-1880
30382,174,-195,-8947,0,0,0,-1880
30383,175,-195,-8947,0,0,0,-1880
30384,176,-195,-8947,0,0,0,-1880
30385,177,-195,-8947,0,0,0,-1880
30386,178,-195,-8947,0,0,0,-1880
30387,179,-195,-8947,0,0,0,-1880
30388,180,-195,-8947,0,0,0,-1880
30389,181,-195,-8947,0,0,0,-1880
30390,182,-195,-8947,0,0,0,-1880
30391,183,-195,-8947,0,0,0,-1880
30392,184,-195,-8947,0,0,0,-1880
30393,185,-195,-8947,0,0,0,-1880
30394,186,-195,-8947,0,0,0,-1880
30395,187,-195,-8947,0,0,0,-1880
30396,188,-195,-8947,0,0,0,-1880
30397,189,-195,-8947,0,0,0,-1880
30398,190,-195,-8947,0,0,0,-1880
30399,191,-195,-8947,0,0,0,-1880
30400,192,-195,-8947,0,0,0,-1880
30401,193,-195,-8947,0,0,0,-1880
30402,194,-195,-8947,0,0,0,-1880
30403,195,-195,-8947,0,0,0,-1880
30404,196,-195,-8947,0,0,0,-1880
30405,197,-195,-8947,0,0,0,-1880
30406,198,-195,-8947,0,0,0,-1880
30407,199,-195,-8947,0,0,0,-1880
30408,200,-195,-8947,0,0,0,-1880
30409,201,-195,-8947,0,0,0,-1880
30410,202,-195,-8947,0,0,0,-1880
30411,203,-195,-8947,0,0,0,-1880
30412,204,-195,-8947,0,0,0,-1880
30413,205,-195,-8947,0,0,0,-1880
30414,206,-195,-8947,0,0,0,-1880
30415,207,-195,-8947,0,0,0,-1880
30416,208,-195,-8947,0,0,0,-1880
30417,209,-195,-8947,0,0,0,-1880
30418,210,-195,-8947,0,0,0,-1880
30419,211,-195,-8947,0,0,0,-1880
30420,212,-195,-8947,0,0,0,-1880
30421,213,-195,-8947,0,0,0,-1880
30422,214,-195,-8947,0,0,0,-1880
30423,215,-195,-8947,0,0,0,-1880
30424,216,-195,-8947,0,0,0,-1880
30425,217,-195,-8947,0,0,0,-1880
30426,218,-195,-8947,0,0,0,-1880
30427,219,-195,-8947,0,0,0,-1880
30428,220,-195,-8947,0,0,0,-1880
30429,221,-195,-8947,0,0,0,-1880
30430,222,-195,-8947,0,0,0,-1880
30431,223,-195,-8947,0,0,0,-1880
30432,224,-195,-8947,0,0,0,-1880
30433,225,-195,-8947,0,0,0,-1880
30434,226,-195,-8947,0,0,0,-1880
30435,227,-195,-8947,0,0,0,-1880
30436,228,-195,-8947,0,0,0,-1880
30437,229,-195,-8947,0,0,0,-1880
30438,230,-195,-8947,0,0,0,-1880
30439,231,-195,-8947,0,0,0,-1880
30440,232,-195,-8947,0,0,0,-1880
30441,233,-195,-8947,0,0,0,-1880
30442,234,-195,-8947,0,0,0,-1880
30443,235,-195,-8947,0,0,0,-1880
30444,236,-195,-8947,0,0,0,-1880
30445,237,-195,-8947,0,0,0,-1880
30446,238,-195,-8947,0,0,0,-1880
30447,239,-195,-8947,0,0,0,-1880
30448,240,-195,-8947,0,0,0,-1880
30449,241,-195,-8947,0,0,0,-1880
30450,242,-195,-8947,0,0,0,-1880
30451,243,-195,-8947,0,0,0,-1880
30452,244,-195,-8947,0,0,0,-1880
30453,245,-195,-8947,0,0,0,-1880
30454,246,-195,-8947,0,0,0,-1880
30455,247,-195,-8947,0,0,0,-1880
30456,248,-195,-8947,0,0,0,-1880
30457,249,-195,-8947,0,0,0,-1880
30458,250,-195,-8947,0,0,0,-1880
30459,251,-195,-8947,0,0,0,-1880
30460,252,-195,-8947,0,0,0,-1880
30461,253,-195,-8947,0,0,0,-1880
30462,254,-195,-8947,0,0,0,-1880
30463,255,-195,-8947,0,0,0,-1880
30464,0,-195,-8947,0,0,0,-1880
30465,1,-195,-8947,0,0,0,-1880
30466,2,-195,-8947,0,0,0,-1880
30467,3,-195,-8947,0,0,0,-1880
30468,4,-195,-8947,0,0,0,-1880
30469,5,-195,-8947,0,0,0,-1880
30470,6,-195,-8947,0,0,0,-1880
30471,7,-195,-8947,0,0,0,-1880
30472,8,-195,-8947,0,0,0,-1880
30473,9,-195,-8947,0,0,0,-1880
30474,10,-195,-8947,0,0,0,-1880
30475,11,-195,-8947,0,0,0,-1880
30476,12,-195,-8947,0,0,0,-1880
30477,13,-195,-8947,0,0,0,-1880
30478,14,-195,-8947,0,0,0,-1880
30479,15,-195,-8947,0,0,0,-1880
30480,16,-195,-8947,0,0,0,-1880
30481,17,-195,-8947,0,0,0,-1880
30482,18,-195,-8947,0,0,0,-1880
30483,19,-195,-8947,0,0,0,-1880
30484,20,-195,-8947,0,0,0,-1880
30485,21,-195,-8947,0,0,0,-1880
30486,22,-195,-8947,0,0,0,-1880
30487,23,-195,-8947,0,0,0,-1880
30488,24,-195,-8947,0,0,0,-1880
30489,25,-195,-8947,0,0,0,-1880
30490,26,-195,-8947,0,0,0,-1880
30491,27,-195,-8947,0,0,0,-1880
30492,28,-195,-8947,0,0,0,-1880
30493,29,-195,-8947,0,0,0,-1880
30494,30,-195,-8947,0,0,0,-1880
30495,31,-195,-8947,0,0,0,-1880
30496,32,-195,-8947,0,0,0,-1880
30497,33,-195,-8947,0,0,0,-1880
30498,34,-195,-8947,0,0,0,-1880
30499,35,-195,-8947,0,0,0,-1880
30500,36,-195,-8947,0,0,0,-1880
30501,37,-195,-8947,0,0,0,-1880
30502,38,-195,-8947,0,0,0,-1880
30503,39,-195,-8947,0,0,0,-1880
30504,40,-195,-8947,0,0,0,-1880
30505,41,-195,-8947,0,0,0,-1880
30506,42,-195,-8947,0,0,0,-1880
30507,43,-195,-8947,0,0,0,-1880
30508,44,-195,-8947,0,0,0,-1880
30509,45,-195,-8947,0,0,0,-1880
30510,46,-195,-8947,0,0,0,-1880
30511,47,-195,-8947,0,0,0,-1880
30512,48,-195,-8947,0,0,0,-1880
30513,49,-195,-8947,0,0,0,-1880
30514,50,-195,-8947,0,0,0,-1880
30515,51,-195,-8947,0,0,0,-1880
30516,52,-195,-8947,0,0,0,-1880
30517,53,-195,-8947,0,0,0,-1880
30518,54,-195,-8947,0,0,0,-1880
30519,55,-195,-8947,0,0,0,-1880
30520,56,-195,-8947,0,0,0,-1880
30521,57,-195,-8947,0,0,0,-1880
30522,58,-195,-8947,0,0,0,-1880
30523,59,-195,-8947,0,0,0,-1880
30524,60,-195,-8947,0,0,0,-1880
30525,61,-195,-8947,0,0,0,-1880
30526,62,-195,-8947,0,0,0,-1880
30527,63,-195,-8947,0,0,0,-1880
30528,64,-195,-8947,0,0,0,-1880
30529,65,-195,-8947,0,0,0,-1880
30530,66,-195,-8947,0,0,0,-1880
30531,67,-195,-8947,0,0,0,-1880
30532,68,-195,-8947,0,0,0,-1880
30533,69,-195,-8947,0,0,0,-1880
30534,70,-195,-8947,0,0,0,-1880
30535,71,-195,-8947,0,0,0,-1880
30536,72,-195,-8947,0,0,0,-1880
30537,73,-195,-8947,0,0,0,-1880
30538,74,-195,-8947,0,0,0,-1880
30539,75,-195,-8947,0,0,0,-1880
30540,76,-195,-8947,0,0,0,-1880
30541,77,-195,-8947,0,0,0,-1880
30542,78,-195,-8947,0,0,0,-1880
30543,79,-195,-8947,0,0,0,-1880
30544,80,-195,-8947,0,0,0,-1880
30545,81,-195,-8947,0,0,0,-1880
30546,82,-195,-8947,0,0,0,-1880
30547,83,-195,-8947,0,0,0,-1880
30548,84,-195,-8947,0,0,0,-1880
30549,85,-195,-8947,0,0,0,-1880
30550,86,-195,-8947,0,0,0,-1880
30551,87,-195,-8947,0,0,0,-1880
30552,88,-195,-8947,0,0,0,-1880
30553,89,-195,-8947,0,0,0,-1880
30554,90,-195,-8947,0,0,0,-1880
30555,91,-195,-8947,0,0,0,-1880
30556,92,-195,-8947,0,0,0,-1880
30557,93,-195,-8947,0,0,0,-1880
30558,94,-195,-8947,0,0,0,-1880
30559,95,-195,-8947,0,0,0,-1880
30560,96,-195,-8947,0,0,0,-1880
30561,97,-195,-8947,0,0,0,-1880
30562,98,-195,-8947,0,0,0,-1880
30563,99,-195,-8947,0,0,0,-1880
30564,100,-195,-8947,0,0,0,-1880
30565,101,-195,-8947,0,0,0,-1880
30566,102,-195,-8947,0,0,0,-1880
30567,103,-195,-8947,0,0,0,-1880
30568,104,-195,-8947,0,0,0,-1880
30569,105,-195,-8947,0,0,0,-1880
30570,106,-195,-8947,0,0,0,-1880
30571,107,-195,-8947,0,0,0,-1880
30572,108,-195,-8947,0,0,0,-1880
30573,109,-195,-8947,0,0,0,-1880
30574,110,-195,-8947,0,0,0,-1880
30575,111,-195,-8947,0,0,0,-1880
30576,112,-195,-8947,0,0,0,-1880
30577,113,-195,-8947,0,0,0,-1880
30578,114,-195,-8947,0,0,0,-1880
30579,115,-195,-8947,0,0,0,-1880
30580,116,-195,-8947,0,0,0,-1880
30581,117,-195,-8947,0,0,0,-1880
30582,118,-195,-8947,0,0,0,-1880
30583,119,-195,-8947,0,0,0,-1985
30584,120,-195,-8947,0,0,0,-1910
30585,121,-195,-8947,0,0,0,-1522
30586,122,-195,-8947,0,0,0,-1440
30587,123,-195,-8947,0,0,0,-1344
30588,124,-195,-8947,0,0,0,-1524
30589,125,-195,-8947,0,0,0,-1917
30590,126,-195,-8947,0,0,0,-1617
30591,127,-195,-8947,0,0,0,-1709
30592,128,-195,-8947,0,0,0,-1791
30593,129,-195,-8947,0,0,0,-1591
30594,130,-195,-8947,0,0,0,-1763
30595,131,-195,-8947,0,0,0,-2062
30596,132,-195,-8947,0,0,0,-2062
30597,133,-195,-8947,0,0,0,-2062
30598,134,-195,-8947,0,0,0,-2062
30599,135,-195,-8947,0,0,0,-2062
30600,136,-195,-8947,0,0,0,-2062
30601,137,-195,-8947,0,0,0,-2062
30602,138,-195,-8947,0,0,0,-2062
30603,139,-195,-8947,0,0,0,-2062
30604,140,-195,-8947,0,0,0,-2062
30605,141,-195,-8947,0,0,0,-2062
30606,142,-195,-8947,0,0,0,-2062
30607,143,-195,-8947,0,0,0,-2062
30608,144,-195,-8947,0,0,0,-2062
30609,145,-195,-8947,0,0,0,-2062
30610,146,-195,-8947,0,0,0,-2137
30611,147,-195,-8947,0,0,0,-2137
30612,148,-195,-8947,0,0,0,-2137
30613,149,-195,-8947,0,0,0,-2137
30614,150,-195,-8947,0,0,0,-2137
30615,151,-195,-8947,0,0,0,-2137
30616,152,-195,-8947,0,0,0,-2137
30617,153,-195,-8947,0,0,0,-2137
30618,154,-195,-8947,0,0,0,-2037
30619,155,-195,-8947,0,0,0,-2132
30620,156,-195,-8947,0,0,0,-2207
30621,157,-195,-8947,0,0,0,-2207
30622,158,-195,-8947,0,0,0,-2207
30623,159,-195,-8947,0,0,0,-2207
30624,160,-195,-8947,0,0,0,-2207
30625,161,-195,-8947,0,0,0,-2207
30626,162,-195,-8947,0,0,0,-2207
30627,163,-195,-8947,0,0,0,-2207
30628,164,-195,-8947,0,0,0,-2207
30629,165,-195,-8947,0,0,0,-2207
30630,166,-195,-8947,0,0,0,-2207
30631,167,-195,-8947,0,0,0,-2295
30632,168,-195,-8947,0,0,0,-2377
30633,169,-195,-8947,0,0,0,-2473
30634,170,-195,-8947,0,0,0,-2473
30635,171,-195,-8947,0,0,0,-2473
30636,172,-195,-8947,0,0,0,-2473
30637,173,-195,-8947,0,0,0,-2473
30638,174,-195,-8947,0,0,0,-2473
30639,175,-195,-8947,0,0,0,-2473
30640,176,-195,-8947,0,0,0,-2373
30641,177,-195,-8947,0,0,0,-1973
30642,178,-195,-8947,0,0,0,-1929
30643,179,-195,-8947,0,0,0,-1929
30644,180,-195,-8947,0,0,0,-1929
30645,181,-195,-8947,0,0,0,-1929
30646,182,-195,-8947,0,0,0,-1929
30647,183,-195,-8947,0,0,0,-1929
30648,184,-195,-8947,0,0,0,-1929
30649,185,-195,-8947,0,0,0,-1929
30650,186,-195,-8947,0,0,0,-1871
30651,187,-195,-8947,0,0,0,-1827
30652,188,-195,-8947,0,0,0,-1827
30653,189,-195,-8947,0,0,0,-1827
30654,190,-195,-8947,0,0,0,-1827
30655,191,-195,-8947,0,0,0,-1827
30656,192,-195,-8947,0,0,0,-1827
30657,193,-195,-8947,0,0,0,-1827
30658,194,-195,-8947,0,0,0,-1827
30659,195,-195,-8947,0,0,0,-1827
30660,196,-195,-8947,0,0,0,-1827
30661,197,-195,-8947,0,0,0,-1827
30662,198,-195,-8947,0,0,0,-1827
30663,199,-195,-8947,0,0,0,-1827
30664,200,-195,-8947,0,0,0,-1827
30665,201,-195,-8947,0,0,0,-1827
30666,202,-195,-8947,0,0,0,-1827
30667,203,-195,-8947,0,0,0,-1827
30668,204,-195,-8947,0,0,0,-1827
30669,205,-195,-8947,0,0,0,-1827
30670,206,-195,-8947,0,0,0,-1827
30671,207,-195,-8947,0,0,0,-1827
30672,208,-195,-8947,0,0,0,-1827
30673,209,-195,-8947,0,0,0,-1827
30674,210,-195,-8947,0,0,0,-1827
30675,211,-195,-8947,0,0,0,-1827
30676,212,-195,-8947,0,0,0,-1771
30677,213,-195,-8947,0,0,0,-1651
30678,214,-195,-8947,0,0,0,-1651
30679,215,-195,-8947,0,0,0,-1651
30680,216,-195,-8947,0,0,0,-1651
30681,217,-195,-8947,0,0,0,-1651
30682,218,-195,-8947,0,0,0,-1651
30683,219,-195,-8947,0,0,0,-1651
30684,220,-195,-8947,0,0,0,-1651
30685,221,-195,-8947,0,0,0,-1651
30686,222,-195,-8947,0,0,0,-1651
30687,223,-195,-8947,0,0,0,-1651
30688,224,-195,-8947,0,0,0,-1651
30689,225,-195,-8947,0,0,0,-1651
30690,226,-195,-8947,0,0,0,-1651
30691,227,-195,-8947,0,0,0,-1651
30692,228,-195,-8947,0,0,0,-1651
30693,229,-195,-8947,0,0,0,-1651
30694,230,-195,-8947,0,0,0,-1651
30695,231,-195,-8947,0,0,0,-1651
30696,232,-195,-8947,0,0,0,-1651
30697,233,-195,-8947,0,0,0,-1651
30698,234,-195,-8947,0,0,0,-1651
30699,235,-195,-8947,0,0,0,-1651
30700,236,-195,-8947,0,0,0,-1651
30701,237,-195,-8947,0,0,0,-1651
30702,238,-195,-8947,0,0,0,-1651
30703,239,-195,-8947,0,0,0,-1651
30704,240,-195,-8947,0,0,0,-1651
30705,241,-195,-8947,0,0,0,-1651
30706,242,-195,-8947,0,0,0,-1651
30707,243,-195,-8947,0,0,0,-1651
30708,244,-195,-8947,0,0,0,-1651
30709,245,-195,-8947,0,0,0,-1651
30710,246,-195,-8947,0,0,0,-1651
30711,247,-195,-8947,0,0,0,-1651
30712,248,-195,-8947,0,0,0,-1651
30713,249,-195,-8947,0,0,0,-1651
30714,250,-195,-8947,0,0,0,-1651
30715,251,-195,-8947,0,0,0,-1651
30716,252,-195,-8947,0,0,0,-1651
30717,253,-195,-8947,0,0,0,-1651
30718,254,-195,-8947,0,0,0,-1651
30719,255,-195,-8947,0,0,0,-1651
30720,0,-195,-8947,0,0,0,-1651
30721,1,-195,-8947,0,0,0,-1651
30722,2,-195,-8947,0,0,0,-1651
30723,3,-195,-8947,0,0,0,-1651
30724,4,-195,-8947,0,0,0,-1651
30725,5,-195,-8947,0,0,0,-1651
30726,6,-195,-8947,0,0,0,-1651
30727,7,-195,-8947,0,0,0,-1651
30728,8,-195,-8947,0,0,0,-1651
30729,9,-195,-8947,0,0,0,-1651
30730,10,-195,-8947,0,0,0,-1651
30731,11,-195,-8947,0,0,0,-1651
30732,12,-195,-8947,0,0,0,-1651
30733,13,-195,-8947,0,0,0,-1651
30734,14,-195,-8947,0,0,0,-1651
30735,15,-195,-8947,0,0,0,-1651
30736,16,-195,-8947,0,0,0,-1651
30737,17,-195,-8947,0,0,0,-1651
30738,18,-195,-8947,0,0,0,-1651
30739,19,-195,-8947,0,0,0,-1651
30740,20,-195,-8947,0,0,0,-1651
30741,21,-195,-8947,0,0,0,-1651
30742,22,-195,-8947,0,0,0,-1651
30743,23,-195,-8947,0,0,0,-1651
30744,24,-195,-8947,0,0,0,-1651
30745,25,-195,-8947,0,0,0,-1651
30746,26,-195,-8947,0,0,0,-1651
30747,27,-195,-8947,0,0,0,-1651
30748,28,-195,-8947,0,0,0,-1651
30749,29,-195,-8947,0,0,0,-1651
30750,30,-195,-8947,0,0,0,-1651
30751,31,-195,-8947,0,0,0,-1651
30752,32,-195,-8947,0,0,0,-1651
30753,33,-195,-8947,0,0,0,-1651
30754,34,-195,-8947,0,0,0,-1651
30755,35,-195,-8947,0,0,0,-1651
30756,36,-195,-8947,0,0,0,-1651
30757,37,-195,-8947,0,0,0,-1651
30758,38,-195,-8947,0,0,0,-1651
30759,39,-195,-8947,0,0,0,-1651
30760,40,-195,-8947,0,0,0,-1651
30761,41,-195,-8947,0,0,0,-1651
30762,42,-195,-8947,0,0,0,-1651
30763,43,-195,-8947,0,0,0,-1651
30764,44,-195,-8947,0,0,0,-1651
30765,45,-195,-8947,0,0,0,-1651
30766,46,-195,-8947,0,0,0,-1651
30767,47,-195,-8947,0,0,0,-1651
30768,48,-195,-8947,0,0,0,-1651
30769,49,-195,-8947,0,0,0,-1651
30770,50,-195,-8947,0,0,0,-1651
30771,51,-195,-8947,0,0,0,-1651
30772,52,-195,-8947,0,0,0,-1651
30773,53,-195,-8947,0,0,0,-1651
30774,54,-195,-8947,0,0,0,-1651
30775,55,-195,-8947,0,0,0,-1651
30776,56,-195,-8947,0,0,0,-1651
30777,57,-195,-8947,0,0,0,-1651
30778,58,-195,-8947,0,0,0,-1651
30779,59,-195,-8947,0,0,0,-1651
30780,60,-195,-8947,0,0,0,-1651
30781,61,-195,-8947,0,0,0,-1651
30782,62,-195,-8947,0,0,0,-1651
30783,63,-195,-8947,0,0,0,-1651
30784,64,-195,-8947,0,0,0,-1651
30785,65,-195,-8947,0,0,0,-1651
30786,66,-195,-8947,0,0,0,-1651
30787,67,-195,-8947,0,0,0,-1651
30788,68,-195,-8947,0,0,0,-1651
30789,69,-195,-8947,0,0,0,-1651
30790,70,-195,-8947,0,0,0,-1651
30791,71,-195,-8947,0,0,0,-1651
30792,72,-195,-8947,0,0,0,-1651
30793,73,-195,-8947,0,0,0,-1651
30794,74,-195,-8947,0,0,0,-1651
30795,75,-195,-8947,0,0,0,-1651
30796,76,-195,-8947,0,0,0,-1651
30797,77,-195,-8947,0,0,0,-1651
30798,78,-195,-8947,0,0,0,-1651
30799,79,-195,-8947,0,0,0,-1651
30800,80,-195,-8947,0,0,0,-1651
30801,81,-195,-8947,0,0,0,-1651
30802,82,-195,-8947,0,0,0,-1651
30803,83,-195,-8947,0,0,0,-1651
30804,84,-195,-8947,0,0,0,-1651
30805,85,-195,-8947,0,0,0,-1651
30806,86,-195,-8947,0,0,0,-1651
30807,87,-195,-8947,0,0,0,-1651
30808,88,-195,-8947,0,0,0,-1651
30809,89,-195,-8947,0,0,0,-1651
30810,90,-195,-8947,0,0,0,-1651
30811,91,-195,-8947,0,0,0,-1651
30812,92,-195,-8947,0,0,0,-1651
30813,93,-195,-8947,0,0,0,-1651
30814,94,-195,-8947,0,0,0,-1651
30815,95,-195,-8947,0,0,0,-1651
30816,96,-195,-8947,0,0,0,-1651
30817,97,-195,-8947,0,0,0,-1651
30818,98,-195,-8947,0,0,0,-1651
30819,99,-195,-8947,0,0,0,-1651
30820,100,-195,-8947,0,0,0,-1651
30821,101,-195,-8947,0,0,0,-1651
30822,102,-195,-8947,0,0,0,-1651
30823,103,-195,-8947,0,0,0,-1651
30824,104,-195,-8947,0,0,0,-1651
30825,105,-195,-8947,0,0,0,-1155
30826,106,-195,-8947,0,0,0,-1155
30827,107,-195,-8947,0,0,0,-1155
30828,108,-195,-8947,0,0,0,-1155
30829,109,-195,-8947,0,0,0,-1155
30830,110,-195,-8947,0,0,0,-1155
30831,111,-195,-8947,0,0,0,-1155
30832,112,-195,-8947,0,0,0,-1155
30833,113,-195,-8947,0,0,0,-1155
30834,114,-195,-8947,0,0,0,-1155
30835,115,-195,-8947,0,0,0,-1155
30836,116,-195,-8947,0,0,0,-1155
30837,117,-195,-8947,0,0,0,-1155
30838,118,-195,-8947,0,0,0,-1155
30839,119,-195,-8947,0,0,0,-1155
30840,120,-195,-8947,0,0,0,-1155
30841,121,-195,-8947,0,0,0,-1155
30842,122,-195,-8947,0,0,0,-1155
30843,123,-195,-8947,0,0,0,-1155
30844,124,-195,-8947,0,0,0,-1155
30845,125,-195,-8947,0,0,0,-1155
30846,126,-195,-8947,0,0,0,-1155
30847,127,-195,-8947,0,0,0,-1155
30848,128,-195,-8947,0,0,0,-1155
30849,129,-195,-8947,0,0,0,-1155
30850,130,-195,-8947,0,0,0,-1155
30851,131,-195,-8947,0,0,0,-1155
30852,132,-195,-8947,0,0,0,-1155
30853,133,-195,-8947,0,0,0,-1155
30854,134,-195,-8947,0,0,0,-1155
30855,135,-195,-8947,0,0,0,-1155
30856,136,-195,-8947,0,0,0,-1155
30857,137,-195,-8947,0,0,0,-1155
30858,138,-195,-8947,0,0,0,-1155
30859,139,-195,-8947,0,0,0,-1155
30860,140,-195,-8947,0,0,0,-1155
30861,141,-195,-8947,0,0,0,-1155
30862,142,-195,-8947,0,0,0,-1155
30863,143,-195,-8947,0,0,0,-1155
30864,144,-195,-8947,0,0,0,-1155
30865,145,-195,-8947,0,0,0,-1155
30866,146,-195,-8947,0,0,0,-1155
30867,147,-195,-8947,0,0,0,-1155
30868,148,-195,-8947,0,0,0,-1155
30869,149,-195,-8947,0,0,0,-1155
30870,150,-195,-8947,0,0,0,-1155
30871,151,-195,-8947,0,0,0,-1155
30872,152,-195,-8947,0,0,0,-1155
30873,153,-195,-8947,0,0,0,-1155
30874,154,-195,-8947,0,0,0,-1155
30875,155,-195,-8947,0,0,0,-1155
30876,156,-195,-8947,0,0,0,-1155
30877,157,-195,-8947,0,0,0,-1155
30878,158,-195,-8947,0,0,0,-1155
30879,159,-195,-8947,0,0,0,-1155
30880,160,-195,-8947,0,0,0,-1155
30881,161,-195,-8947,0,0,0,-1155
30882,162,-195,-8947,0,0,0,-1155
30883,163,-195,-8947,0,0,0,-1155
30884,164,-195,-8947,0,0,0,-1155
30885,165,-195,-8947,0,0,0,-1155
30886,166,-195,-8947,0,0,0,-1155
30887,167,-195,-8947,0,0,0,-1155
30888,168,-195,-8947,0,0,0,-1155
30889,169,-195,-8947,0,0,0,-1155
30890,170,-195,-8947,0,0,0,-1155
30891,171,-195,-8947,0,0,0,-1155
30892,172,-195,-8947,0,0,0,-1155
30893,173,-195,-8947,0,0,0,-1155
30894,174,-195,-8947,0,0,0,-1155
30895,175,-195,-8947,0,0,0,-1155
30896,176,-195,-8947,0,0,0,-1155
30897,177,-195,-8947,0,0,0,-1155
30898,178,-195,-8947,0,0,0,-1155
30899,179,-195,-8947,0,0,0,-1155
30900,180,-195,-8947,0,0,0,-1155
30901,181,-195,-8947,0,0,0,-1155
30902,182,-195,-8947,0,0,0,-1155
30903,183,-195,-8947,0,0,0,-1155
30904,184,-195,-8947,0,0,0,-1155
30905,185,-195,-8947,0,0,0,-1155
30906,186,-195,-8947,0,0,0,-1155
30907,187,-195,-8947,0,0,0,-1155
30908,188,-195,-8947,0,0,0,-1155
30909,189,-195,-8947,0,0,0,-1155
30910,190,-195,-8947,0,0,0,-1155
30911,191,-195,-8947,0,0,0,-1155
30912,192,-195,-8947,0,0,0,-1155
30913,193,-195,-8947,0,0,0,-1155
30914,194,-195,-8947,0,0,0,-1155
30915,195,-195,-8947,0,0,0,-1155
30916,196,-195,-8947,0,0,0,-1155
30917,197,-195,-8947,0,0,0,-1155
30918,198,-195,-8947,0,0,0,-1155
30919,199,-195,-8947,0,0,0,-1155
30920,200,-195,-8947,0,0,0,-1155
30921,201,-195,-8947,0,0,0,-1155
30922,202,-195,-8947,0,0,0,-1155
30923,203,-195,-8947,0,0,0,-1155
30924,204,-195,-8947,0,0,0,-1155
30925,205,-195,-8947,0,0,0,-1155
30926,206,-195,-8947,0,0,0,-1155
30927,207,-195,-8947,0,0,0,-1155
30928,208,-195,-8947,0,0,0,-1155
30929,209,-195,-8947,0,0,0,-1155
30930,210,-195,-8947,0,0,0,-1155
30931,211,-195,-8947,0,0,0,-1155
30932,212,-195,-8947,0,0,0,-1155
30933,213,-195,-8947,0,0,0,-1155
30934,214,-195,-8947,0,0,0,-1155
30935,215,-195,-8947,0,0,0,-1155
30936,216,-195,-8947,0,0,0,-1155
30937,217,-195,-8947,0,0,0,-1155
30938,218,-195,-8947,0,0,0,-1155
30939,219,-195,-8947,0,0,0,-1155
30940,220,-195,-8947,0,0,0,-1155
30941,221,-195,-8947,0,0,0,-1155
30942,222,-195,-8947,0,0,0,-1155
30943,223,-195,-8947,0,0,0,-1155
30944,224,-195,-8947,0,0,0,-1155
30945,225,-195,-8947,0,0,0,-1155
30946,226,-195,-8947,0,0,0,-1155
30947,227,-195,-8947,0,0,0,-1155
30948,228,-195,-8947,0,0,0,-1155
30949,229,-195,-8947,0,0,0,-1155
30950,230,-195,-8947,0,0,0,-1155
30951,231,-195,-8947,0,0,0,-1155
30952,232,-195,-8947,0,0,0,-1155
30953,233,-195,-8947,0,0,0,-1155
30954,234,-195,-8947,0,0,0,-1155
30955,235,-195,-8947,0,0,0,-1155
30956,236,-195,-8947,0,0,0,-1155
30957,237,-195,-8947,0,0,0,-1155
30958,238,-195,-8947,0,0,0,-1155
30959,239,-195,-8947,0,0,0,-1155
30960,240,-195,-8947,0,0,0,-1155
30961,241,-195,-8947,0,0,0,-1155
30962,242,-195,-8947,0,0,0,-1155
30963,243,-195,-8947,0,0,0,-1155
30964,244,-195,-8947,0,0,0,-1155
30965,245,-195,-8947,0,0,0,-1155
30966,246,-195,-8947,0,0,0,-1155
30967,247,-195,-8947,0,0,0,-1155
30968,248,-195,-8947,0,0,0,-1155
30969,249,-195,-8947,0,0,0,-1155
30970,250,-195,-8947,0,0,0,-1155
30971,251,-195,-8947,0,0,0,-1155
30972,252,-195,-8947,0,0,0,-1155
30973,253,-195,-8947,0,0,0,-1155
30974,254,-195,-8947,0,0,0,-1155
30975,255,-195,-8947,0,0,0,-1155
30976,0,-195,-8947,0,0,0,-1155
30977,1,-195,-8947,0,0,0,-1155
30978,2,-195,-8947,0,0,0,-1155
30979,3,-195,-8947,0,0,0,-1155
30980,4,-195,-8947,0,0,0,-1155
30981,5,-195,-8947,0,0,0,-1155
30982,6,-195,-8947,0,0,0,-1155
30983,7,-195,-8947,0,0,0,-1155
30984,8,-195,-8947,0,0,0,-1155
30985,9,-195,-8947,0,0,0,-1155
30986,10,-195,-8947,0,0,0,-1155
30987,11,-195,-8947,0,0,0,-1155
30988,12,-195,-8947,0,0,0,-1155
30989,13,-195,-8947,0,0,0,-1155
30990,14,-195,-8947,0,0,0,-1155
30991,15,-195,-8947,0,0,0,-1155
30992,16,-195,-8947,0,0,0,-1155
30993,17,-195,-8947,0,0,0,-1155
30994,18,-195,-8947,0,0,0,-1155
30995,19,-195,-8947,0,0,0,-1155
30996,20,-195,-8947,0,0,0,-1155
30997,21,-195,-8947,0,0,0,-1155
30998,22,-195,-8947,0,0,0,-1155
30999,23,-195,-8947,0,0,0,-1155
31000,24,-195,-8947,0,0,0,-1155
31001,25,-195,-8947,0,0,0,-1155
31002,26,-195,-8947,0,0,0,-1155
31003,27,-195,-8947,0,0,0,-1155
31004,28,-195,-8947,0,0,0,-1155
31005,29,-195,-8947,0,0,0,-1155
31006,30,-195,-8947,0,0,0,-1155
31007,31,-195,-8947,0,0,0,-1155
31008,32,-195,-8947,0,0,0,-1155
31009,33,-195,-8947,0,0,0,-1155
31010,34,-195,-8947,0,0,0,-1155
31011,35,-195,-8947,0,0,0,-1155
31012,36,-195,-8947,0,0,0,-1155
31013,37,-195,-8947,0,0,0,-1155
31014,38,-195,-8947,0,0,0,-1155
31015,39,-195,-8947,0,0,0,-1155
31016,40,-195,-8947,0,0,0,-1155
31017,41,-195,-8947,0,0,0,-1155
31018,42,-195,-8947,0,0,0,-1155
31019,43,-195,-8947,0,0,0,-1155
31020,44,-195,-8947,0,0,0,-1155
31021,45,-195,-8947,0,0,0,-1155
31022,46,-195,-8947,0,0,0,-1155
31023,47,-195,-8947,0,0,0,-1155
31024,48,-195,-8947,0,0,0,-1155
31025,49,-195,-8947,0,0,0,-1155
31026,50,-195,-8947,0,0,0,-1155
31027,51,-195,-8947,0,0,0,-1155
31028,52,-195,-8947,0,0,0,-1155
31029,53,-195,-8947,0,0,0,-1155
31030,54,-195,-8947,0,0,0,-1155
31031,55,-195,-8947,0,0,0,-1155
31032,56,-195,-8947,0,0,0,-1155
31033,57,-195,-8947,0,0,0,-1155
31034,58,-195,-8947,0,0,0,-1155
31035,59,-195,-8947,0,0,0,-1155
31036,60,-195,-8947,0,0,0,-1155
31037,61,-195,-8947,0,0,0,-1155
31038,62,-195,-8947,0,0,0,-1155
31039,63,-195,-8947,0,0,0,-1155
31040,64,-195,-8947,0,0,0,-1155
31041,65,-195,-8947,0,0,0,-1155
31042,66,-195,-8947,0,0,0,-1155
31043,67,-195,-8947,0,0,0,-1155
31044,68,-195,-8947,0,0,0,-1155
31045,69,-195,-8947,0,0,0,-1155
31046,70,-195,-8947,0,0,0,-1155
31047,71,-195,-8947,0,0,0,-1155
31048,72,-195,-8947,0,0,0,-1155
31049,73,-195,-8947,0,0,0,-1155
31050,74,-195,-8947,0,0,0,-1155
31051,75,-195,-8947,0,0,0,-1155
31052,76,-195,-8947,0,0,0,-1155
31053,77,-195,-8947,0,0,0,-1155
31054,78,-195,-8947,0,0,0,-1155
31055,79,-195,-8947,0,0,0,-1155
31056,80,-195,-8947,0,0,0,-1155
31057,81,-195,-8947,0,0,0,-1155
31058,82,-195,-8947,0,0,0,-1155
31059,83,-195,-8947,0,0,0,-1155
31060,84,-195,-8947,0,0,0,-1155
31061,85,-195,-8947,0,0,0,-1155
31062,86,-195,-8947,0,0,0,-1155
31063,87,-195,-8947,0,0,0,-1155
31064,88,-195,-8947,0,0,0,-1155
31065,89,-195,-8947,0,0,0,-1155
31066,90,-195,-8947,0,0,0,-1155
31067,91,-195,-8947,0,0,0,-1155
31068,92,-195,-8947,0,0,0,-1155
31069,93,-195,-8947,0,0,0,-1155
31070,94,-195,-8947,0,0,0,-1155
31071,95,-195,-8947,0,0,0,-1155
31072,96,-195,-8947,0,0,0,-1155
31073,97,-195,-8947,0,0,0,-1155
31074,98,-195,-8947,0,0,0,-1155
31075,99,-195,-8947,0,0,0,-1155
31076,100,-195,-8947,0,0,0,-1155
31077,101,-195,-8947,0,0,0,-1155
31078,102,-195,-8947,0,0,0,-1155
31079,103,-195,-8947,0,0,0,-1155
31080,104,-195,-8947,0,0,0,-1155
31081,105,-195,-8947,0,0,0,-1155
31082,106,-195,-8947,0,0,0,-1155
31083,107,-195,-8947,0,0,0,-1155
31084,108,-195,-8947,0,0,0,-1155
31085,109,-195,-8947,0,0,0,-1155
31086,110,-195,-8947,0,0,0,-1155
31087,111,-195,-8947,0,0,0,-1155
31088,112,-195,-8947,0,0,0,-1155
31089,113,-195,-8947,0,0,0,-1155
31090,114,-195,-8947,0,0,0,-1155
31091,115,-195,-8947,0,0,0,-1155
31092,116,-195,-8947,0,0,0,-1155
31093,117,-195,-8947,0,0,0,-1155
31094,118,-195,-8947,0,0,0,-1155
31095,119,-195,-8947,0,0,0,-1155
31096,120,-195,-8947,0,0,0,-1155
31097,121,-195,-8947,0,0,0,-1155
31098,122,-195,-8947,0,0,0,-1155
31099,123,-195,-8947,0,0,0,-1155
31100,124,-195,-8947,0,0,0,-1155
31101,125,-195,-8947,0,0,0,-1155
31102,126,-195,-8947,0,0,0,-1155
31103,127,-195,-8947,0,0,0,-1155
31104,128,-195,-8947,0,0,0,-1155
31105,129,-195,-8947,0,0,0,-1155
31106,130,-195,-8947,0,0,0,-1155
31107,131,-195,-8947,0,0,0,-1155
31108,132,-195,-8947,0,0,0,-1155
31109,133,-195,-8947,0,0,0,-1155
31110,134,-195,-8947,0,0,0,-1155
31111,135,-195,-8947,0,0,0,-1155
31112,136,-195,-8947,0,0,0,-1155
31113,137,-195,-8947,0,0,0,-1155
31114,138,-195,-8947,0,0,0,-1155
31115,139,-195,-8947,0,0,0,-1155
31116,140,-195,-8947,0,0,0,-1155
31117,141,-195,-8947,0,0,0,-1155
31118,142,-195,-8947,0,0,0,-1155
31119,143,-195,-8947,0,0,0,-1155
31120,144,-195,-8947,0,0,0,-1155
31121,145,-195,-8947,0,0,0,-1155
31122,146,-195,-8947,0,0,0,-1155
31123,147,-195,-8947,0,0,0,-1155
31124,148,-195,-8947,0,0,0,-1155
31125,149,-195,-8947,0,0,0,-1155
31126,150,-195,-8947,0,0,0,-1155
31127,151,-195,-8947,0,0,0,-1155
31128,152,-195,-8947,0,0,0,-1155
31129,153,-195,-8947,0,0,0,-1155
31130,154,-195,-8947,0,0,0,-1155
31131,155,-195,-8947,0,0,0,-1155
31132,156,-195,-8947,0,0,0,-1155
31133,157,-195,-8947,0,0,0,-1155
31134,158,-195,-8947,0,0,0,-1155
31135,159,-195,-8947,0,0,0,-1155
31136,160,-195,-8947,0,0,0,-1155
31137,161,-195,-8947,0,0,0,-1155
31138,162,-195,-8947,0,0,0,-1155
31139,163,-195,-8947,0,0,0,-1155
31140,164,-195,-8947,0,0,0,-1155
31141,165,-195,-8947,0,0,0,-1155
31142,166,-195,-8947,0,0,0,-1155
31143,167,-195,-8947,0,0,0,-1155
31144,168,-195,-8947,0,0,0,-1155
31145,169,-195,-8947,0,0,0,-1155
31146,170,-195,-8947,0,0,0,-1155
31147,171,-195,-8947,0,0,0,-1155
31148,172,-195,-8947,0,0,0,-1155
31149,173,-195,-8947,0,0,0,-1155
31150,174,-195,-8947,0,0,0,-1155
31151,175,-195,-8947,0,0,0,-1155
31152,176,-195,-8947,0,0,0,-1155
31153,177,-195,-8947,0,0,0,-1155
31154,178,-195,-8947,0,0,0,-1155
31155,179,-195,-8947,0,0,0,-1155
31156,180,-195,-8947,0,0,0,-1155
31157,181,-195,-8947,0,0,0,-1155
31158,182,-195,-8947,0,0,0,-1155
31159,183,-195,-8947,0,0,0,-1155
31160,184,-195,-8947,0,0,0,-1155
31161,185,-195,-8947,0,0,0,-1155
31162,186,-195,-8947,0,0,0,-1155
31163,187,-195,-8947,0,0,0,-1155
31164,188,-195,-8947,0,0,0,-1155
31165,189,-195,-8947,0,0,0,-1155
31166,190,-195,-8947,0,0,0,-1155
31167,191,-195,-8947,0,0,0,-1155
31168,192,-195,-8947,0,0,0,-1155
31169,193,-195,-8947,0,0,0,-1155
31170,194,-195,-8947,0,0,0,-1155
31171,195,-195,-8947,0,0,0,-1155
31172,196,-195,-8947,0,0,0,-1155
31173,197,-195,-8947,0,0,0,-1155
31174,198,-195,-8947,0,0,0,-1155
31175,199,-195,-8947,0,0,0,-1155
31176,200,-195,-8947,0,0,0,-1155
31177,201,-195,-8947,0,0,0,-1155
31178,202,-195,-8947,0,0,0,-1155
31179,203,-195,-8947,0,0,0,-1155
31180,204,-195,-8947,0,0,0,-1155
31181,205,-195,-8947,0,0,0,-1155
31182,206,-195,-8947,0,0,0,-1155
31183,207,-195,-8947,0,0,0,-1155
31184,208,-195,-8947,0,0,0,-1155
31185,209,-195,-8947,0,0,0,-1155
31186,210,-195,-8947,0,0,0,-1155
31187,211,-195,-8947,0,0,0,-1155
31188,212,-195,-8947,0,0,0,-1155
31189,213,-195,-8947,0,0,0,-1155
31190,214,-195,-8947,0,0,0,-1155
31191,215,-195,-8947,0,0,0,-1155
31192,216,-195,-8947,0,0,0,-1155
31193,217,-195,-8947,0,0,0,-1155
31194,218,-195,-8947,0,0,0,-1155
31195,219,-195,-8947,0,0,0,-1155
31196,220,-195,-8947,0,0,0,-1155
31197,221,-195,-8947,0,0,0,-1155
31198,222,-195,-8947,0,0,0,-1155
31199,223,-195,-8947,0,0,0,-1155
31200,224,-195,-8947,0,0,0,-1155
31201,225,-195,-8947,0,0,0,-1155
31202,226,-195,-8947,0,0,0,-1155
31203,227,-195,-8947,0,0,0,-1155
31204,228,-195,-8947,0,0,0,-1155
31205,229,-195,-8947,0,0,0,-1155
31206,230,-195,-8947,0,0,0,-1155
31207,231,-195,-8947,0,0,0,-1155
31208,232,-195,-8947,0,0,0,-1155
31209,233,-195,-8947,0,0,0,-1155
31210,234,-195,-8947,0,0,0,-1065
31211,235,-195,-8947,0,0,0,-1065
31212,236,-195,-8947,0,0,0,-1065
31213,237,-195,-8947,0,0,0,-1065
31214,238,-195,-8947,0,0,0,-1065
31215,239,-195,-8947,0,0,0,-1065
31216,240,-195,-8947,0,0,0,-1065
31217,241,-195,-8947,0,0,0,-1065
31218,242,-195,-8947,0,0,0,-1065
31219,243,-195,-8947,0,0,0,-1065
31220,244,-195,-8947,0,0,0,-1065
31221,245,-195,-8947,0,0,0,-1065
31222,246,-195,-8947,0,0,0,-1065
31223,247,-195,-8947,0,0,0,-1065
31224,248,-195,-8947,0,0,0,-1065
31225,249,-195,-8947,0,0,0,-1065
31226,250,-195,-8947,0,0,0,-1065
31227,251,-195,-8947,0,0,0,-1065
31228,252,-195,-8947,0,0,0,-1065
31229,253,-195,-8947,0,0,0,-1065
31230,254,-195,-8947,0,0,0,-1065
31231,255,-195,-8947,0,0,0,-1065
31232,0,-195,-8947,0,0,0,-1065
31233,1,-195,-8947,0,0,0,-1065
31234,2,-195,-8947,0,0,0,-1065
31235,3,-195,-8947,0,0,0,-1065
31236,4,-195,-8947,0,0,0,-1065
31237,5,-195,-8947,0,0,0,-1065
31238,6,-195,-8947,0,0,0,-1065
31239,7,-195,-8947,0,0,0,-1065
31240,8,-195,-8947,0,0,0,-1065
31241,9,-195,-8947,0,0,0,-1065
31242,10,-195,-8947,0,0,0,-1065
31243,11,-195,-8947,0,0,0,-1065
31244,12,-195,-8947,0,0,0,-1065
31245,13,-195,-8947,0,0,0,-1065
31246,14,-195,-8947,0,0,0,-1065
31247,15,-195,-8947,0,0,0,-1065
31248,16,-195,-8947,0,0,0,-1065
31249,17,-195,-8947,0,0,0,-1065
31250,18,-195,-8947,0,0,0,-1065
31251,19,-195,-8947,0,0,0,-1065
31252,20,-195,-8947,0,0,0,-1065
31253,21,-195,-8947,0,0,0,-1065
31254,22,-195,-8947,0,0,0,-1065
31255,23,-195,-8947,0,0,0,-1065
31256,24,-195,-8947,0,0,0,-1065
31257,25,-195,-8947,0,0,0,-1065
31258,26,-195,-8947,0,0,0,-1065
31259,27,-195,-8947,0,0,0,-1065
31260,28,-195,-8947,0,0,0,-1065
31261,29,-195,-8947,0,0,0,-1065
31262,30,-195,-8947,0,0,0,-1065
31263,31,-195,-8947,0,0,0,-1065
31264,32,-195,-8947,0,0,0,-1065
31265,33,-195,-8947,0,0,0,-1065
31266,34,-195,-8947,0,0,0,-1065
31267,35,-195,-8947,0,0,0,-1065
31268,36,-195,-8947,0,0,0,-1065
31269,37,-195,-8947,0,0,0,-1065
31270,38,-195,-8947,0,0,0,-1065
31271,39,-195,-8947,0,0,0,-1065
31272,40,-195,-8947,0,0,0,-1065
31273,41,-195,-8947,0,0,0,-1065
31274,42,-195,-8947,0,0,0,-1065
31275,43,-195,-8947,0,0,0,-1065
31276,44,-195,-8947,0,0,0,-1065
31277,45,-195,-8947,0,0,0,-1065
31278,46,-195,-8947,0,0,0,-1065
31279,47,-195,-8947,0,0,0,-1065
31280,48,-195,-8947,0,0,0,-1065
31281,49,-195,-8947,0,0,0,-1065
31282,50,-195,-8947,0,0,0,-1065
31283,51,-195,-8947,0,0,0,-1065
31284,52,-195,-8947,0,0,0,-1065
31285,53,-195,-8947,0,0,0,-1065
31286,54,-195,-8947,0,0,0,-1065
31287,55,-195,-8947,0,0,0,-1065
31288,56,-195,-8947,0,0,0,-1065
31289,57,-195,-8947,0,0,0,-1065
31290,58,-195,-8947,0,0,0,-1065
31291,59,-195,-8947,0,0,0,-1065
31292,60,-195,-8947,0,0,0,-1065
31293,61,-195,-8947,0,0,0,-1065
31294,62,-195,-8947,0,0,0,-1065
31295,63,-195,-8947,0,0,0,-1065
31296,64,-195,-8947,0,0,0,-1065
31297,65,-195,-8947,0,0,0,-1065
31298,66,-195,-8947,0,0,0,-1065
31299,67,-195,-8947,0,0,0,-1065
31300,68,-195,-8947,0,0,0,-1065
31301,69,-195,-8947,0,0,0,-1065
31302,70,-195,-8947,0,0,0,-1065
31303,71,-195,-8947,0,0,0,-1065
31304,72,-195,-8947,0,0,0,-1065
31305,73,-195,-8947,0,0,0,-1065
31306,74,-195,-8947,0,0,0,-1065
31307,75,-195,-8947,0,0,0,-1065
31308,76,-195,-8947,0,0,0,-1065
31309,77,-195,-8947,0,0,0,-1065
31310,78,-195,-8947,0,0,0,-1065
31311,79,-195,-8947,0,0,0,-1065
31312,80,-195,-8947,0,0,0,-1065
31313,81,-195,-8947,0,0,0,-1065
31314,82,-195,-8947,0,0,0,-1065
31315,83,-195,-8947,0,0,0,-1065
31316,84,-195,-8947,0,0,0,-1065
31317,85,-195,-8947,0,0,0,-1065
31318,86,-195,-8947,0,0,0,-1065
31319,87,-195,-8947,0,0,0,-1065
31320,88,-195,-8947,0,0,0,-1065
31321,89,-195,-8947,0,0,0,-1065
31322,90,-195,-8947,0,0,0,-1065
31323,91,-195,-8947,0,0,0,-1065
31324,92,-195,-8947,0,0,0,-1065
31325,93,-195,-8947,0,0,0,-1065
31326,94,-195,-8947,0,0,0,-1065
31327,95,-195,-8947,0,0,0,-1065
31328,96,-195,-8947,0,0,0,-1065
31329,97,-195,-8947,0,0,0,-1065
31330,98,-195,-8947,0,0,0,-1065
31331,99,-195,-8947,0,0,0,-1065
31332,100,-195,-8947,0,0,0,-1065
31333,101,-195,-8947,0,0,0,-1065
31334,102,-195,-8947,0,0,0,-1065
31335,103,-195,-8947,0,0,0,-1065
31336,104,-195,-8947,0,0,0,-1065
31337,105,-195,-8947,0,0,0,-1065
31338,106,-195,-8947,0,0,0,-1065
31339,107,-195,-8947,0,0,0,-1065
31340,108,-195,-8947,0,0,0,-1065
31341,109,-195,-8947,0,0,0,-1065
31342,110,-195,-8947,0,0,0,-1065
31343,111,-195,-8947,0,0,0,-1065
31344,112,-195,-8947,0,0,0,-1065
31345,113,-195,-8947,0,0,0,-1065
31346,114,-195,-8947,0,0,0,-1065
31347,115,-195,-8947,0,0,0,-1065
31348,116,-195,-8947,0,0,0,-1065
31349,117,-195,-8947,0,0,0,-1065
31350,118,-195,-8947,0,0,0,-1065
31351,119,-195,-8947,0,0,0,-1065
31352,120,-195,-8947,0,0,0,-1065
31353,121,-195,-8947,0,0,0,-1065
31354,122,-195,-8947,0,0,0,-1065
31355,123,-195,-8947,0,0,0,-1065
31356,124,-195,-8947,0,0,0,-1065
31357,125,-195,-8947,0,0,0,-1065
31358,126,-195,-8947,0,0,0,-1065
31359,127,-195,-8947,0,0,0,-1065
31360,128,-195,-8947,0,0,0,-1065
31361,129,-195,-8947,0,0,0,-1065
31362,130,-195,-8947,0,0,0,-1065
31363,131,-195,-8947,0,0,0,-1065
31364,132,-195,-8947,0,0,0,-1065
31365,133,-195,-8947,0,0,0,-1065
31366,134,-195,-8947,0,0,0,-1065
31367,135,-195,-8947,0,0,0,-1065
31368,136,-195,-8947,0,0,0,-1065
31369,137,-195,-8947,0,0,0,-1065
31370,138,-195,-8947,0,0,0,-1065
31371,139,-195,-8947,0,0,0,-1065
31372,140,-195,-8947,0,0,0,-1065
31373,141,-195,-8947,0,0,0,-1065
31374,142,-195,-8947,0,0,0,-1065
31375,143,-195,-8947,0,0,0,-1065
31376,144,-195,-8947,0,0,0,-1065
31377,145,-195,-8947,0,0,0,-1065
31378,146,-195,-8947,0,0,0,-1065
31379,147,-195,-8947,0,0,0,-1065
31380,148,-195,-8947,0,0,0,-1065
31381,149,-195,-8947,0,0,0,-1065
31382,150,-195,-8947,0,0,0,-1065
31383,151,-195,-8947,0,0,0,-1065
31384,152,-195,-8947,0,0,0,-1065
31385,153,-195,-8947,0,0,0,-1065
31386,154,-195,-8947,0,0,0,-1065
31387,155,-195,-8947,0,0,0,-1065
31388,156,-195,-8947,0,0,0,-1065
31389,157,-195,-8947,0,0,0,-1065
31390,158,-195,-8947,0,0,0,-1065
31391,159,-195,-8947,0,0,0,-1065
31392,160,-195,-8947,0,0,0,-1065
31393,161,-195,-8947,0,0,0,-1065
31394,162,-195,-8947,0,0,0,-1065
31395,163,-195,-8947,0,0,0,-1065
31396,164,-195,-8947,0,0,0,-1065
31397,165,-195,-8947,0,0,0,-1065
31398,166,-195,-8947,0,0,0,-1065
31399,167,-195,-8947,0,0,0,-1065
31400,168,-195,-8947,0,0,0,-1065
31401,169,-195,-8947,0,0,0,-1065
31402,170,-195,-8947,0,0,0,-1065
31403,171,-195,-8947,0,0,0,-1065
31404,172,-195,-8947,0,0,0,-1065
31405,173,-195,-8947,0,0,0,-1065
31406,174,-195,-8947,0,0,0,-1065
31407,175,-195,-8947,0,0,0,-1065
31408,176,-195,-8947,0,0,0,-1065
31409,177,-195,-8947,0,0,0,-1065
31410,178,-195,-8947,0,0,0,-1065
31411,179,-195,-8947,0,0,0,-1065
31412,180,-195,-8947,0,0,0,-1065
31413,181,-195,-8947,0,0,0,-1065
31414,182,-195,-8947,0,0,0,-1065
31415,183,-195,-8947,0,0,0,-1065
31416,184,-195,-8947,0,0,0,-1065
31417,185,-195,-8947,0,0,0,-1065
31418,186,-195,-8947,0,0,0,-1065
31419,187,-195,-8947,0,0,0,-1065
31420,188,-195,-8947,0,0,0,-1065
31421,189,-195,-8947,0,0,0,-1065
31422,190,-195,-8947,0,0,0,-1065
31423,191,-195,-8947,0,0,0,-1065
31424,192,-195,-8947,0,0,0,-1065
31425,193,-195,-8947,0,0,0,-1065
31426,194,-195,-8947,0,0,0,-1065
31427,195,-195,-8947,0,0,0,-1065
31428,196,-195,-8947,0,0,0,-1065
31429,197,-195,-8947,0,0,0,-1065
31430,198,-195,-8947,0,0,0,-1065
31431,199,-195,-8947,0,0,0,-1065
31432,200,-195,-8947,0,0,0,-1065
31433,201,-195,-8947,0,0,0,-1065
31434,202,-195,-8947,0,0,0,-1065
31435,203,-195,-8947,0,0,0,-1065
31436,204,-195,-8947,0,0,0,-1065
31437,205,-195,-8947,0,0,0,-1065
31438,206,-195,-8947,0,0,0,-1065
31439,207,-195,-8947,0,0,0,-1065
31440,208,-195,-8947,0,0,0,-1065
31441,209,-195,-8947,0,0,0,-1065
31442,210,-195,-8947,0,0,0,-1065
31443,211,-195,-8947,0,0,0,-1065
31444,212,-195,-8947,0,0,0,-1065
31445,213,-195,-8947,0,0,0,-1065
31446,214,-195,-8947,0,0,0,-1065
31447,215,-195,-8947,0,0,0,-1065
31448,216,-195,-8947,0,0,0,-1065
31449,217,-195,-8947,0,0,0,-1065
31450,218,-195,-8947,0,0,0,-1065
31451,219,-195,-8947,0,0,0,-1065
31452,220,-195,-8947,0,0,0,-1065
31453,221,-195,-8947,0,0,0,-1065
31454,222,-195,-8947,0,0,0,-1065
31455,223,-195,-8947,0,0,0,-1065
31456,224,-195,-8947,0,0,0,-1065
31457,225,-195,-8947,0,0,0,-1065
31458,226,-195,-8947,0,0,0,-1065
31459,227,-195,-8947,0,0,0,-1065
31460,228,-195,-8947,0,0,0,-1065
31461,229,-195,-8947,0,0,0,-1065
31462,230,-195,-8947,0,0,0,-1065
31463,231,-195,-8947,0,0,0,-1065
31464,232,-195,-8947,0,0,0,-1065
31465,233,-195,-8947,0,0,0,-1065
31466,234,-195,-8947,0,0,0,-1065
31467,235,-195,-8947,0,0,0,-1065
31468,236,-195,-8947,0,0,0,-1065
31469,237,-195,-8947,0,0,0,-1065
31470,238,-195,-8947,0,0,0,-1065
31471,239,-195,-8947,0,0,0,-1065
31472,240,-195,-8947,0,0,0,-1065
31473,241,-195,-8947,0,0,0,-1065
31474,242,-195,-8947,0,0,0,-1065
31475,243,-195,-8947,0,0,0,-1065
31476,244,-195,-8947,0,0,0,-1065
31477,245,-195,-8947,0,0,0,-1065
31478,246,-195,-8947,0,0,0,-1065
31479,247,-195,-8947,0,0,0,-1065
31480,248,-195,-8947,0,0,0,-1065
31481,249,-195,-8947,0,0,0,-1065
31482,250,-195,-8947,0,0,0,-1065
31483,251,-195,-8947,0,0,0,-1065
31484,252,-195,-8947,0,0,0,-1065
31485,253,-195,-8947,0,0,0,-1065
31486,254,-195,-8947,0,0,0,-1065
31487,255,-195,-8947,0,0,0,-1065
31488,0,-195,-8947,0,0,0,-1065
31489,1,-195,-8947,0,0,0,-1065
31490,2,-195,-8947,0,0,0,-1065
31491,3,-195,-8947,0,0,0,-1065
31492,4,-195,-8947,0,0,0,-1065
31493,5,-195,-8947,0,0,0,-1065
31494,6,-195,-8947,0,0,0,-1065
31495,7,-195,-8947,0,0,0,-1065
31496,8,-195,-8947,0,0,0,-1065
31497,9,-195,-8947,0,0,0,-1065
31498,10,-195,-8947,0,0,0,-1065
31499,11,-195,-8947,0,0,0,-1065
31500,12,-195,-8947,0,0,0,-1065
31501,13,-195,-8947,0,0,0,-1065
31502,14,-195,-8947,0,0,0,-1065
31503,15,-195,-8947,0,0,0,-1065
31504,16,-195,-8947,0,0,0,-1065
31505,17,-195,-8947,0,0,0,-1065
31506,18,-195,-8947,0,0,0,-1065
31507,19,-195,-8947,0,0,0,-1065
31508,20,-195,-8947,0,0,0,-1065
31509,21,-195,-8947,0,0,0,-1065
31510,22,-195,-8947,0,0,0,-1065
31511,23,-195,-8947,0,0,0,-1065
31512,24,-195,-8947,0,0,0,-1065
31513,25,-195,-8947,0,0,0,-1065
31514,26,-195,-8947,0,0,0,-1065
31515,27,-195,-8947,0,0,0,-1065
31516,28,-195,-8947,0,0,0,-1065
31517,29,-195,-8947,0,0,0,-1065
31518,30,-195,-8947,0,0,0,-1065
31519,31,-195,-8947,0,0,0,-1065
31520,32,-195,-8947,0,0,0,-1065
31521,33,-195,-8947,0,0,0,-1065
31522,34,-195,-8947,0,0,0,-1065
31523,35,-195,-8947,0,0,0,-1065
31524,36,-195,-8947,0,0,0,-1065
31525,37,-195,-8947,0,0,0,-1065
31526,38,-195,-8947,0,0,0,-1065
31527,39,-195,-8947,0,0,0,-1065
31528,40,-195,-8947,0,0,0,-1065
31529,41,-195,-8947,0,0,0,-1065
31530,42,-195,-8947,0,0,0,-1065
31531,43,-195,-8947,0,0,0,-1065
31532,44,-195,-8947,0,0,0,-1065
31533,45,-195,-8947,0,0,0,-1065
31534,46,-195,-8947,0,0,0,-1065
31535,47,-195,-8947,0,0,0,-1065
31536,48,-195,-8947,0,0,0,-1065
31537,49,-195,-8947,0,0,0,-1065
31538,50,-195,-8947,0,0,0,-1065
31539,51,-195,-8947,0,0,0,-1065
31540,52,-195,-8947,0,0,0,-1065
31541,53,-195,-8947,0,0,0,-1065
31542,54,-195,-8947,0,0,0,-1065
31543,55,-195,-8947,0,0,0,-1065
31544,56,-195,-8947,0,0,0,-1065
31545,57,-195,-8947,0,0,0,-1065
31546,58,-195,-8947,0,0,0,-1065
31547,59,-195,-8947,0,0,0,-1065
31548,60,-195,-8947,0,0,0,-1065
31549,61,-195,-8947,0,0,0,-1065
31550,62,-195,-8947,0,0,0,-1065
31551,63,-195,-8947,0,0,0,-1065
31552,64,-195,-8947,0,0,0,-1065
31553,65,-195,-8947,0,0,0,-1065
31554,66,-195,-8947,0,0,0,-1065
31555,67,-195,-8947,0,0,0,-1065
31556,68,-195,-8947,0,0,0,-1065
31557,69,-195,-8947,0,0,0,-1065
31558,70,-195,-8947,0,0,0,-1065
31559,71,-195,-8947,0,0,0,-1065
31560,72,-195,-8947,0,0,0,-1065
31561,73,-195,-8947,0,0,0,-1065
31562,74,-195,-8947,0,0,0,-1065
31563,75,-195,-8947,0,0,0,-1065
31564,76,-195,-8947,0,0,0,-1065
31565,77,-195,-8947,0,0,0,-1065
31566,78,-195,-8947,0,0,0,-1065
31567,79,-195,-8947,0,0,0,-1065
31568,80,-195,-8947,0,0,0,-1065
31569,81,-195,-8947,0,0,0,-1065
31570,82,-195,-8947,0,0,0,-1065
31571,83,-195,-8947,0,0,0,-1065
31572,84,-195,-8947,0,0,0,-1065
31573,85,-195,-8947,0,0,0,-1065
31574,86,-195,-8947,0,0,0,-1065
31575,87,-195,-8947,0,0,0,-1065
31576,88,-195,-8947,0,0,0,-1065
31577,89,-195,-8947,0,0,0,-1065
31578,90,-195,-8947,0,0,0,-1065
31579,91,-195,-8947,0,0,0,-1065
31580,92,-195,-8947,0,0,0,-1065
31581,93,-195,-8947,0,0,0,-1065
31582,94,-195,-8947,0,0,0,-1065
31583,95,-195,-8947,0,0,0,-1065
31584,96,-195,-8947,0,0,0,-1065
31585,97,-195,-8947,0,0,0,-1065
31586,98,-195,-8947,0,0,0,-1065
31587,99,-195,-8947,0,0,0,-1065
31588,100,-195,-8947,0,0,0,-1065
31589,101,-195,-8947,0,0,0,-1065
31590,102,-195,-8947,0,0,0,-1065
31591,103,-195,-8947,0,0,0,-1065
31592,104,-195,-8947,0,0,0,-1065
31593,105,-195,-8947,0,0,0,-1065
31594,106,-195,-8947,0,0,0,-1065
31595,107,-195,-8947,0,0,0,-1065
31596,108,-195,-8947,0,0,0,-1065
31597,109,-195,-8947,0,0,0,-1065
31598,110,-195,-8947,0,0,0,-1065
31599,111,-195,-8947,0,0,0,-1065
31600,112,-195,-8947,0,0,0,-1065
31601,113,-195,-8947,0,0,0,-1065
31602,114,-195,-8947,0,0,0,-1065
31603,115,-195,-8947,0,0,0,-1065
31604,116,-195,-8947,0,0,0,-1065
31605,117,-195,-8947,0,0,0,-1065
31606,118,-195,-8947,0,0,0,-1065
31607,119,-195,-8947,0,0,0,-1065
31608,120,-195,-8947,0,0,0,-1065
31609,121,-195,-8947,0,0,0,-1065
31610,122,-195,-8947,0,0,0,-1065
31611,123,-195,-8947,0,0,0,-1065
31612,124,-195,-8947,0,0,0,-1065
31613,125,-195,-8947,0,0,0,-1065
31614,126,-195,-8947,0,0,0,-1065
31615,127,-195,-8947,0,0,0,-1065
31616,128,-195,-8947,0,0,0,-1065
31617,129,-195,-8947,0,0,0,-1065
31618,130,-195,-8947,0,0,0,-1065
31619,131,-195,-8947,0,0,0,-1065
31620,132,-195,-8947,0,0,0,-1065
31621,133,-195,-8947,0,0,0,-1065
31622,134,-195,-8947,0,0,0,-1065
31623,135,-195,-8947,0,0,0,-1065
31624,136,-195,-8947,0,0,0,-1065
31625,137,-195,-8947,0,0,0,-1065
31626,138,-195,-8947,0,0,0,-1065
31627,139,-195,-8947,0,0,0,-1065
31628,140,-195,-8947,0,0,0,-1065
31629,141,-195,-8947,0,0,0,-1065
31630,142,-195,-8947,0,0,0,-1065
31631,143,-195,-8947,0,0,0,-1065
31632,144,-195,-8947,0,0,0,-1065
31633,145,-195,-8947,0,0,0,-1065
31634,146,-195,-8947,0,0,0,-1065
31635,147,-195,-8947,0,0,0,-1065
31636,148,-195,-8947,0,0,0,-1065
31637,149,-195,-8947,0,0,0,-1065
31638,150,-195,-8947,0,0,0,-1065
31639,151,-195,-8947,0,0,0,-1065
31640,152,-195,-8947,0,0,0,-1065
31641,153,-195,-8947,0,0,0,-1065
31642,154,-195,-8947,0,0,0,-1065
31643,155,-195,-8947,0,0,0,-1065
31644,156,-195,-8947,0,0,0,-1065
31645,157,-195,-8947,0,0,0,-1065
31646,158,-195,-8947,0,0,0,-1065
31647,159,-195,-8947,0,0,0,-1065
31648,160,-195,-8947,0,0,0,-1065
31649,161,-195,-8947,0,0,0,-1065
31650,162,-195,-8947,0,0,0,-1065
31651,163,-195,-8947,0,0,0,-1065
31652,164,-195,-8947,0,0,0,-1065
31653,165,-195,-8947,0,0,0,-1065
31654,166,-195,-8947,0,0,0,-1065
31655,167,-195,-8947,0,0,0,-1065
31656,168,-195,-8947,0,0,0,-1065
31657,169,-195,-8947,0,0,0,-1065
31658,170,-195,-8947,0,0,0,-1065
31659,171,-195,-8947,0,0,0,-1065
31660,172,-195,-8947,0,0,0,-1065
31661,173,-195,-8947,0,0,0,-1065
31662,174,-195,-8947,0,0,0,-1065
31663,175,-195,-8947,0,0,0,-1065
31664,176,-195,-8947,0,0,0,-1065
31665,177,-195,-8947,0,0,0,-1065
31666,178,-195,-8947,0,0,0,-1065
31667,179,-195,-8947,0,0,0,-1065
31668,180,-195,-8947,0,0,0,-1065
31669,181,-195,-8947,0,0,0,-1065
31670,182,-195,-8947,0,0,0,-1065
31671,183,-195,-8947,0,0,0,-1065
31672,184,-195,-8947,0,0,0,-1065
31673,185,-195,-8947,0,0,0,-1065
31674,186,-195,-8947,0,0,0,-1065
31675,187,-195,-8947,0,0,0,-1065
31676,188,-195,-8947,0,0,0,-1065
31677,189,-195,-8947,0,0,0,-1065
31678,190,-195,-8947,0,0,0,-1065
31679,191,-195,-8947,0,0,0,-1065
31680,192,-195,-8947,0,0,0,-1065
31681,193,-195,-8947,0,0,0,-1065
31682,194,-195,-8947,0,0,0,-1065
31683,195,-195,-8947,0,0,0,-1065
31684,196,-195,-8947,0,0,0,-1065
31685,197,-195,-8947,0,0,0,-1065
31686,198,-195,-8947,0,0,0,-1065
31687,199,-195,-8947,0,0,0,-1065
31688,200,-195,-8947,0,0,0,-1065
31689,201,-195,-8947,0,0,0,-1065
31690,202,-195,-8947,0,0,0,-1065
31691,203,-195,-8947,0,0,0,-1065
31692,204,-195,-8947,0,0,0,-1065
31693,205,-195,-8947,0,0,0,-1065
31694,206,-195,-8947,0,0,0,-1065
31695,207,-195,-8947,0,0,0,-1065
31696,208,-195,-8947,0,0,0,-1065
31697,209,-195,-8947,0,0,0,-1065
31698,210,-195,-8947,0,0,0,-1065
31699,211,-195,-8947,0,0,0,-1065
31700,212,-195,-8947,0,0,0,-1065
31701,213,-195,-8947,0,0,0,-1065
31702,214,-195,-8947,0,0,0,-1065
31703,215,-195,-8947,0,0,0,-1065
31704,216,-195,-8947,0,0,0,-1065
31705,217,-195,-8947,0,0,0,-1065
31706,218,-195,-8947,0,0,0,-1065
31707,219,-195,-8947,0,0,0,-1065
31708,220,-195,-8947,0,0,0,-1065
31709,221,-195,-8947,0,0,0,-1065
31710,222,-195,-8947,0,0,0,-1065
31711,223,-195,-8947,0,0,0,-1065
31712,224,-195,-8947,0,0,0,-1065
31713,225,-195,-8947,0,0,0,-1065
31714,226,-195,-8947,0,0,0,-1065
31715,227,-195,-8947,0,0,0,-1065
31716,228,-195,-8947,0,0,0,-1065
31717,229,-195,-8947,0,0,0,-1065
31718,230,-195,-8947,0,0,0,-1065
31719,231,-195,-8947,0,0,0,-1065
31720,232,-195,-8947,0,0,0,-1065
31721,233,-195,-8947,0,0,0,-1065
31722,234,-195,-8947,0,0,0,-1065
31723,235,-195,-8947,0,0,0,-1065
31724,236,-195,-8947,0,0,0,-1065
31725,237,-195,-8947,0,0,0,-1065
31726,238,-195,-8947,0,0,0,-1065
31727,239,-195,-8947,0,0,0,-1065
31728,240,-195,-8947,0,0,0,-1065
31729,241,-195,-8947,0,0,0,-1065
31730,242,-195,-8947,0,0,0,-1065
31731,243,-195,-8947,0,0,0,-1065
31732,244,-195,-8947,0,0,0,-1065
31733,245,-195,-8947,0,0,0,-1065
31734,246,-195,-8947,0,0,0,-1065
31735,247,-195,-8947,0,0,0,-1065
31736,248,-195,-8947,0,0,0,-1065
31737,249,-195,-8947,0,0,0,-1065
31738,250,-195,-8947,0,0,0,-1065
31739,251,-195,-8947,0,0,0,-1065
31740,252,-195,-8947,0,0,0,-1065
31741,253,-195,-8947,0,0,0,-1065
31742,254,-195,-8947,0,0,0,-1065
31743,255,-195,-8947,0,0,0,-1065
31744,0,-195,-8947,0,0,0,-1065
31745,1,-195,-8947,0,0,0,-1065
31746,2,-195,-8947,0,0,0,-1065
31747,3,-195,-8947,0,0,0,-1065
31748,4,-195,-8947,0,0,0,-1065
31749,5,-195,-8947,0,0,0,-1065
31750,6,-195,-8947,0,0,0,-1065
31751,7,-195,-8947,0,0,0,-1065
31752,8,-195,-8947,0,0,0,-1065
31753,9,-195,-8947,0,0,0,-1065
31754,10,-195,-8947,0,0,0,-1065
31755,11,-195,-8947,0,0,0,-1020
31756,12,-195,-8947,0,0,0,-1020
31757,13,-195,-8947,0,0,0,-1020
31758,14,-195,-8947,0,0,0,-1020
31759,15,-195,-8947,0,0,0,-965
31760,16,-195,-8947,0,0,0,-965
31761,17,-195,-8947,0,0,0,-965
31762,18,-195,-8947,0,0,0,-965
31763,19,-195,-8947,0,0,0,-965
31764,20,-195,-8947,0,0,0,-965
31765,21,-195,-8947,0,0,0,-965
31766,22,-195,-8947,0,0,0,-965
31767,23,-195,-8947,0,0,0,-965
31768,24,-195,-8947,0,0,0,-965
31769,25,-195,-8947,0,0,0,-965
31770,26,-195,-8947,0,0,0,-965
31771,27,-195,-8947,0,0,0,-965
31772,28,-195,-8947,0,0,0,-965
31773,29,-195,-8947,0,0,0,-965
31774,30,-195,-8947,0,0,0,-965
31775,31,-195,-8947,0,0,0,-965
31776,32,-195,-8947,0,0,0,-965
31777,33,-195,-8947,0,0,0,-965
31778,34,-195,-8947,0,0,0,-965
31779,35,-195,-8947,0,0,0,-965
31780,36,-195,-8947,0,0,0,-965
31781,37,-195,-8947,0,0,0,-965
31782,38,-195,-8947,0,0,0,-965
31783,39,-195,-8947,0,0,0,-965
31784,40,-195,-8947,0,0,0,-965
31785,41,-195,-8947,0,0,0,-965
31786,42,-195,-8947,0,0,0,-965
31787,43,-195,-8947,0,0,0,-965
31788,44,-195,-8947,0,0,0,-965
31789,45,-195,-8947,0,0,0,-965
31790,46,-195,-8947,0,0,0,-965
31791,47,-195,-8947,0,0,0,-965
31792,48,-195,-8947,0,0,0,-965
31793,49,-195,-8947,0,0,0,-965
31794,50,-195,-8947,0,0,0,-965
31795,51,-195,-8947,0,0,0,-965
31796,52,-195,-8947,0,0,0,-965
31797,53,-195,-8947,0,0,0,-965
31798,54,-195,-8947,0,0,0,-965
31799,55,-195,-8947,0,0,0,-965
31800,56,-195,-8947,0,0,0,-765
31801,57,-195,-8947,0,0,0,-765
31802,58,-195,-8947,0,0,0,-765
31803,59,-195,-8947,0,0,0,-765
31804,60,-195,-8947,0,0,0,-765
31805,61,-195,-8947,0,0,0,-765
31806,62,-195,-8947,0,0,0,-765
31807,63,-195,-8947,0,0,0,-765
31808,64,-195,-8947,0,0,0,-765
31809,65,-195,-8947,0,0,0,-765
31810,66,-195,-8947,0,0,0,-765
31811,67,-195,-8947,0,0,0,-765
31812,68,-195,-8947,0,0,0,-765
31813,69,-195,-8947,0,0,0,-765
31814,70,-195,-8947,0,0,0,-765
31815,71,-195,-8947,0,0,0,-609
31816,72,-195,-8947,0,0,0,-609
31817,73,-195,-8947,0,0,0,-609
31818,74,-195,-8947,0,0,0,-609
31819,75,-195,-8947,0,0,0,-609
31820,76,-195,-8947,0,0,0,-609
31821,77,-195,-8947,0,0,0,-609
31822,78,-195,-8947,0,0,0,-609
31823,79,-195,-8947,0,0,0,-609
31824,80,-195,-8947,0,0,0,-609
31825,81,-195,-8947,0,0,0,-609
31826,82,-195,-8947,0,0,0,-609
31827,83,-195,-8947,0,0,0,-609
31828,84,-195,-8947,0,0,0,-609
31829,85,-195,-8947,0,0,0,-609
31830,86,-195,-8947,0,0,0,-609
31831,87,-195,-8947,0,0,0,-609
31832,88,-195,-8947,0,0,0,-609
31833,89,-195,-8947,0,0,0,-609
31834,90,-195,-8947,0,0,0,-609
31835,91,-195,-8947,0,0,0,-609
31836,92,-195,-8947,0,0,0,-609
31837,93,-195,-8947,0,0,0,-609
31838,94,-195,-8947,0,0,0,-609
31839,95,-195,-8947,0,0,0,-760
31840,96,-195,-8947,0,0,0,-809
31841,97,-195,-8947,0,0,0,-809
31842,98,-195,-8947,0,0,0,-809
31843,99,-195,-8947,0,0,0,-809
31844,100,-195,-8947,0,0,0,-809
31845,101,-195,-8947,0,0,0,-809
31846,102,-195,-8947,0,0,0,-809
31847,103,-195,-8947,0,0,0,-809
31848,104,-195,-8947,0,0,0,-809
31849,105,-195,-8947,0,0,0,-809
31850,106,-195,-8947,0,0,0,-809
31851,107,-195,-8947,0,0,0,-809
31852,108,-195,-8947,0,0,0,-809
31853,109,-195,-8947,0,0,0,-865
31854,110,-195,-8947,0,0,0,-891
31855,111,-195,-8947,0,0,0,-891
31856,112,-195,-8947,0,0,0,-891
31857,113,-195,-8947,0,0,0,-1339
31858,114,-195,-8947,0,0,0,-1310
31859,115,-195,-8947,0,0,0,-1400
31860,116,-195,-8947,0,0,0,-1400
31861,117,-195,-8947,0,0,0,-1400
31862,118,-195,-8947,0,0,0,-1400
31863,119,-195,-8947,0,0,0,-1400
31864,120,-195,-8947,0,0,0,-1400
31865,121,-195,-8947,0,0,0,-1400
31866,122,-195,-8947,0,0,0,-1400
31867,123,-195,-8947,0,0,0,-1400
31868,124,-195,-8947,0,0,0,-1400
31869,125,-195,-8947,0,0,0,-1400
31870,126,-195,-8947,0,0,0,-1400
31871,127,-195,-8947,0,0,0,-1400
31872,128,-195,-8947,0,0,0,-1400
31873,129,-195,-8947,0,0,0,-1400
31874,130,-195,-8947,0,0,0,-1362
31875,131,-195,-8947,0,0,0,-1345
31876,132,-195,-8947,0,0,0,-1345
31877,133,-195,-8947,0,0,0,-1345
31878,134,-195,-8947,0,0,0,-1345
31879,135,-195,-8947,0,0,0,-1345
31880,136,-195,-8947,0,0,0,-1345
31881,137,-195,-8947,0,0,0,-1345
31882,138,-195,-8947,0,0,0,-1345
31883,139,-195,-8947,0,0,0,-1306
31884,140,-195,-8947,0,0,0,-1306
31885,141,-195,-8947,0,0,0,-1306
31886,142,-195,-8947,0,0,0,-1306
31887,143,-195,-8947,0,0,0,-1300
31888,144,-195,-8947,0,0,0,-1207
31889,145,-195,-8947,0,0,0,-1207
31890,146,-195,-8947,0,0,0,-1200
31891,147,-195,-8947,0,0,0,-1200
31892,148,-195,-8947,0,0,0,-1200
31893,149,-195,-8947,0,0,0,-1200
31894,150,-195,-8947,0,0,0,-1200
31895,151,-195,-8947,0,0,0,-1200
31896,152,-195,-8947,0,0,0,-1200
31897,153,-195,-8947,0,0,0,-1200
31898,154,-195,-8947,0,0,0,-1200
31899,155,-195,-8947,0,0,0,-1200
31900,156,-195,-8947,0,0,0,-1200
31901,157,-195,-8947,0,0,0,-1200
31902,158,-195,-8947,0,0,0,-1200
31903,159,-195,-8947,0,0,0,-1400
31904,160,-195,-8947,0,0,0,-1400
31905,161,-195,-8947,0,0,0,-1400
31906,162,-195,-8947,0,0,0,-1400
31907,163,-195,-8947,0,0,0,-1400
31908,164,-195,-8947,0,0,0,-1400
31909,165,-195,-8947,0,0,0,-1400
31910,166,-195,-8947,0,0,0,-1400
31911,167,-195,-8947,0,0,0,-1400
31912,168,-195,-8947,0,0,0,-1400
31913,169,-195,-8947,0,0,0,-1400
31914,170,-195,-8947,0,0,0,-1400
31915,171,-195,-8947,0,0,0,-1400
31916,172,-195,-8947,0,0,0,-1400
31917,173,-195,-8947,0,0,0,-1400
31918,174,-195,-8947,0,0,0,-1400
31919,175,-195,-8947,0,0,0,-1400
31920,176,-195,-8947,0,0,0,-1400
31921,177,-195,-8947,0,0,0,-1400
31922,178,-195,-8947,0,0,0,-1400
31923,179,-195,-8947,0,0,0,-1220
31924,180,-195,-8947,0,0,0,-1220
31925,181,-195,-8947,0,0,0,-1220
31926,182,-195,-8947,0,0,0,-1220
31927,183,-195,-8947,0,0,0,-1220
31928,184,-195,-8947,0,0,0,-1220
31929,185,-195,-8947,0,0,0,-1220
31930,186,-195,-8947,0,0,0,-1220
31931,187,-195,-8947,0,0,0,-1220
31932,188,-195,-8947,0,0,0,-1220
31933,189,-195,-8947,0,0,0,-1220
31934,190,-195,-8947,0,0,0,-1220
31935,191,-195,-8947,0,0,0,-1220
31936,192,-195,-8947,0,0,0,-1220
31937,193,-195,-8947,0,0,0,-1220
31938,194,-195,-8947,0,0,0,-1220
31939,195,-195,-8947,0,0,0,-1220
31940,196,-195,-8947,0,0,0,-1220
31941,197,-195,-8947,0,0,0,-1220
31942,198,-195,-8947,0,0,0,-1220
31943,199,-195,-8947,0,0,0,-1220
31944,200,-195,-8947,0,0,0,-1220
31945,201,-195,-8947,0,0,0,-1220
31946,202,-195,-8947,0,0,0,-1220
31947,203,-195,-8947,0,0,0,-1220
31948,204,-195,-8947,0,0,0,-1220
31949,205,-195,-8947,0,0,0,-1220
31950,206,-195,-8947,0,0,0,-1220
31951,207,-195,-8947,0,0,0,-1220
31952,208,-195,-8947,0,0,0,-1220
31953,209,-195,-8947,0,0,0,-1220
31954,210,-195,-8947,0,0,0,-1220
31955,211,-195,-8947,0,0,0,-1220
31956,212,-195,-8947,0,0,0,-1220
31957,213,-195,-8947,0,0,0,-1220
31958,214,-195,-8947,0,0,0,-1220
31959,215,-195,-8947,0,0,0,-1220
31960,216,-195,-8947,0,0,0,-1220
31961,217,-195,-8947,0,0,0,-1220
31962,218,-195,-8947,0,0,0,-1220
31963,219,-195,-8947,0,0,0,-1220
31964,220,-195,-8947,0,0,0,-1114
31965,221,-195,-8947,0,0,0,-1114
31966,222,-195,-8947,0,0,0,-1114
31967,223,-195,-8947,0,0,0,-1114
31968,224,-195,-8947,0,0,0,-1114
31969,225,-195,-8947,0,0,0,-1114
31970,226,-195,-8947,0,0,0,-1114
31971,227,-195,-8947,0,0,0,-1114
31972,228,-195,-8947,0,0,0,-1114
31973,229,-195,-8947,0,0,0,-914
31974,230,-195,-8947,0,0,0,-914
31975,231,-195,-8947,0,0,0,-914
31976,232,-195,-8947,0,0,0,-914
31977,233,-195,-8947,0,0,0,-914
31978,234,-195,-8947,0,0,0,-914
31979,235,-195,-8947,0,0,0,-914
31980,236,-195,-8947,0,0,0,-914
31981,237,-195,-8947,0,0,0,-914
31982,238,-195,-8947,0,0,0,-914
31983,239,-195,-8947,0,0,0,-914
31984,240,-195,-8947,0,0,0,-914
31985,241,-195,-8947,0,0,0,-914
31986,242,-195,-8947,0,0,0,-914
31987,243,-195,-8947,0,0,0,-914
31988,244,-195,-8947,0,0,0,-914
31989,245,-195,-8947,0,0,0,-914
31990,246,-195,-8947,0,0,0,-914
31991,247,-195,-8947,0,0,0,-914
31992,248,-195,-8947,0,0,0,-914
31993,249,-195,-8947,0,0,0,-914
